"coin","observed_positive_days","first_positive_date","last_positive_date","mean_share","median_share","end_sample_share"
"USDT",2343,2020-01-01,2026-05-31,0.665770608471532,0.692603635995173,0.693698372385544
"USDC",2343,2020-01-01,2026-05-31,0.23439481511578,0.23832366122294,0.27957055819647
"BUSD",2236,2020-04-17,2026-05-31,0.0440500553535788,0.019890962373769,0.000136537162687661
"DAI",2343,2020-01-01,2026-05-31,0.0336392947150308,0.0352248258379273,0.0160658789417698
"TUSD",2343,2020-01-01,2026-05-31,0.0098319980697776,0.00824665577533295,0.0018191629186014
"USDP",2343,2020-01-01,2026-05-31,0.00781205281200723,0.0058796253706282,0.000117695071442602
"PAXG",1939,2020-08-01,2026-05-31,0.00370811849110184,0.00339305051429323,0.00777855917551353
"GUSD",2343,2020-01-01,2026-05-31,0.00135327036790957,0.000905293842882319,0.000147890596252828
"EURS",2343,2020-01-01,2026-05-31,0.00102734840312497,0.000864597663649458,0.00054459037485066
"sUSD",2342,2020-01-01,2026-05-31,0.000974841537834959,0.000381634147316764,0.0000838713521559994
"IDRT",2246,2020-04-04,2026-05-31,0.0000929205764011322,0.0000672341675596472,0.0000368838247117457
