"outcome","scheme","model","horizon_days","forecasts","first_origin","last_origin","oos_r_squared","rmse","mae"
"stable_downside","expanding","stable",10,2115,"2020-06-12","2026-03-27",0.00803300907185112,0.864080768941688,0.637068346685608
"stable_downside","expanding","crypto",10,2115,"2020-06-12","2026-03-27",0.0963636978457825,0.82471247520355,0.602223458099995
"stable_downside","expanding","joint",10,2115,"2020-06-12","2026-03-27",0.0846410410747342,0.830044636174281,0.61852502377789
"crypto_volatility","expanding","stable",10,2115,"2020-06-12","2026-03-27",0.0681269448996,0.461297753533593,0.360683044920567
"crypto_volatility","expanding","crypto",10,2115,"2020-06-12","2026-03-27",0.212501189804631,0.424060592301116,0.331364419588063
"crypto_volatility","expanding","joint",10,2115,"2020-06-12","2026-03-27",0.190312861173256,0.429993195360866,0.334587354241831
"stable_downside","rolling_63","stable",10,2115,"2020-06-12","2026-03-27",-0.0258989948208632,0.618380075724303,0.475262106473038
"stable_downside","rolling_63","crypto",10,2115,"2020-06-12","2026-03-27",-0.0227609881162534,0.617433604879376,0.473489870899194
"stable_downside","rolling_63","joint",10,2115,"2020-06-12","2026-03-27",-0.0176540539475281,0.615890165667434,0.473958736508895
"crypto_volatility","rolling_63","stable",10,2115,"2020-06-12","2026-03-27",-0.0805514733238217,0.463009730504092,0.35933603319791
"crypto_volatility","rolling_63","crypto",10,2115,"2020-06-12","2026-03-27",-0.105210139925513,0.468262973515343,0.370628409627808
"crypto_volatility","rolling_63","joint",10,2115,"2020-06-12","2026-03-27",-0.177107985003021,0.483254093083291,0.382095156693125
"stable_downside","expanding","stable",35,2065,"2020-07-07","2026-03-02",-0.000352153808260924,0.791920331936803,0.572772266373756
"stable_downside","expanding","crypto",35,2065,"2020-07-07","2026-03-02",0.0698318973638965,0.763634882947909,0.54854955644979
"stable_downside","expanding","joint",35,2065,"2020-07-07","2026-03-02",0.0452906091636769,0.773643061258552,0.558470110336875
"crypto_volatility","expanding","stable",35,2065,"2020-07-07","2026-03-02",-0.0422548038362134,0.361493836444851,0.281915322192016
"crypto_volatility","expanding","crypto",35,2065,"2020-07-07","2026-03-02",0.269057059789539,0.302730154151857,0.243779973185125
"crypto_volatility","expanding","joint",35,2065,"2020-07-07","2026-03-02",0.175027838543537,0.321612996863344,0.257072716582612
"stable_downside","rolling_63","stable",35,2065,"2020-07-07","2026-03-02",-0.0191489447963977,0.583266301012063,0.458620748525945
"stable_downside","rolling_63","crypto",35,2065,"2020-07-07","2026-03-02",-0.14601779978221,0.618505743919766,0.477044330301464
"stable_downside","rolling_63","joint",35,2065,"2020-07-07","2026-03-02",-0.105690365411953,0.607525929125703,0.475023178077497
"crypto_volatility","rolling_63","stable",35,2065,"2020-07-07","2026-03-02",-0.335388166040572,0.365323601706609,0.303064656822568
"crypto_volatility","rolling_63","crypto",35,2065,"2020-07-07","2026-03-02",-0.119714437086891,0.334524251752289,0.284931761976407
"crypto_volatility","rolling_63","joint",35,2065,"2020-07-07","2026-03-02",-0.337607350505254,0.36562702805946,0.305945912423825
"stable_downside","expanding","stable",90,1955,"2020-08-31","2026-01-06",0.0129304542847652,0.720077633596475,0.545967592637866
"stable_downside","expanding","crypto",90,1955,"2020-08-31","2026-01-06",0.0496692723143347,0.706549886585879,0.530609885608093
"stable_downside","expanding","joint",90,1955,"2020-08-31","2026-01-06",0.0267430523510891,0.715021665646563,0.540130746175669
"crypto_volatility","expanding","stable",90,1955,"2020-08-31","2026-01-06",0.0564703744062086,0.316040836852426,0.242414294186922
"crypto_volatility","expanding","crypto",90,1955,"2020-08-31","2026-01-06",0.294004022079805,0.273379878428767,0.207932427933467
"crypto_volatility","expanding","joint",90,1955,"2020-08-31","2026-01-06",0.247360963434741,0.282266151833239,0.225042538601489
"stable_downside","rolling_63","stable",90,1955,"2020-08-31","2026-01-06",-0.00238032764468854,0.56163088250315,0.447374006602339
"stable_downside","rolling_63","crypto",90,1955,"2020-08-31","2026-01-06",-0.310083598655244,0.642072719360788,0.493316694692271
"stable_downside","rolling_63","joint",90,1955,"2020-08-31","2026-01-06",-0.272458759254542,0.632785575631258,0.493184233501639
"crypto_volatility","rolling_63","stable",90,1955,"2020-08-31","2026-01-06",-0.122088171020666,0.269691166882636,0.222392474430217
"crypto_volatility","rolling_63","crypto",90,1955,"2020-08-31","2026-01-06",-0.417186015955005,0.303086546687547,0.254376983849868
"crypto_volatility","rolling_63","joint",90,1955,"2020-08-31","2026-01-06",-0.447073045322123,0.306265767888054,0.256583554768338
"stable_downside","expanding","stable",150,1835,"2020-10-30","2025-11-07",0.0509587358644031,0.665127978081033,0.508285147039095
"stable_downside","expanding","crypto",150,1835,"2020-10-30","2025-11-07",0.0945150233518017,0.649685678037204,0.49090696056374
"stable_downside","expanding","joint",150,1835,"2020-10-30","2025-11-07",0.0720649114934732,0.657690346150473,0.506476068273231
"crypto_volatility","expanding","stable",150,1835,"2020-10-30","2025-11-07",0.0385603882607201,0.323257625174119,0.243522407444131
"crypto_volatility","expanding","crypto",150,1835,"2020-10-30","2025-11-07",0.174055832149351,0.299614700343754,0.228811525411957
"crypto_volatility","expanding","joint",150,1835,"2020-10-30","2025-11-07",0.127480462849377,0.30794655681317,0.246298629346842
"stable_downside","rolling_63","stable",150,1835,"2020-10-30","2025-11-07",-0.04013260923068,0.508027832008287,0.406921232172523
"stable_downside","rolling_63","crypto",150,1835,"2020-10-30","2025-11-07",-0.0821238492913043,0.518181177765656,0.431177147388795
"stable_downside","rolling_63","joint",150,1835,"2020-10-30","2025-11-07",-0.101687595700184,0.522844301767726,0.432372415805622
"crypto_volatility","rolling_63","stable",150,1835,"2020-10-30","2025-11-07",0.030820330307205,0.270390454630921,0.225664168628133
"crypto_volatility","rolling_63","crypto",150,1835,"2020-10-30","2025-11-07",-0.268463228433844,0.309334350277973,0.262226957905968
"crypto_volatility","rolling_63","joint",150,1835,"2020-10-30","2025-11-07",-0.153708352851935,0.295010332288857,0.250925217560755
