"source","receiver","aligned_frequency_very_low","aligned_frequency_severe","severe_minus_very_low"
"DAI","USDC",0.673333333333333,0.364444444444444,-0.308888888888889
"USDP","GUSD",0.44,0.146666666666667,-0.293333333333333
"PAXG","DAI",0.117777777777778,0.393333333333333,0.275555555555556
"USDC","DAI",0.746666666666667,0.473333333333333,-0.273333333333333
"PAXG","IDRT",0.542222222222222,0.277777777777778,-0.264444444444444
"TUSD","DAI",0.524444444444444,0.264444444444444,-0.26
"IDRT","USDP",0.453333333333333,0.197777777777778,-0.255555555555556
"USDT","BUSD",0.186666666666667,0.422222222222222,0.235555555555556
"TUSD","GUSD",0.195555555555556,0.413333333333333,0.217777777777778
"BUSD","TUSD",0.597777777777778,0.402222222222222,-0.195555555555556
"EURS","DAI",0.44,0.248888888888889,-0.191111111111111
"IDRT","GUSD",0.335555555555556,0.524444444444444,0.188888888888889
"USDP","sUSD",0.435555555555556,0.251111111111111,-0.184444444444444
"BUSD","DAI",0.237777777777778,0.417777777777778,0.18
"DAI","PAXG",0.184444444444444,0.364444444444444,0.18
"EURS","PAXG",0.291111111111111,0.471111111111111,0.18
"USDC","sUSD",0.337777777777778,0.517777777777778,0.18
"USDT","EURS",0.226666666666667,0.402222222222222,0.175555555555556
"EURS","IDRT",0.328888888888889,0.502222222222222,0.173333333333333
"USDT","USDP",0.364444444444444,0.537777777777778,0.173333333333333
"USDC","PAXG",0.353333333333333,0.524444444444444,0.171111111111111
"DAI","TUSD",0.4,0.231111111111111,-0.168888888888889
"GUSD","USDP",0.542222222222222,0.373333333333333,-0.168888888888889
"GUSD","EURS",0.24,0.404444444444444,0.164444444444444
"USDC","BUSD",0.404444444444444,0.568888888888889,0.164444444444444
"USDC","IDRT",0.213333333333333,0.375555555555556,0.162222222222222
"TUSD","BUSD",0.611111111111111,0.451111111111111,-0.16
"GUSD","TUSD",0.444444444444444,0.597777777777778,0.153333333333333
"PAXG","BUSD",0.422222222222222,0.268888888888889,-0.153333333333333
"EURS","USDP",0.384444444444444,0.235555555555556,-0.148888888888889
"sUSD","GUSD",0.4,0.255555555555556,-0.144444444444444
"TUSD","IDRT",0.426666666666667,0.282222222222222,-0.144444444444444
"DAI","GUSD",0.411111111111111,0.266666666666667,-0.144444444444444
"USDP","EURS",0.317777777777778,0.177777777777778,-0.14
"TUSD","USDP",0.475555555555556,0.611111111111111,0.135555555555556
"sUSD","USDP",0.331111111111111,0.197777777777778,-0.133333333333333
"BUSD","USDC",0.673333333333333,0.54,-0.133333333333333
"TUSD","EURS",0.324444444444444,0.446666666666667,0.122222222222222
"EURS","BUSD",0.18,0.3,0.12
"USDT","DAI",0.746666666666667,0.626666666666667,-0.12
"sUSD","USDT",0.266666666666667,0.384444444444444,0.117777777777778
"sUSD","EURS",0.36,0.475555555555556,0.115555555555556
"USDT","TUSD",0.648888888888889,0.762222222222222,0.113333333333333
"IDRT","USDC",0.324444444444444,0.437777777777778,0.113333333333333
"EURS","USDC",0.337777777777778,0.448888888888889,0.111111111111111
"USDP","BUSD",0.557777777777778,0.451111111111111,-0.106666666666667
"IDRT","DAI",0.464444444444444,0.36,-0.104444444444444
"BUSD","EURS",0.415555555555556,0.315555555555556,-0.1
"EURS","USDT",0.275555555555556,0.375555555555556,0.1
"BUSD","USDT",0.331111111111111,0.428888888888889,0.0977777777777777
"TUSD","PAXG",0.357777777777778,0.262222222222222,-0.0955555555555555
"TUSD","USDT",0.682222222222222,0.586666666666667,-0.0955555555555555
"DAI","sUSD",0.348888888888889,0.255555555555556,-0.0933333333333334
"IDRT","TUSD",0.502222222222222,0.408888888888889,-0.0933333333333333
"sUSD","TUSD",0.182222222222222,0.275555555555556,0.0933333333333333
"USDT","IDRT",0.297777777777778,0.388888888888889,0.0911111111111111
"USDC","EURS",0.317777777777778,0.226666666666667,-0.0911111111111111
"BUSD","IDRT",0.322222222222222,0.233333333333333,-0.0888888888888889
"GUSD","sUSD",0.391111111111111,0.302222222222222,-0.0888888888888889
"BUSD","sUSD",0.426666666666667,0.34,-0.0866666666666667
"BUSD","GUSD",0.444444444444444,0.36,-0.0844444444444444
"GUSD","IDRT",0.435555555555556,0.351111111111111,-0.0844444444444444
"DAI","EURS",0.382222222222222,0.3,-0.0822222222222223
"USDT","GUSD",0.362222222222222,0.442222222222222,0.08
"BUSD","PAXG",0.382222222222222,0.304444444444444,-0.0777777777777778
"GUSD","BUSD",0.48,0.404444444444444,-0.0755555555555555
"EURS","sUSD",0.333333333333333,0.406666666666667,0.0733333333333334
"IDRT","BUSD",0.348888888888889,0.275555555555556,-0.0733333333333334
"PAXG","USDP",0.455555555555556,0.382222222222222,-0.0733333333333333
"BUSD","USDP",0.497777777777778,0.426666666666667,-0.0711111111111111
"IDRT","sUSD",0.435555555555556,0.366666666666667,-0.0688888888888889
"PAXG","TUSD",0.304444444444444,0.24,-0.0644444444444445
"USDP","PAXG",0.431111111111111,0.495555555555556,0.0644444444444445
"GUSD","USDC",0.491111111111111,0.426666666666667,-0.0644444444444444
"DAI","USDP",0.382222222222222,0.32,-0.0622222222222222
"USDP","DAI",0.444444444444444,0.382222222222222,-0.0622222222222222
"sUSD","IDRT",0.36,0.3,-0.06
"USDP","TUSD",0.571111111111111,0.628888888888889,0.0577777777777778
"DAI","BUSD",0.344444444444444,0.286666666666667,-0.0577777777777778
"GUSD","PAXG",0.433333333333333,0.491111111111111,0.0577777777777778
"PAXG","GUSD",0.384444444444444,0.44,0.0555555555555556
"sUSD","USDC",0.286666666666667,0.34,0.0533333333333333
"PAXG","sUSD",0.271111111111111,0.224444444444444,-0.0466666666666667
"USDT","PAXG",0.175555555555556,0.222222222222222,0.0466666666666667
"USDP","USDT",0.548888888888889,0.593333333333333,0.0444444444444445
"USDP","USDC",0.628888888888889,0.588888888888889,-0.04
"PAXG","USDT",0.297777777777778,0.257777777777778,-0.04
"EURS","GUSD",0.295555555555556,0.331111111111111,0.0355555555555556
"TUSD","sUSD",0.291111111111111,0.326666666666667,0.0355555555555556
"PAXG","EURS",0.297777777777778,0.331111111111111,0.0333333333333334
"TUSD","USDC",0.488888888888889,0.522222222222222,0.0333333333333334
"USDC","TUSD",0.435555555555556,0.466666666666667,0.0311111111111111
"EURS","TUSD",0.344444444444444,0.313333333333333,-0.0311111111111111
"USDC","GUSD",0.42,0.388888888888889,-0.0311111111111111
"sUSD","BUSD",0.391111111111111,0.362222222222222,-0.0288888888888889
"IDRT","EURS",0.5,0.528888888888889,0.0288888888888889
"USDT","USDC",0.517777777777778,0.544444444444444,0.0266666666666666
"GUSD","USDT",0.377777777777778,0.4,0.0222222222222223
"USDT","sUSD",0.455555555555556,0.477777777777778,0.0222222222222223
"GUSD","DAI",0.333333333333333,0.311111111111111,-0.0222222222222222
"sUSD","PAXG",0.326666666666667,0.304444444444444,-0.0222222222222222
"USDC","USDT",0.486666666666667,0.508888888888889,0.0222222222222221
"PAXG","USDC",0.253333333333333,0.233333333333333,-0.02
"USDP","IDRT",0.3,0.284444444444444,-0.0155555555555555
"DAI","IDRT",0.26,0.271111111111111,0.0111111111111111
"sUSD","DAI",0.251111111111111,0.242222222222222,-0.00888888888888889
"DAI","USDT",0.706666666666667,0.697777777777778,-0.00888888888888884
"IDRT","USDT",0.411111111111111,0.404444444444444,-0.00666666666666665
"IDRT","PAXG",0.486666666666667,0.482222222222222,-0.00444444444444447
"USDC","USDP",0.495555555555556,0.5,0.00444444444444442
