"coin_1","coin_2","coin_1_to_2","coin_2_to_1","aligned_asymmetry","absolute_asymmetry"
"IDRT","TUSD",0.4449378330373,0.285523978685613,0.159413854351687,0.159413854351687
"GUSD","TUSD",0.458259325044405,0.302397868561279,0.155861456483126,0.155861456483126
"sUSD","USDC",0.369005328596803,0.512433392539964,-0.143428063943162,0.143428063943162
"PAXG","USDC",0.252664298401421,0.393872113676732,-0.141207815275311,0.141207815275311
"GUSD","USDP",0.449822380106572,0.318827708703375,0.130994671403197,0.130994671403197
"EURS","IDRT",0.424511545293073,0.544404973357016,-0.119893428063943,0.119893428063943
"PAXG","USDT",0.298845470692718,0.182060390763766,0.116785079928952,0.116785079928952
"IDRT","sUSD",0.475133214920071,0.363676731793961,0.11145648312611,0.11145648312611
"IDRT","USDC",0.394760213143872,0.286856127886323,0.107904085257549,0.107904085257549
"BUSD","EURS",0.342362344582593,0.236234458259325,0.106127886323268,0.106127886323268
"sUSD","USDT",0.349911190053286,0.448490230905861,-0.0985790408525755,0.0985790408525755
"USDP","USDT",0.558614564831261,0.461811722912966,0.0968028419182949,0.0968028419182949
"DAI","IDRT",0.309946714031972,0.399644760213144,-0.0896980461811723,0.0896980461811723
"EURS","USDC",0.341474245115453,0.255772646536412,0.0857015985790409,0.0857015985790409
"TUSD","USDT",0.634103019538188,0.714476021314387,-0.080373001776199,0.080373001776199
"TUSD","USDP",0.578152753108348,0.655861456483126,-0.077708703374778,0.077708703374778
"BUSD","USDC",0.58392539964476,0.508436944937833,0.0754884547069271,0.0754884547069271
"USDC","USDP",0.532859680284192,0.603019538188277,-0.0701598579040853,0.0701598579040853
"BUSD","USDT",0.371669626998224,0.303285968028419,0.0683836589698046,0.0683836589698046
"DAI","GUSD",0.375666074600355,0.307726465364121,0.0679396092362344,0.0679396092362344
"DAI","USDC",0.580373001776199,0.646092362344583,-0.0657193605683837,0.0657193605683837
"IDRT","USDT",0.438277087033748,0.373001776198934,0.0652753108348135,0.0652753108348135
"USDC","USDT",0.464920071047957,0.530195381882771,-0.0652753108348135,0.0652753108348135
"sUSD","USDP",0.273534635879218,0.334813499111901,-0.0612788632326821,0.0612788632326821
"GUSD","sUSD",0.27708703374778,0.336589698046181,-0.0595026642984014,0.0595026642984014
"TUSD","USDC",0.521314387211368,0.462255772646536,0.0590586145648313,0.0590586145648313
"DAI","TUSD",0.357015985790409,0.412966252220249,-0.0559502664298401,0.0559502664298401
"DAI","USDP",0.375666074600355,0.426731793960924,-0.0510657193605684,0.0510657193605684
"EURS","sUSD",0.373889875666075,0.423623445825933,-0.0497335701598579,0.0497335701598579
"IDRT","PAXG",0.481349911190053,0.432504440497336,0.0488454706927176,0.0488454706927176
"GUSD","USDC",0.458703374777975,0.413854351687389,0.0448490230905861,0.0448490230905861
"DAI","EURS",0.303285968028419,0.346358792184725,-0.0430728241563055,0.0430728241563055
"PAXG","sUSD",0.234902309058615,0.27664298401421,-0.041740674955595,0.041740674955595
"EURS","GUSD",0.328152753108348,0.365452930728242,-0.0373001776198935,0.0373001776198935
"EURS","TUSD",0.346802841918295,0.381882770870337,-0.0350799289520426,0.0350799289520426
"BUSD","IDRT",0.307726465364121,0.341030195381883,-0.033303730017762,0.033303730017762
"sUSD","TUSD",0.245559502664298,0.27797513321492,-0.0324156305506217,0.0324156305506217
"BUSD","PAXG",0.412966252220249,0.381882770870337,0.0310834813499112,0.0310834813499112
"PAXG","USDP",0.371669626998224,0.401865008880995,-0.0301953818827709,0.0301953818827709
"BUSD","GUSD",0.415186500888099,0.44449378330373,-0.0293072824156306,0.0293072824156306
"GUSD","IDRT",0.430728241563055,0.458259325044405,-0.0275310834813499,0.0275310834813499
"GUSD","PAXG",0.434724689165187,0.408969804618117,0.0257548845470693,0.0257548845470693
"DAI","USDT",0.675399644760213,0.650088809946714,0.0253108348134992,0.0253108348134992
"PAXG","TUSD",0.257548845470693,0.282415630550622,-0.024866785079929,0.024866785079929
"GUSD","USDT",0.348134991119005,0.367229129662522,-0.0190941385435169,0.0190941385435169
"BUSD","sUSD",0.403641207815275,0.421847246891652,-0.0182060390763766,0.0182060390763766
"EURS","PAXG",0.366341030195382,0.350799289520426,0.0155417406749556,0.0155417406749556
"EURS","USDT",0.345470692717584,0.357904085257549,-0.0124333925399645,0.0124333925399645
"BUSD","USDP",0.448490230905861,0.460479573712256,-0.0119893428063944,0.0119893428063944
"BUSD","DAI",0.315275310834813,0.325488454706927,-0.0102131438721137,0.0102131438721137
"IDRT","USDP",0.319715808170515,0.309946714031972,0.00976909413854349,0.00976909413854349
"DAI","sUSD",0.265985790408526,0.259769094138544,0.00621669626998222,0.00621669626998222
"EURS","USDP",0.272202486678508,0.266873889875666,0.00532859680284192,0.00532859680284192
"DAI","PAXG",0.226021314387211,0.22335701598579,0.00266429840142096,0.00266429840142096
"BUSD","TUSD",0.525310834813499,0.524422735346359,0.000888099467140413,0.000888099467140413
