"coin_1","coin_2","coin_1_to_2","coin_2_to_1","directional_difference","hac90_se","ci_low","ci_high","z","p_value","p_holm_55","larger_direction","absolute_difference"
"TUSD","IDRT",0.285523978685613,0.444937833037301,-0.159413854351685,0.0585573532114633,-0.274186266646153,-0.0446414420572166,-2.72235416406214,0.0064818635288888,0.350020630559995,"IDRT->TUSD",0.159413854351685
"TUSD","GUSD",0.302397868561277,0.458259325044406,-0.155861456483119,0.0703994274427907,-0.293844334270989,-0.0178785786952496,-2.21395914916749,0.0268315892111887,1,"GUSD->TUSD",0.155861456483119
"USDC","sUSD",0.512433392539966,0.369005328596802,0.143428063943161,0.0508661378593495,0.0437304337388364,0.243125694147486,2.81971602286291,0.0048066165799146,0.264363911895303,"USDC->sUSD",0.143428063943161
"USDC","PAXG",0.393872113676731,0.252664298401422,0.141207815275312,0.0713964113457332,0.00127084903767458,0.281144781512949,1.97779990077541,0.0479512847023893,1,"USDC->PAXG",0.141207815275312
"USDP","GUSD",0.318827708703374,0.449822380106571,-0.130994671403198,0.0604215405937832,-0.249420890967013,-0.012568451839383,-2.16801276690181,0.0301577151809928,1,"GUSD->USDP",0.130994671403198
"EURS","IDRT",0.424511545293074,0.544404973357016,-0.119893428063941,0.0718420055211689,-0.260703758885433,0.0209169027575496,-1.66884856838544,0.0951473945535573,1,"IDRT->EURS",0.119893428063941
"USDT","PAXG",0.182060390763765,0.298845470692719,-0.116785079928955,0.0642150720541805,-0.242646621155149,0.00907646129723828,-1.81865528127758,0.0689640381971695,1,"PAXG->USDT",0.116785079928955
"sUSD","IDRT",0.363676731793962,0.475133214920067,-0.111456483126107,0.0771918382991153,-0.262752486192373,0.0398395199401589,-1.44388947824014,0.148770066790662,1,"IDRT->sUSD",0.111456483126107
"USDC","IDRT",0.286856127886323,0.394760213143874,-0.107904085257547,0.0509863328342462,-0.207837297612669,-0.00797087290242399,-2.11633352036392,0.0343164517682609,1,"IDRT->USDC",0.107904085257547
"BUSD","EURS",0.342362344582591,0.236234458259325,0.106127886323269,0.0679323845839142,-0.0270195874612026,0.239275360107741,1.56225763269319,0.11822730848413,1,"BUSD->EURS",0.106127886323269
"USDT","sUSD",0.448490230905862,0.349911190053284,0.0985790408525766,0.0549568564930906,-0.00913639787388099,0.206294479579034,1.79375326652772,0.0728525591744385,1,"USDT->sUSD",0.0985790408525766
"USDT","USDP",0.461811722912964,0.558614564831262,-0.0968028419182954,0.0466017831394419,-0.188142336871601,-0.0054633469649893,-2.07723471929479,0.0377799008784567,1,"USDP->USDT",0.0968028419182954
"DAI","IDRT",0.309946714031971,0.399644760213144,-0.0896980461811735,0.0508099523804885,-0.189285552846931,0.00988946048458395,-1.7653637127914,0.0775026579027304,1,"IDRT->DAI",0.0896980461811735
"USDC","EURS",0.255772646536412,0.341474245115454,-0.0857015985790399,0.0473924074330589,-0.178590717147835,0.00718751998975549,-1.80834026420988,0.0705535588736085,1,"EURS->USDC",0.0857015985790399
"USDT","TUSD",0.714476021314387,0.63410301953818,0.080373001776202,0.0683806377688575,-0.0536530482507587,0.214399051803163,1.17537660365031,0.239844079518505,1,"USDT->TUSD",0.080373001776202
"TUSD","USDP",0.578152753108348,0.655861456483126,-0.0777087033747773,0.0647179028017521,-0.204555792866211,0.0491383861166568,-1.20072962828878,0.229856097206009,1,"USDP->TUSD",0.0777087033747773
"USDC","BUSD",0.50843694493783,0.583925399644764,-0.0754884547069267,0.0491483560158135,-0.171819232497921,0.0208423230840678,-1.53593041204956,0.124555448348693,1,"BUSD->USDC",0.0754884547069267
"USDC","USDP",0.532859680284193,0.603019538188277,-0.0701598579040831,0.0685226365752587,-0.20446422559159,0.064144509783424,-1.02389314554507,0.305885748134908,1,"USDP->USDC",0.0701598579040831
"USDT","BUSD",0.303285968028419,0.371669626998223,-0.068383658969805,0.0741367248072875,-0.213691639592088,0.0769243216524785,-0.922399244740888,0.356320363580854,1,"BUSD->USDT",0.068383658969805
"GUSD","DAI",0.30772646536412,0.375666074600353,-0.0679396092362325,0.0552922486443109,-0.176312416579082,0.0404331981066169,-1.22873659332035,0.219170581475177,1,"DAI->GUSD",0.0679396092362325
"USDC","DAI",0.64609236234458,0.5803730017762,0.0657193605683856,0.0492540192030063,-0.0308185170695067,0.162257238206278,1.33429437093277,0.182107401688544,1,"USDC->DAI",0.0657193605683856
"USDT","IDRT",0.373001776198935,0.438277087033744,-0.0652753108348166,0.062370705448242,-0.187521893513371,0.0569712718437378,-1.04657002619579,0.295297932228693,1,"IDRT->USDT",0.0652753108348166
"USDT","USDC",0.53019538188277,0.464920071047958,0.0652753108348134,0.0444213141655593,-0.0217904649296828,0.15234108659931,1.46945924633231,0.141708267827959,1,"USDT->USDC",0.0652753108348134
"USDP","sUSD",0.3348134991119,0.27353463587922,0.0612788632326818,0.0459624826148273,-0.0288076026923796,0.151365329157743,1.33323658224052,0.182454177806702,1,"USDP->sUSD",0.0612788632326818
"GUSD","sUSD",0.277087033747779,0.33658969804618,-0.059502664298398,0.0732934949697527,-0.203157914439113,0.0841525858423173,-0.811841000663892,0.416882872207395,1,"sUSD->GUSD",0.059502664298398
"USDC","TUSD",0.46225577264654,0.521314387211373,-0.0590586145648303,0.0363440088869324,-0.130292871983218,0.0121756428535571,-1.62498899745936,0.104164903234646,1,"TUSD->USDC",0.0590586145648303
"TUSD","DAI",0.412966252220249,0.357015985790407,0.0559502664298384,0.0495051499959856,-0.0410798275622933,0.15298036042197,1.13019082730535,0.258395824037176,1,"TUSD->DAI",0.0559502664298384
"USDP","DAI",0.426731793960922,0.375666074600353,0.0510657193605707,0.0690624329091578,-0.0842966491413785,0.18642808786252,0.739413849317193,0.459655735126849,1,"USDP->DAI",0.0510657193605707
"sUSD","EURS",0.423623445825932,0.373889875666074,0.0497335701598571,0.0493544463788214,-0.0470011447426328,0.146468285062347,1.007681654012,0.313607315111275,1,"sUSD->EURS",0.0497335701598571
"IDRT","PAXG",0.481349911190054,0.432504440497337,0.0488454706927177,0.0533188859812431,-0.0556595458305187,0.153350487215954,0.916100736048779,0.35961406178799,1,"IDRT->PAXG",0.0488454706927177
"USDC","GUSD",0.413854351687388,0.458703374777978,-0.0448490230905856,0.054538686488941,-0.15174484860891,0.0620468024277389,-0.822334126064435,0.410886759372574,1,"GUSD->USDC",0.0448490230905856
"DAI","EURS",0.303285968028419,0.346358792184722,-0.0430728241563044,0.0553254261481029,-0.151510659406586,0.0653650110939772,-0.778535786439332,0.436253218035971,1,"EURS->DAI",0.0430728241563044
"sUSD","PAXG",0.276642984014209,0.234902309058616,0.0417406749555943,0.061325802324758,-0.0784578976009313,0.16193924751212,0.68063805728218,0.49610053974683,1,"sUSD->PAXG",0.0417406749555943
"GUSD","EURS",0.365452930728237,0.32815275310835,0.0373001776198928,0.0534912153831529,-0.067542604531087,0.142142959770873,0.697314079568297,0.485606258710967,1,"GUSD->EURS",0.0373001776198928
"TUSD","EURS",0.381882770870338,0.346802841918296,0.0350799289520419,0.0378692974731465,-0.0391438940953252,0.109303751999409,0.926342216327552,0.354268163191457,1,"TUSD->EURS",0.0350799289520419
"BUSD","IDRT",0.30772646536412,0.341030195381887,-0.0333037300177608,0.055539741489444,-0.142161623337071,0.0755541633015495,-0.599637829140608,0.548747630203358,1,"IDRT->BUSD",0.0333037300177608
"TUSD","sUSD",0.277975133214919,0.245559502664303,0.032415630550625,0.0670132666806266,-0.0989303721434031,0.163761633244653,0.483719599957904,0.62858488125518,1,"TUSD->sUSD",0.032415630550625
"BUSD","PAXG",0.412966252220249,0.381882770870338,0.0310834813499106,0.068945559704333,-0.104049815670582,0.166216778370403,0.450840945859449,0.652104188052683,1,"BUSD->PAXG",0.0310834813499106
"USDP","PAXG",0.401865008880994,0.371669626998222,0.0301953818827685,0.059387420766572,-0.0862039628197126,0.14659472658525,0.508447437066754,0.611139592468952,1,"USDP->PAXG",0.0301953818827685
"BUSD","GUSD",0.4151865008881,0.444493783303732,-0.0293072824156313,0.0585979069622146,-0.144159180061572,0.0855446152303094,-0.500142137065226,0.616974997943977,1,"GUSD->BUSD",0.0293072824156313
"GUSD","IDRT",0.430728241563053,0.458259325044405,-0.0275310834813478,0.0683037686043976,-0.161406469945967,0.106344302983272,-0.403068293944402,0.686897984493135,1,"IDRT->GUSD",0.0275310834813478
"GUSD","PAXG",0.434724689165184,0.408969804618114,0.0257548845470691,0.0647960250307852,-0.10124532451327,0.152755093607408,0.397476304060824,0.691016257046791,1,"GUSD->PAXG",0.0257548845470691
"USDT","DAI",0.650088809946713,0.675399644760216,-0.0253108348135012,0.0456035306880501,-0.114693754962079,0.0640720853350769,-0.555019193286578,0.578881532391911,1,"DAI->USDT",0.0253108348135012
"TUSD","PAXG",0.282415630550622,0.257548845470692,0.0248667850799293,0.0603075880499583,-0.093336087497989,0.143069657657848,0.412332608283553,0.680095651175786,1,"TUSD->PAXG",0.0248667850799293
"USDT","GUSD",0.367229129662524,0.348134991119005,0.0190941385435165,0.0557985178542221,-0.0902709564507589,0.128459233537792,0.342197952164274,0.732201926242872,1,"USDT->GUSD",0.0190941385435165
"BUSD","sUSD",0.403641207815277,0.42184724689165,-0.0182060390763776,0.0645336795065198,-0.144692050909156,0.108279972756401,-0.282116860770945,0.777853905096868,1,"sUSD->BUSD",0.0182060390763776
"EURS","PAXG",0.366341030195382,0.350799289520427,0.0155417406749556,0.0616102901936531,-0.105214428104604,0.136297909454516,0.252258845496506,0.800840996189844,1,"EURS->PAXG",0.0155417406749556
"USDT","EURS",0.35790408525755,0.345470692717585,0.0124333925399654,0.0601111631868713,-0.105384487306302,0.130251272386233,0.206839992453863,0.836134821997105,1,"USDT->EURS",0.0124333925399654
"BUSD","USDP",0.448490230905862,0.46047957371225,-0.0119893428063952,0.060912013379812,-0.131376889030827,0.107398203418036,-0.196830512425137,0.843960172710968,1,"USDP->BUSD",0.0119893428063952
"BUSD","DAI",0.315275310834815,0.325488454706927,-0.0102131438721163,0.0593707800492136,-0.126579872768575,0.106153585024342,-0.172023070332754,0.863419391851284,1,"DAI->BUSD",0.0102131438721163
"USDP","IDRT",0.309946714031972,0.319715808170516,-0.00976909413854269,0.0638137687707329,-0.134844080929179,0.115305892652094,-0.153087559734023,0.878329226132607,1,"IDRT->USDP",0.00976909413854269
"DAI","sUSD",0.265985790408525,0.259769094138543,0.00621669626998069,0.0638612117936694,-0.118951278845611,0.131384671385573,0.0973469825481288,0.922450846466519,1,"DAI->sUSD",0.00621669626998069
"USDP","EURS",0.266873889875664,0.272202486678507,-0.00532859680283754,0.0667020932291399,-0.136064699531952,0.125407505926277,-0.0798865004810621,0.936327526568203,1,"EURS->USDP",0.00532859680283754
"DAI","PAXG",0.226021314387211,0.22335701598579,0.00266429840141861,0.050127032407286,-0.095584685116862,0.100913281919699,0.0531509302160753,0.957611652325378,1,"DAI->PAXG",0.00266429840141861
"BUSD","TUSD",0.525310834813501,0.524422735346359,0.000888099467136474,0.0685220776236763,-0.133415172675269,0.135191371609542,0.0129607784517849,0.989659084492374,1,"BUSD->TUSD",0.000888099467136474
