"check","status","detail"
"stablecoin_pair_rows_complete","PASS","247720 pair-day coefficients"
"directed_pairs_complete","PASS","110 directed non-self pairs"
"days_complete","PASS","2020-04-01 to 2026-05-31"
"no_self_links","PASS","source is predictor; receiver is target equation"
"every_pair_has_every_day","PASS","2,252 observations for each directed pair"
"sign_partition_complete","PASS","active coefficients partition into positive aligned and negative inverse links"
"tolerance_1e10_equals_1e8","PASS","active counts: 1e-12=157223, 1e-10=157223, 1e-8=157223"
"source_target_orientation_explicit","PASS","beta[target, predictor] is exported as predictor -> target"
"figure_exports_complete","PASS","PDF backend: standard_pdf_Helvetica_fallback"
