"coin","mean_out","ci_low_out","ci_high_out","full_sample_rank_out","mean_in","ci_low_in","ci_high_in","full_sample_rank_in"
"USDC",0.137857191406163,0.118742984773876,0.159757670224031,1,0.102860503154615,0.0882306625955253,0.116990490499391,4
"TUSD",0.127149428252611,0.110499828173078,0.14392245509065,2,0.107189819133341,0.0962512959606474,0.119036309306259,3
"DAI",0.124419571989483,0.104551718345862,0.145464034627507,3,0.0875871210357891,0.073027962122073,0.103672237309774,9
"USDT",0.117267505174833,0.0971331334203721,0.140010873960919,4,0.114702585640905,0.0999823065807473,0.130315299199513,2
"USDP",0.108406318362247,0.0905909454233498,0.127000675483142,5,0.0956805294459185,0.0866601321279535,0.105698804183282,6
"IDRT",0.0885737211324667,0.0725834180554676,0.105189469130344,6,0.0943013850226084,0.0623071932147804,0.145303589467492,8
"sUSD",0.0880798778046799,0.0610971232923964,0.122188718589678,7,0.0988419974500053,0.075856516111622,0.12467677676757,5
"BUSD",0.0779656680337368,0.0590684395498135,0.0978537179456107,8,0.149644829826822,0.118277268498323,0.187295300073897,1
"PAXG",0.075757463239529,0.0614933112820712,0.0932535921703914,9,0.0623261990868819,0.0510695415918945,0.074952933389224,11
"GUSD",0.0679632382045764,0.0577747137769884,0.0786091129580613,10,0.0945023426516529,0.0821033853253671,0.108231014036712,7
"EURS",0.0670458565930505,0.0526318049914965,0.0843605216319593,11,0.0728485277448355,0.0597862038451255,0.0864070854316207,10
