"metric","specification","response","predictor","estimate_log_points","hac90_se","ci95_low_log_points","ci95_high_log_points","p_value","effect_pct","ci95_low_pct","ci95_high_pct","n","r_squared","adjusted_r_squared","first_date","last_date","p_holm_within_specification","p_holm_primary_pair"
"NHHI","Adjusted primary","log_dpi","L1_z_nhhi",-0.0153281763581153,0.0142718199821563,-0.0433004295169806,0.0126440768007501,0.282815091330114,-1.52112978032737,-4.23763515639935,1.27243511145603,2251,0.577797946163082,0.574964375331962,2020-04-02,2026-05-31,0.379738603506121,0.379738603506121
"NHHI","Crypto FRM control","log_dpi","L1_z_nhhi",-0.00470403541568053,0.0145509140649221,-0.0332233029250652,0.0238152320937042,0.746482370840183,-0.469298876914459,-3.26774704804668,2.41010793962844,2197,0.59214025704091,0.58914679103754,2020-04-02,2026-04-07,0.896099743919543,NA
"NHHI","30-day concentration lag","log_dpi","L30_z_nhhi",-0.0158290588115648,0.0133303692448947,-0.0419561024321787,0.0102979848090492,0.235052774631774,-1.57044376716957,-4.10881264524081,1.03511915384664,2222,0.574904236926284,0.572013739897224,2020-05-01,2026-05-31,0.470105549263549,NA
"NHHI","30-day changes","d30_log_dpi","L1_d30_z_nhhi",0.0220688402336879,0.0363580907944467,-0.0491917082700649,0.0933293887374407,0.543860419713302,2.23141583936981,-4.80013938024667,9.7823286345609,2221,0.449443592442178,0.445949580789499,2020-05-02,2026-05-31,0.543860419713302,NA
"NHHI","Complete 11-coin dates","log_dpi","L1_z_nhhi",-0.0159109333553339,0.0152504094609774,-0.0458011866483384,0.0139793199376706,0.296803871007907,-1.57850231228017,-4.4768143839702,1.4077487535999,1930,0.573733401125451,0.570617091786421,2020-08-02,2026-05-31,0.497654981850144,NA
"NHHI","FTX/SVB windows excluded","log_dpi","L1_z_nhhi",0.00522876694411052,0.0278227643304589,-0.0493028490939345,0.0597603829821555,0.85093054338523,0.524246080291713,-4.81071938324221,6.15821429195744,2009,0.583674995777665,0.580541591330432,2020-04-02,2026-05-31,1,NA
"NHHI","Additional on-chain controls","log_dpi","L1_z_nhhi",-0.0197265221752745,0.0165850610790321,-0.0522326445715745,0.0127796002210255,0.23427635952021,-1.95332274343398,-5.08919636761136,1.286160828299,1521,0.58261529492888,0.578175032108975,2022-04-02,2026-05-31,0.23427635952021,NA
"Top-2 market share","Adjusted primary","log_dpi","L1_z_top2",-0.0202653332524184,0.0154583227821729,-0.0505630891668723,0.0100324226620354,0.189869301753061,-2.00613714944573,-4.93060517088576,1.00829161302771,2251,0.577918532809291,0.575085771284521,2020-04-02,2026-05-31,0.379738603506121,0.379738603506121
"Top-2 market share","Crypto FRM control","log_dpi","L1_z_top2",-0.0114050398836741,0.0150329352540107,-0.0408690515634576,0.0180589717961094,0.448049871959772,-1.13402489645628,-4.00451736985956,1.82230210596972,2197,0.592263547711743,0.589270986594031,2020-04-02,2026-04-07,0.896099743919543,NA
"Top-2 market share","30-day concentration lag","log_dpi","L30_z_top2",-0.0103949810621958,0.0136035901251067,-0.0370575277678496,0.016267565643458,0.444786721359124,-1.03411399671031,-3.63793011933575,1.640060290791,2222,0.574611866730254,0.571719381689888,2020-05-01,2026-05-31,0.470105549263549,NA
"Top-2 market share","30-day changes","d30_log_dpi","L1_d30_z_top2",-0.0695817656861326,0.0350505435968986,-0.138279568774605,-0.000883962597660451,0.0471240439237046,-6.72161394460233,-12.9144806209214,-0.0883572017817857,2221,0.450495451234724,0.447008115023158,2020-05-02,2026-05-31,0.0942480878474091,NA
"Top-2 market share","Complete 11-coin dates","log_dpi","L1_z_top2",-0.0175566595718314,0.0152242710926986,-0.0473956826043949,0.0122823634607321,0.248827490925072,-1.74034394125809,-4.62900435175629,1.23581014496892,1930,0.573732500800905,0.570616184879868,2020-08-02,2026-05-31,0.497654981850144,NA
"Top-2 market share","FTX/SVB windows excluded","log_dpi","L1_z_top2",-0.0125466444815076,0.0312791101120906,-0.0738525737696678,0.0487592848066526,0.688332533693133,-1.24682634862474,-7.11913854990732,4.99675771696824,2009,0.583727317486651,0.580594306830504,2020-04-02,2026-05-31,1,NA
"Top-2 market share","Additional on-chain controls","log_dpi","L1_z_top2",-0.030098845084627,0.0174534019437979,-0.0643068843021722,0.00410919413291813,0.084612933104826,-2.96503854817409,-6.22828153137979,0.411764844730222,1521,0.583093375030118,0.578658198168736,2022-04-02,2026-05-31,0.169225866209652,NA
