"date","EW","GMV","LTEC","QTEC"
2020-09-26,-0.0000615194535623532,0.000438302898836437,-0.000463100790448504,-0.000360387431818518
2020-09-27,-0.000191933255691506,0.0000265808722997266,0.00105797784694553,-0.00185725564916311
2020-09-28,0.0017379487858423,-0.0000498706175166868,0.00142014604483213,0.000961171857795824
2020-09-29,0.000036384683043688,-0.000505145282357996,0.00135264438627043,0.0018320201524658
2020-09-30,0.00326616645784123,0.00128894080989213,0.00391579066264925,0.00378501671167608
2020-10-01,-0.000948341650496279,-0.000323603118324509,-0.00136122151736346,-0.00110628680825634
2020-10-02,-0.00324881192326724,0.000227776065671671,-0.0138300371930502,-0.0117641196916716
2020-10-03,0.0138418404529098,0.000736964172727065,0.0441751454311484,0.0418737120350241
2020-10-04,-0.010471483306988,-0.00109493875342944,-0.0285794052862925,-0.0287193385019145
2020-10-05,0.00116495892335246,0.000383825882817155,0.000469971377963922,0.000822215168776917
2020-10-06,0.00050693355856017,-0.000122203262028782,-0.00315457794283273,0.00278931034077525
2020-10-07,-0.00302238157924028,0.000345782813651456,-0.00653053098163068,-0.00367585431783741
2020-10-08,0.00228754489932945,-0.000410420717742895,0.0055628706062099,-0.00243843163186359
2020-10-09,0.000649062123280883,-0.000296634583722353,-0.00318051920874002,0.00144413927023444
2020-10-10,0.00295014457601407,0.000632913345222961,0.00503164181265229,0.000152101769384435
2020-10-11,-0.00344660830192534,-0.000950970272746973,-0.00766282513994354,-0.00447721098874903
2020-10-12,0.00408225113293728,0.000985025178970404,0.00639624820407645,0.00537540757686684
2020-10-13,0.000147279119823565,-0.000429970148569624,0.00622403461521661,0.000881019424172436
2020-10-14,-0.00289622569172836,0.000277265706892294,-0.00667614892113199,-0.00215077952615008
2020-10-15,0.0000886067183592563,0.00068388984106162,-0.00162482394271541,-0.0000318530897227471
2020-10-16,0.000547415451868093,-0.00112426315352319,0.00433394760314552,0.000129550818618973
2020-10-17,-0.00102240156285516,0.00041720095883434,0.000374868135184098,0.000529085865353691
2020-10-18,0.000614269237622729,0.0010223251111688,-0.00260077579021147,-0.000334428195196197
2020-10-19,0.00159328281251501,0.00069332746015361,0.00343992279233835,0.0011056842288558
2020-10-20,-0.00200386405362876,-0.00154443049197563,-0.00469876766694734,-0.0034200664978224
2020-10-21,0.00147721492634123,-0.00034376628403956,0.00480809026840384,0.0018618789757982
2020-10-22,-0.000622645463803094,-0.00597095415754494,0.00689314571774538,0.000766989421737294
2020-10-23,-0.00123239870441753,0.00368220211061444,-0.00301357684732998,-0.000910829103381567
2020-10-24,0.00252825327400394,0.0027901647627265,-0.00171680860295295,0.00130599970635928
2020-10-25,0.000432196027124837,-0.000183317297066283,0.000224088522695523,-0.000290759546634459
2020-10-26,-0.00398663349140129,-0.000939246738115376,-0.0100947428999046,-0.00492942597898709
2021-05-19,0.0222379519485631,-0.00439594389926543,-0.0112057127869294,0.00180077817999038
2021-05-20,-0.0169867500546932,-0.00499020274218802,-0.021888798499002,-0.0220847848602078
2021-05-21,0.0164821669700471,0.0109510722857616,0.0253950450375708,0.0225275718240927
2021-05-22,0.00438478214875717,-0.00273550320414345,0.0128737872218126,0.00592084347828162
2021-05-23,-0.00538943017076334,0.00078855422161874,-0.0151467338648896,-0.00970145306186076
2021-05-24,0.00548413965055838,0.00105250504953951,0.0144748296712868,0.00829842973481397
2021-05-25,-0.00288964550489174,-0.0000648544216374389,-0.00882862366440171,-0.00450809591528555
2021-05-26,0.00170295743788192,-0.000683354162012969,0.00295513110250346,-0.000434440066817456
2021-05-27,0.00333922629735874,-0.00185319211943634,0.0104736063862284,0.00516551785897196
2021-05-28,-0.00326027424263146,0.000720016290408876,-0.010208955211155,-0.0065126041289349
2021-05-29,0.00317245175171682,0.00283878037891916,0.0000639885853124129,0.00288779441227988
2021-05-30,-0.000773856195799925,-0.00350601698286731,0.00576695382883608,0.00652876058511839
2021-05-31,-0.00293043355747788,0.000408436019950067,-0.00781097523315466,-0.00877970870711441
2021-06-01,0.00566747957889826,0.00028395989288256,0.00704382527096186,0.00914650738195679
2021-06-02,-0.00109818192108266,0.00225722524247811,-0.0021246611092805,-0.00349548037412256
2021-06-03,-0.001741916741388,-0.00276643438494297,-0.000959388577407823,-0.00192650203130693
2021-06-04,0.00237426199483907,0.00253380202941451,0.00287712728039653,0.00176866470608925
2021-06-05,-0.00202293065167794,-0.00142500462833296,-0.00313668424755137,-0.00242981504721133
2021-06-06,0.000951039405886879,0.000830623659239044,-0.000336625519830139,0.00274280830952473
2021-06-07,0.0000485658097906708,0.00125184893488955,0.00109215604334012,-0.000768634077337824
2021-06-08,-0.00850132160313899,-0.00366494997327612,-0.00924862294461302,-0.0143154246768379
2021-06-09,0.00753050656636017,0.00319331085486098,0.00761619034983271,0.0132427518140707
2021-06-10,0.00211791945287083,-0.000178222411682594,0.00426940579821723,0.0011781944274643
2021-06-11,-0.00203704834658534,-0.000120634625218919,-0.00532274888868596,-0.0000961746381934659
2021-06-12,0.000869662407495126,-0.00126992948481403,0.00453260501543314,-0.000276231566504389
2021-06-13,-0.00108364020601854,0.00141806265599871,-0.000966522764636671,-0.00238806679998024
2021-06-14,0.00318342368004376,0.000442640518498524,0.00217630736726703,0.00467928857509835
2021-06-15,-0.000469733893408037,0.000336152013954453,0.00205080632354687,-0.000688125260917907
2021-06-16,-0.0000176803712903557,0.000458677004002745,-0.000901084964373414,0.00196572881573824
2021-06-17,-0.0111659134763039,-0.00366959537766952,-0.00670136497497911,-0.0224808839101057
2021-06-18,0.00487021439840693,0.0051103553415484,0.00197629549769636,0.00732328824866507
2022-05-09,0.000270541169454877,0.00140676347204731,-0.00142490223581687,-0.00093722778219206
2022-05-10,-0.00502161047568827,-0.00145664513467355,-0.00711451811864454,-0.00663162517378363
2022-05-11,0.00218674497194472,0.000970678257141183,-0.00112793205903667,0.00459015501751893
2022-05-12,-0.000814673160671394,-0.00256016358422818,0.00169648909689426,-0.000953522665452618
2022-05-13,0.00334339709905206,0.00324538333359584,-0.0014093096867443,0.00717885549543991
2022-05-14,-0.00554393552136612,0.000239879826845587,-0.00385100411446788,-0.0104328731337704
2022-05-15,0.00378360002918369,0.00276549758422592,0.00248147093746884,0.00443345971167652
2022-05-16,-0.00272013169646176,-0.00249190718780715,-0.00213491652120943,-0.00322818053542742
2022-05-17,0.000509957408100791,-0.0000228029448423544,-0.00172162129510089,0.000810987836229588
2022-05-18,0.00194104860775698,-0.000227878403424235,0.00473363818416419,0.00314079952979619
2022-05-19,-0.0021109017771838,-0.000549553036835328,-0.00326631667391973,-0.00337964925146021
2022-05-20,0.00328050157790043,0.0012796504587047,-0.00215385209211135,0.00547125348739869
2022-05-21,0.000235955790840917,-0.000778934661043464,0.0034169600845039,0.00217863546618535
2022-05-22,0.000292762311519298,0.000267784572837695,0.000915480770503553,0.000795540613732596
2022-05-23,-0.000508371476731934,-0.000850784727354237,-0.000568384439667064,-0.000274358960254013
2022-05-24,0.00134114392633952,0.000220645679117898,0.000336794418234632,0.00237555806838599
2022-05-25,0.000626018622601624,-0.000415973499258689,-0.000591106021939503,0.00253935821474211
2022-05-26,-0.000606411017057457,-0.000587702024933595,0.00112405612788506,-0.00180095357628102
2022-05-27,0.00042075845393516,0.00129727571493671,0.000484237471735458,-0.0000200580652649623
2022-05-28,0.000653473362029368,-0.000263005314765867,-0.00137161464872856,0.000367235983301153
2022-05-29,0.000374759562735552,0.00100294683357303,0.000549862980713736,0.000525756412536235
2022-05-30,-0.000646629498604219,-0.000408837796037782,-0.000253779273084875,-0.000756626591025356
2022-05-31,-0.000129055951446037,-0.0015634115063979,-0.00152985116049118,0.000760973805937738
2022-06-01,-0.00183216173334302,-0.000457217521718025,-0.000580567445062058,-0.00311279415396135
2022-06-02,0.0000993031746323768,0.000339032254315035,0.00100838961957411,0.000237568807201362
2022-06-03,0.0020750494843734,-0.000453175011222755,-0.000717658409000475,0.00373239894995734
2022-06-04,0.0010865426968608,0.00141812701759819,0.00252784200266687,0.000934284994206749
2022-06-05,0.00111074070233224,0.000781570228477896,0.000791600427928402,0.00131167590454911
2022-06-06,-0.00127425856335218,-0.00118826783211747,-0.00118426255618124,-0.00130097993674566
2022-06-07,-0.00121644349765075,0.000161964978431611,-0.000545652247571482,-0.002611339851961
2022-06-08,0.00108935178422818,0.000829959892243619,-0.000738898061646075,0.0018573488568594
2022-11-08,0.00433299918055216,0.0015366245679878,0.00123427600347492,0.00443505713529836
2022-11-09,-0.00292943262302253,-0.00160957613221754,-0.00511702145136127,-0.000448536649010124
2022-11-10,-0.00285012859195957,-0.00357622382550486,0.00153011299619791,0.00123750071260665
2022-11-11,0.00964842106627307,0.0067425628561633,0.00564096590564363,0.00955528553961455
2022-11-12,0.00338040034043249,0.00310613158082479,0.00523918181764496,0.000766839492875334
2022-11-13,-0.00415894732874179,-0.00349537368442495,-0.00432681870850628,-0.000330435819095688
2022-11-14,0.000954265198641514,0.000172917928721309,0.00423340544420247,0.00385570396183198
2022-11-15,0.00450449391632188,0.00330427964943036,0.00466197185101578,0.00813843977844982
2022-11-16,-0.00106938099393618,-0.00233954509059365,0.00246014649199506,-0.00410265267780087
2022-11-17,-0.00263870977254107,-0.00201471327070828,0.00110326324608393,-0.00647245435189359
2022-11-18,-0.000706123391468027,0.000776166895272291,-0.00204556875931195,0.000683696212446214
2022-11-19,-0.000711329022867883,-0.000333232677758306,-0.000828351813663441,-0.00111110432976198
2022-11-20,-0.00127959258147848,-0.00165560536022443,0.000251012140835386,-0.00399585365669185
2022-11-21,-0.000869232357973655,-0.000264486790692462,0.000839829530954176,-0.00252050583620443
2022-11-22,0.00118961742720202,0.000869724209850239,0.0069460619529855,0.00652489019362381
2022-11-23,0.000212049449332192,-0.00125893860316849,0.00394864788974704,0.00272622570672454
2022-11-24,0.0010418069047729,0.000741999115114084,-0.00196782855849475,-0.000828369871423111
2022-11-25,0.000918166400421966,0.00147680108542308,0.00430504920963078,0.00454706751815539
2022-11-26,0.000224689098790425,-0.00061121737243585,0.000273343332373979,0.000859646766166516
2022-11-27,-0.00163183737527668,-0.00128915707168128,-0.0018236567953189,-0.00224848746551795
2022-11-28,-0.000365233242271194,0.000398178597755688,-0.0056084696958198,-0.00518922775795913
2022-11-29,0.000951871860937955,0.000393468827858931,0.00636418812506857,0.00576651030768221
2022-11-30,-0.00175164801950289,-0.000896794881858794,-0.00577104459970494,-0.00556749289481938
2022-12-01,0.00242924202754483,0.00167859152838604,-0.00123800739223707,-0.000305115477264176
2022-12-02,0.00170490265348629,-0.00101540158476498,0.00497824330058333,0.00740071147996927
2022-12-03,0.00145010813623712,0.00102676901139041,0.00203499849421131,0.000841184604875581
2022-12-04,0.000476228761427551,0.000727241655724811,0.000377757365136303,0.00109938573024614
2022-12-05,-0.000958110130388613,-0.00102354891958762,-0.00227728880365545,-0.00216058172162213
2022-12-06,-0.000650367948295276,-0.000355204991501042,0.00210917710620171,0.00168756934136883
2022-12-07,-0.000851609605790338,-0.0000350456682051362,0.00125673811286976,-0.000287422731644786
2022-12-08,0.00222094460900618,0.000826235765326538,0.0030929657253367,0.00430535366281904
2023-03-11,-0.000170959285574653,-0.00381532393173558,0.00501620449246202,-0.000181945913434569
2023-03-12,-0.0054887495196745,-0.0134962256438839,0.00424226530902089,-0.00259883911891469
2023-03-13,0.0118746052336918,0.0169506672067107,0.0117645068091221,0.0103375474845502
2023-03-14,0.0022192489402878,-0.00295118693035607,0.00159765240760938,0.00278203091942432
2023-03-15,-0.00101613285276008,-0.0000350672352185961,-0.00214979934549172,-0.00170563850298244
2023-03-16,0.00189402090096474,0.00108811378556309,-0.000749731361140644,0.0000336271545926808
2023-03-17,-0.00180662817463401,0.00185415785683707,0.0027590128270171,0.0000672494373915442
2023-03-18,0.00257459598220652,-0.00327500475801113,-0.00176653170515518,0.00238518812424594
2023-03-19,0.00189890984821071,0.00134311229723864,0.00109086328250095,0.00044047615488262
2023-03-20,-0.00219692514464339,-0.00205944311595431,-0.00406281426658782,-0.0032825332837384
2023-03-21,0.00663246002586949,0.00669038843707715,0.00688205660884704,0.00723016117725021
2023-03-22,-0.00306536849630897,-0.00263713834592978,-0.00105066198814459,-0.00161137708239817
2023-03-23,0.00147810960829063,0.000330180901995973,-0.000212567413870625,0.000455244617531724
2023-03-24,0.00132976190761678,-0.000186604185439914,0.00322260111097846,0.00495811176402316
2023-03-25,-0.00280781099348357,-0.000842095343489067,-0.00200658421534208,-0.00433411193932169
2023-03-26,0.00455556190919815,0.00291244154143695,0.00215314956481726,0.00371336940846486
2023-03-27,-0.00740053331669351,-0.00729626426207757,-0.00712532736580353,-0.00747870393608031
2023-03-28,0.000890591505045234,0.00179728904176533,0.00183978621559349,0.00132639134027052
2023-03-29,0.00160110769568504,-0.000064315064448448,0.0042521471036776,0.00360489642860323
2023-03-30,-0.00191925467766961,-0.00115533946798032,-0.00292438051010936,-0.00264198280143487
2023-03-31,0.0020552465814333,0.000874422374259061,0.00551807750398006,0.00403728862721049
2023-04-01,-0.000418728173428834,0.0000811767592003085,-0.000164364763012823,0.000592806953031334
2023-04-02,0.000244748395794005,0.000210709413955464,0.000995973644279822,0.000629046577725577
2023-04-03,0.000103280231888188,0.000689749055244495,-0.00127171783797867,-0.000423160358170192
2023-04-04,-0.000333862998219924,-0.001064745695651,0.00241478598375277,0.000904986842468059
2023-04-05,0.00451591415736999,0.00283494597479686,0.00880799896277111,0.00518862977077314
2023-04-06,-0.0023299308729757,-0.00235037252122584,-0.00118810252652319,-0.00256024454218733
2023-04-07,-0.000347984849177471,0.0000925061842258835,-0.00250156222152013,-0.000806430952376049
2023-04-08,0.0000777294381419356,0.0000465704241221934,0.00122972824470009,0.000514575330288018
2023-04-09,-0.0000682777276420283,0.000333719071486731,-0.00047011379229769,-0.000280906779509707
2023-04-10,0.000907804495253207,0.0000216839762202546,0.00177300049428064,0.00171568891100474
2026-02-28,0.000805446998269745,0.00007885583468543,0.00758347205212246,0.0026709355008082
2026-03-01,0.00110669921031349,-0.000000616712199619472,-0.0058079328461137,0.0000140210960313576
2026-03-02,0.00183698881690931,-0.0000743766725239849,-0.000468146674967295,-0.00190466659450209
2026-03-03,-0.00516548887879882,0.000331873262234917,0.00674919393610617,0.00659694036484328
2026-03-04,-0.00139817288050042,-0.00022527554997176,-0.00274098648033839,-0.00474249034814738
2026-03-05,-0.000358135694931405,0.000215640695455431,0.00424358814125119,0.00270260705327473
2026-03-06,0.000824432596859734,-0.000139824054761387,-0.00227802891953759,-0.00095444910138018
2026-03-07,-0.00431913714783262,-0.0000306873418538731,-0.00544529050235328,-0.00759489281397361
2026-03-08,0.00160763019635625,-0.0000698945444059575,0.00169200105702415,0.00543426429169384
2026-03-09,-0.00117560761444423,0.0000787740180822264,-0.00156682382325953,-0.00167309683866084
2026-03-10,0.00386538436468675,-0.0000248319513542627,0.00648713314309591,0.000651863131370749
2026-03-11,-0.00757638391373644,0.0000215207590631854,-0.00728488290195864,-0.00266207427917745
2026-03-12,-0.000319497169507272,-0.000039669469501428,0.0015450168159227,-0.0000879652037441717
2026-03-13,0.00680647321670794,-0.0000421821127049214,-0.0000878816452830486,0.00466966384543855
2026-03-14,-0.00334993500532691,0.000035254329160804,-0.0024145344228759,0.000718405133139498
2026-03-15,0.00129350888877877,0.000047622293595957,-0.000190928608143089,0.00188292597885807
2026-03-16,0.00114041393271541,-0.0000190286766408596,-0.00186273986349138,0.00243255862998142
2026-03-17,-0.00525193093944746,-0.0000587264478514376,-0.00301018373241602,-0.0033278712793095
2026-03-18,-0.0048399615815304,0.000017373749391672,-0.000444696984763713,-0.00296950339267295
2026-03-19,-0.00519848427147571,-0.000178240381876869,-0.0000354819370939534,-0.00277597683314541
2026-03-20,0.00134951307420369,0.00000466601361025148,-0.00114233874207893,-0.0028672276744515
2026-03-21,-0.00120269003777336,-0.000108384028619746,0.000663827172458174,0.000648917206199461
2026-03-22,-0.00576127476276844,0.0000897111246341172,-0.000674757546263023,-0.00129301178073219
2026-03-23,-0.00353315277484741,0.0000206914096718933,0.00108783328998599,0.000118598705528707
2026-03-24,0.000105057911733148,0.0000194646399530386,-0.00275285698353716,-0.00196667904387524
2026-03-25,0.00137572852037552,-0.000199065629433831,-0.000221942510746691,0.00230034547112114
2026-03-26,0.00419199918285875,0.000059028411462735,0.00655580097891247,0.00119847018401707
2026-03-27,-0.00247420329142836,-0.000162907273042429,-0.00398230374489344,0.00174425851942975
2026-03-28,-0.00107399199453237,0.0000485361746544543,0.00259176801151397,-0.00511048515971599
2026-03-29,0.00233853442252701,-0.00022612976827809,0.0019196252656547,0.00368224353350717
2026-03-30,0.00123768371454148,0.0000859881971881181,0.00170913427088259,0.000448325966131115
