"coin","metric","positive_weighted","positive_binary","unscaled_positive_weighted","absolute_weighted"
"USDT","out_strength",0.117267505174833,0.438854351687386,0.255248578187992,0.164966193479719
"USDC","out_strength",0.137857191406163,0.447735346358789,0.123658807349699,0.186806123268081
"BUSD","out_strength",0.0779656680337368,0.412655417406751,0.102803740836236,0.11517570076613
"TUSD","out_strength",0.127149428252611,0.420115452930725,0.188863830254715,0.182850474503735
"USDP","out_strength",0.108406318362247,0.433703374777972,0.159453523683958,0.157920016306617
"GUSD","out_strength",0.0679632382045764,0.397513321492004,0.144360448283226,0.101588337454636
"DAI","out_strength",0.124419571989483,0.379484902309058,0.174673697275114,0.18353325499855
"sUSD","out_strength",0.0880798778046799,0.332015985790407,0.0698372426882862,0.154214157962058
"EURS","out_strength",0.0670458565930505,0.338143872113676,0.0695991762820052,0.116426528590924
"IDRT","out_strength",0.0885737211324667,0.429751332149198,0.0919317255726939,0.144083834665525
"PAXG","out_strength",0.075757463239529,0.321314387211366,0.0666647562091595,0.134926795306544
"USDT","in_strength",0.114702585640905,0.448534635879215,0.0372228911518496,0.144644265369644
"USDC","in_strength",0.102860503154615,0.46354351687389,0.0388118696305347,0.135415188458386
"BUSD","in_strength",0.149644829826822,0.394760213143869,0.152289380431691,0.239120931103064
"TUSD","in_strength",0.107189819133341,0.446802841918291,0.0742330171330039,0.143505938720439
"USDP","in_strength",0.0956805294459185,0.408392539964473,0.0477395572715252,0.128218811701121
"GUSD","in_strength",0.0945023426516529,0.372513321492004,0.0815764718809105,0.16505731695558
"DAI","in_strength",0.0875871210357891,0.398801065719357,0.0462175089192887,0.128936840288575
"sUSD","in_strength",0.0988419974500053,0.360435168738897,0.440926851452855,0.182824192775081
"EURS","in_strength",0.0728485277448355,0.359236234458257,0.173412858183393,0.132182154688081
"IDRT","in_strength",0.0943013850226084,0.352442273534634,0.18291424807432,0.133685607027996
"PAXG","in_strength",0.0623261990868819,0.345825932504437,0.171750872493714,0.10890017021455
"USDT","inward_eigenvector",0.107696042934436,0.102573294729246,0.0329867759795961,0.0905959286398164
"USDC","inward_eigenvector",0.105599543406485,0.106060798534396,0.036062422538177,0.0881466040724123
"BUSD","inward_eigenvector",0.126549312896578,0.0912902627732668,0.0959438677976399,0.132718633749658
"TUSD","inward_eigenvector",0.105663695438934,0.103610535827094,0.061948075019965,0.0898749991397068
"USDP","inward_eigenvector",0.0915246806180119,0.0929207358292123,0.0421923310853677,0.0810124392632843
"GUSD","inward_eigenvector",0.092532875738359,0.0847504015904751,0.0722420189319935,0.100197699250772
"DAI","inward_eigenvector",0.0900100858172404,0.092291282843423,0.0394701794466561,0.0839227492396923
"sUSD","inward_eigenvector",0.0894209730769455,0.0840912935277848,0.211488613223805,0.1023149242767
"EURS","inward_eigenvector",0.0669399894092391,0.0827075645144458,0.142015227960828,0.0836989941059824
"IDRT","inward_eigenvector",0.0725638611931291,0.0801330183992493,0.128462893313903,0.078752049405407
"PAXG","inward_eigenvector",0.051498939470641,0.0795708114314071,0.137187594702069,0.0687649788565697
"USDT","outward_harmonic_closeness",0.191754642076836,0.699393184893852,0.313426855732556,0.235873069767502
"USDC","outward_harmonic_closeness",0.21336070522838,0.701843546477205,0.187679276995694,0.260036903918131
"BUSD","outward_harmonic_closeness",0.138917422715125,0.671463143872111,0.155159876131176,0.172494293875978
"TUSD","outward_harmonic_closeness",0.213615694310537,0.689671403197158,0.264174448053583,0.260602384918808
"USDP","outward_harmonic_closeness",0.181024775224033,0.692187367842345,0.227466584013812,0.225641472599306
"GUSD","outward_harmonic_closeness",0.127902761558859,0.672494819419779,0.19662375644344,0.159193077187658
"DAI","outward_harmonic_closeness",0.20145234703652,0.660294235811553,0.234659812733558,0.257409837194156
"sUSD","outward_harmonic_closeness",0.153554322734674,0.621252748879305,0.105726474946915,0.218928370186731
"EURS","outward_harmonic_closeness",0.133814020942923,0.630936469170263,0.101942696219552,0.184775214225499
"IDRT","outward_harmonic_closeness",0.151781248319261,0.690557070963378,0.125487383588189,0.207210288332809
"PAXG","outward_harmonic_closeness",0.144861687459451,0.617353357861795,0.100796203133426,0.205010098223867
