"coin","metric","mean","ci_low","ci_high","full_sample_rank","bootstrap_top_rank_probability","first_half_mean","second_half_mean","clean_window_mean"
"USDT","out_strength",0.117267505174833,0.0971331334203721,0.140010873960919,4,0.096048024012006,0.0924756621121161,0.14205934823755,0.10536382384135
"USDC","out_strength",0.137857191406163,0.118742984773876,0.159757670224031,1,0.640820410205102,0.152495236381396,0.123219146430929,0.138371428371894
"BUSD","out_strength",0.0779656680337368,0.0590684395498135,0.0978537179456107,8,0,0.102232186438443,0.0536991496290301,0.0759000528985741
"TUSD","out_strength",0.127149428252611,0.110499828173078,0.14392245509065,2,0.15207603801901,0.145281356122146,0.109017500383076,0.127720317116329
"USDP","out_strength",0.108406318362247,0.0905909454233498,0.127000675483142,5,0.00300150075037519,0.10935132689543,0.107461309829063,0.105035730892937
"GUSD","out_strength",0.0679632382045764,0.0577747137769884,0.0786091129580613,10,0,0.0712466573791568,0.064679819029996,0.0690027327717018
"DAI","out_strength",0.124419571989483,0.104551718345862,0.145464034627507,3,0.102551275637819,0.145618070251593,0.103221073727374,0.12637225444897
"sUSD","out_strength",0.0880798778046799,0.0610971232923964,0.122188718589678,7,0.00550275137568784,0.0555823520734785,0.120577403535881,0.0702570867784314
"EURS","out_strength",0.0670458565930505,0.0526318049914965,0.0843605216319593,11,0,0.0560424076082089,0.0780493055778919,0.063439151300132
"IDRT","out_strength",0.0885737211324667,0.0725834180554676,0.105189469130344,6,0,0.09154836186621,0.0855990803987231,0.0917724886865934
"PAXG","out_strength",0.075757463239529,0.0614933112820712,0.0932535921703914,9,0,0.0632488139924168,0.0882661124866412,0.0759333862053945
"USDT","in_strength",0.114702585640905,0.0999823065807473,0.130315299199513,2,0.0360180090045022,0.131230168170604,0.0981750031112066,0.117348843301298
"USDC","in_strength",0.102860503154615,0.0882306625955253,0.116990490499391,4,0.000500250125062531,0.108822537145416,0.0968984691638144,0.113393198401656
"BUSD","in_strength",0.149644829826822,0.118277268498323,0.187295300073897,1,0.934967483741871,0.113045752439937,0.186243907213706,0.145428562676798
"TUSD","in_strength",0.107189819133341,0.0962512959606474,0.119036309306259,3,0.00200100050025012,0.118913994508097,0.0954656437585849,0.110749452389592
"USDP","in_strength",0.0956805294459185,0.0866601321279535,0.105698804183282,6,0,0.0943991386838459,0.0969619202079911,0.0901952004358516
"GUSD","in_strength",0.0945023426516529,0.0821033853253671,0.108231014036712,7,0,0.117488688291509,0.0715159970117974,0.0962021664695396
"DAI","in_strength",0.0875871210357891,0.073027962122073,0.103672237309774,9,0,0.0747948803918874,0.100379361679691,0.0823779843862043
"sUSD","in_strength",0.0988419974500053,0.075856516111622,0.12467677676757,5,0.00850425212606303,0.105804799268945,0.0918791956310657,0.0880293569995425
"EURS","in_strength",0.0728485277448355,0.0597862038451255,0.0864070854316207,10,0,0.0783599276013448,0.0673371278883265,0.0712588436662394
"IDRT","in_strength",0.0943013850226084,0.0623071932147804,0.145303589467492,8,0.0180090045022511,0.0732179084731552,0.115384861572062,0.0732043778735244
"PAXG","in_strength",0.0623261990868819,0.0510695415918945,0.074952933389224,11,0,0.069044636145854,0.0556077620279098,0.0609804667120608
"USDT","inward_eigenvector",0.107696042934436,0.0944274884719962,0.121716307796561,2,0.0925462731365683,0.114200641203436,0.101191444665437,0.10918303107827
"USDC","inward_eigenvector",0.105599543406485,0.0908733524685509,0.119732321462376,4,0.0340170085042521,0.112195892558696,0.0990031942542731,0.116225560854704
"BUSD","inward_eigenvector",0.126549312896578,0.107133158271804,0.14762272814593,1,0.859429714857429,0.109464641526392,0.143633984266765,0.129148201629907
"TUSD","inward_eigenvector",0.105663695438934,0.0939444220637627,0.117324296737666,3,0.0115057528764382,0.114219183367075,0.0971082075107939,0.109502517971605
"USDP","inward_eigenvector",0.0915246806180119,0.0841770836801692,0.0991933719230114,6,0,0.0975720484856358,0.0854773127503884,0.0922015990034027
"GUSD","inward_eigenvector",0.092532875738359,0.0824153494719299,0.103872888740685,5,0.000500250125062531,0.10296028431904,0.0821054671576779,0.0938310717232982
"DAI","inward_eigenvector",0.0900100858172404,0.0764101021221094,0.105051066990713,7,0.00100050025012506,0.0782867057923039,0.101733465842177,0.0866574772839998
"sUSD","inward_eigenvector",0.0894209730769455,0.0741020288995522,0.106680948890739,8,0.000500250125062531,0.0867597109285093,0.0920822352253817,0.0817589809558476
"EURS","inward_eigenvector",0.0669399894092391,0.0546585742086986,0.0801856197134347,10,0,0.0683710443091475,0.0655089345093306,0.0655588382535449
"IDRT","inward_eigenvector",0.0725638611931291,0.055708173284135,0.0963375564359645,9,0.000500250125062531,0.061690533706563,0.0834371886796951,0.0642823758101839
"PAXG","inward_eigenvector",0.051498939470641,0.0439900276175416,0.0591748680194155,11,0,0.0542793138032013,0.0487185651380808,0.0516503454352379
"USDT","outward_harmonic_closeness",0.191754642076836,0.168732649271882,0.215229991057365,4,0.0570285142571286,0.165410470113406,0.218098814040267,0.179305546656818
"USDC","outward_harmonic_closeness",0.21336070522838,0.191288453340843,0.236995303169122,2,0.415707853926963,0.233681857848439,0.193039552608322,0.214510185290925
"BUSD","outward_harmonic_closeness",0.138917422715125,0.113088909101394,0.166196022023516,9,0,0.178155331898595,0.0996795135316544,0.140270056620292
"TUSD","outward_harmonic_closeness",0.213615694310537,0.192730607729061,0.235788872683694,1,0.424712356178089,0.234577542157999,0.192653846463075,0.212866128810423
"USDP","outward_harmonic_closeness",0.181024775224033,0.15985910528456,0.20237753300812,5,0.00150075037518759,0.179316790215183,0.182732760232884,0.17623964300491
"GUSD","outward_harmonic_closeness",0.127902761558859,0.11255856075745,0.143683267567927,11,0,0.132967358173963,0.122838164943755,0.129856473821696
"DAI","outward_harmonic_closeness",0.20145234703652,0.176588915350016,0.228286597282723,3,0.0990495247623812,0.228856294685528,0.174048399387512,0.204861882261941
"sUSD","outward_harmonic_closeness",0.153554322734674,0.123043418256104,0.189941515176229,6,0.00200100050025012,0.118643811356921,0.188464834112427,0.135515557098402
"EURS","outward_harmonic_closeness",0.133814020942923,0.115071344589424,0.155492434213276,10,0,0.124590253467705,0.143037788418141,0.13104271735764
"IDRT","outward_harmonic_closeness",0.151781248319261,0.129739589728077,0.173679591165433,7,0,0.15140915902703,0.152153337611492,0.15457800566534
"PAXG","outward_harmonic_closeness",0.144861687459451,0.12713318038246,0.16431663627167,8,0,0.133675084856581,0.156048290062322,0.145223316902721
