"specification","specification_label","target","benchmark_loss","macro_only_qss","coin_only_qss","joint_qss","incremental_macro","incremental_coin"
"same_day_conditional","Same-day conditional","USDC",0.194266315402029,-0.116706234274847,0.0238208070831301,-0.0301035838364327,-0.0539243909195627,0.0866026504384139
"same_day_conditional","Same-day conditional","BUSD",0.33743547602903,-0.121268151337535,-0.147818921390319,-0.195170654050841,-0.0473517326605218,-0.0739025027133054
"same_day_conditional","Same-day conditional","GUSD",0.227800366260366,-0.141061445397181,-0.244170635761202,-0.289741843697472,-0.04557120793627,-0.148680398300291
"same_day_conditional","Same-day conditional","EURS",0.172656460404419,-0.0933068686426977,-0.31804652259521,-0.368431215746759,-0.0503846931515492,-0.275124347104062
"same_day_conditional","Same-day conditional","IDRT",0.27000792108286,-0.100647280376876,-0.428859848202386,-0.342762702625248,0.0860971455771382,-0.242115422248372
"same_day_conditional","Same-day conditional","USDT",0.182679943124656,-0.123559600942296,-0.0122617922028361,-0.0773346863542099,-0.065072894151374,0.046224914588086
"same_day_conditional","Same-day conditional","sUSD",0.264218416491464,-0.175945892772768,-0.134437261591773,-0.165952074819432,-0.0315148132276587,0.00999381795333596
"same_day_conditional","Same-day conditional","PAXG",0.132975562276212,-0.110008247020033,-0.349516179091996,-0.543468896088852,-0.193952716996857,-0.433460649068819
"same_day_conditional","Same-day conditional","TUSD",0.195916582271844,-0.167268968362021,0.0353226798141868,-0.0370683047097868,-0.0723909845239736,0.130200663652235
"same_day_conditional","Same-day conditional","USDP",0.180975750033649,-0.119240910489993,-0.0272369519869804,-0.0175710070427135,0.00966594494426685,0.101669903447279
"same_day_conditional","Same-day conditional","DAI",0.176019198110566,-0.0867698516066118,-0.0971239587840733,-0.162494319117476,-0.0653703603334029,-0.0757244675108646
"all_predictors_lagged","All predictors lagged","USDC",0.194338655843924,-0.1167086225041,-0.339524197925341,-0.40221979036248,-0.0626955924371397,-0.28551116785838
"all_predictors_lagged","All predictors lagged","BUSD",0.337565030765738,-0.121310447809694,-0.436553003316795,-0.470344895494792,-0.0337918921779966,-0.349034447685097
"all_predictors_lagged","All predictors lagged","GUSD",0.227841533903453,-0.141316729913043,-0.332631573367101,-0.324801416806122,0.00783015656097927,-0.183484686893079
"all_predictors_lagged","All predictors lagged","EURS",0.172645632364511,-0.0932967430860168,-0.285157628242198,-0.293302454791013,-0.00814482654881497,-0.200005711704996
"all_predictors_lagged","All predictors lagged","IDRT",0.270029010595653,-0.100806374838438,-0.581810558945137,-0.723132124985712,-0.141321566040575,-0.622325750147275
"all_predictors_lagged","All predictors lagged","USDT",0.182726157371545,-0.123569900597617,-0.283683171048667,-0.283725323304362,-0.0000421522556946148,-0.160155422706745
"all_predictors_lagged","All predictors lagged","sUSD",0.264188672757376,-0.176079048787328,-0.125118960955392,-0.208550340406706,-0.0834313794513142,-0.032471291619378
"all_predictors_lagged","All predictors lagged","PAXG",0.132947783770531,-0.110218567041935,-0.270061314864252,-0.435280252031244,-0.165218937166992,-0.325061684989309
"all_predictors_lagged","All predictors lagged","TUSD",0.195976264525731,-0.163649599361765,-0.313428387550935,-0.314593301523963,-0.00116491397302759,-0.150943702162198
"all_predictors_lagged","All predictors lagged","USDP",0.18105213246183,-0.119216398174031,-0.321267446022468,-0.325751894590341,-0.00448444856787273,-0.20653549641631
"all_predictors_lagged","All predictors lagged","DAI",0.176021191390565,-0.0865339585250169,-0.378345753540259,-0.331292177850466,0.0470535756897934,-0.244758219325449
