"event_id","event_label","event_short","event_date","shock_type","origin","strategy","n_days_0_30","cumulative_return_0_30_pct","annualized_volatility_0_30_pct","maximum_drawdown_0_30_pct","worst_daily_loss_0_30_bps","cumulative_return_0_7_pct","maximum_drawdown_0_7_pct"
"kucoin","KuCoin security incident","KuCoin",2020-09-26,"Operational/infrastructure","Crypto-native","EW",31,0.45958429523123,7.15890545399941,1.18122483573255,104.71483306988,1.442730340666,0.419407259010196
"kucoin","KuCoin security incident","KuCoin",2020-09-26,"Operational/infrastructure","Crypto-native","GMV",31,0.0307285745327901,2.94065039904188,0.784734884415672,59.7095415754494,0.184023199768157,0.0554990707967606
"kucoin","KuCoin security incident","KuCoin",2020-09-26,"Operational/infrastructure","Crypto-native","LTEC",31,-0.125328820226611,20.5633216404186,3.78152918340721,285.794052862925,3.58390251604856,1.51724329662005
"kucoin","KuCoin security incident","KuCoin",2020-09-26,"Operational/infrastructure","Crypto-native","QTEC",31,-0.226840149319585,18.5356400066824,3.41052873515818,287.193385019145,3.29610313023574,1.28573920095022
"china_crash","2021 crypto crash and China warning","May 2021 sell-off",2021-05-19,"Market-wide/regulatory","Crypto-native","EW",31,2.35589185846667,13.5279550912188,1.69867500546933,169.867500546932,2.47589901080876,1.69867500546933
"china_crash","2021 crypto crash and China warning","May 2021 sell-off",2021-05-19,"Market-wide/regulatory","Crypto-native","GMV",31,0.341374957365104,5.91689540908997,0.936420999015286,49.9020274218802,-0.0164273635337442,0.936420999015286
"china_crash","2021 crypto crash and China warning","May 2021 sell-off",2021-05-19,"Market-wide/regulatory","Crypto-native","LTEC",31,-0.0444754774205358,17.7497509854267,3.28492316967006,218.88798499002,-0.233717569367065,3.28492316967006
"china_crash","2021 crypto crash and China warning","May 2021 sell-off",2021-05-19,"Market-wide/regulatory","Crypto-native","QTEC",31,-0.694093816709729,17.4880560017166,2.34878098682347,224.808839101057,0.12110903969893,2.20847848602078
"terra","Terra/UST collapse","Terra/UST",2022-05-09,"Endogenous design failure","Crypto-native","EW",31,0.223343557580757,4.00964427899784,0.586915739218108,55.4393552136612,-0.455292563207543,0.586915739218108
"terra","Terra/UST collapse","Terra/UST",2022-05-09,"Endogenous design failure","Crypto-native","GMV",31,0.192743642501103,2.47896846662756,0.466099195193226,25.6016358422818,0.210368149867235,0.304629662091649
"terra","Terra/UST collapse","Terra/UST",2022-05-09,"Endogenous design failure","Crypto-native","LTEC",31,-1.22218897807216,4.28562843899562,1.52381058070636,71.1451811864454,-1.28437320389357,1.31804907913265
"terra","Terra/UST collapse","Terra/UST",2022-05-09,"Endogenous design failure","Crypto-native","QTEC",31,0.764561884632231,6.69681634773538,1.04328731337704,104.328731337704,-0.609128532932102,1.04328731337704
"ftx","FTX liquidity crisis","FTX",2022-11-08,"Intermediary/liquidity","Crypto-native","EW",31,1.21832984233514,5.08627687205462,0.725369182446112,41.5894732874179,1.28753327988571,0.577121195530494
"ftx","FTX liquidity crisis","FTX",2022-11-08,"Intermediary/liquidity","Crypto-native","GMV",31,0.194330499168616,3.88741722691466,0.623855885143376,35.7622382550486,0.615227614186598,0.518004375320935
"ftx","FTX liquidity crisis","FTX",2022-11-08,"Intermediary/liquidity","Crypto-native","LTEC",31,3.21810632429649,6.74317750549953,0.809911547581799,57.7104459970494,1.31074820601194,0.511702145136128
"ftx","FTX liquidity crisis","FTX",2022-11-08,"Intermediary/liquidity","Crypto-native","QTEC",31,2.90120781968461,7.80163107237312,1.74071036242146,64.7245435189359,2.74840235523326,0.0448536649010012
"svb","SVB-linked USDC depeg","SVB/USDC",2023-03-11,"Reserve/custody","TradFi-to-crypto","EW",31,1.54115252903062,6.70127188527052,0.740053331669355,74.0053331669351,1.00352272794719,0.565877045255259
"svb","SVB-linked USDC depeg","SVB/USDC",2023-03-11,"Reserve/custody","TradFi-to-crypto","GMV",31,-0.339535143768166,8.86964320306545,1.72600571029322,134.962256438839,-0.392545002562716,1.72600571029322
"svb","SVB-linked USDC depeg","SVB/USDC",2023-03-11,"Reserve/custody","TradFi-to-crypto","LTEC",31,3.83873436697275,7.37207306131417,0.712532736580351,71.2532736580353,2.08281114659818,0.289791893464297
"svb","SVB-linked USDC depeg","SVB/USDC",2023-03-11,"Reserve/custody","TradFi-to-crypto","QTEC",31,2.30810645210877,6.69303534269399,0.811077791256876,74.7870393608031,1.11159191060128,0.278031218419184
"hormuz","Iran-Hormuz shock","Iran-Hormuz",2026-02-28,"External geopolitical/macro","External","EW",31,-2.30192684983932,6.37841207031845,3.21893496869314,75.7638391373644,-0.667175649765661,1.03863116963069
"hormuz","Iran-Hormuz shock","Iran-Hormuz",2026-02-28,"External geopolitical/macro","External","GMV",31,-0.0444963529369624,0.231192505314849,0.0866346339770452,2.2612976827809,0.0155481741496599,0.022527554997176
"hormuz","Iran-Hormuz shock","Iran-Hormuz",2026-02-28,"External geopolitical/macro","External","LTEC",31,0.021483768420949,6.98938513666497,1.78599199198894,72.8488290195864,0.173883335977654,0.771091489265119
"hormuz","Iran-Hormuz shock","Iran-Hormuz",2026-02-28,"External geopolitical/macro","External","QTEC",31,-0.216562205639603,6.09915217655097,1.4349737488724,75.9489281397361,-0.327802243961728,1.05772590019474
