"strategy","metric","estimate","ci95_low","ci95_high","p_value","p_holm","block_length","bootstrap_repetitions"
"GMV","AnnVol",-2.88510507993301,-4.41403592145984,-0.662337607848895,0.0052,0.0104,3,4999
"LTEC","AnnVol",4.45468601154959,1.94072780862862,8.28808272223063,0.0004,0.0024,3,4999
"QTEC","AnnVol",3.96721523777153,1.58094683769828,7.59043438957412,0.0004,0.0024,3,4999
"GMV","ES5",-31.1340685135746,-58.3838241567255,-0.714312800014622,0.044,0.044,3,4999
"LTEC","ES5",55.7058743054166,13.805282394818,99.8258513916961,0.0032,0.0096,3,4999
"QTEC","ES5",63.3079265356595,21.3604674189362,102.127110971352,0.0004,0.0024,3,4999
"GMV","AnnVol",-2.88510507993301,-4.22032607464871,-1.08983536795117,0.0008,0.0024,14,4999
"LTEC","AnnVol",4.45468601154959,1.80042519743358,7.7690221225307,0.0004,0.0024,14,4999
"QTEC","AnnVol",3.96721523777153,1.6793184539507,7.18978680884197,0.0004,0.0024,14,4999
"GMV","ES5",-31.1340685135746,-49.5704011805697,-9.26114962851004,0.0044,0.0064,14,4999
"LTEC","ES5",55.7058743054166,11.3498383029716,87.9680553576542,0.0032,0.0064,14,4999
"QTEC","ES5",63.3079265356595,19.596149470047,86.8961978618724,0.0004,0.0024,14,4999
