"factor_1","factor_2","difference","hac90_se","ci_low","ci_high","z","p_value","p_holm_10"
"CVIX","S&P 500",0.171160988212498,0.0224226749755176,0.127212545260484,0.215109431164513,7.63338845161792,0.000000000000022866256187816,0.00000000000022866256187816
"CVIX","VIX",0.186218310996285,0.0250322998420315,0.137155003305904,0.235281618686667,7.43912114234137,0.000000000000101357344153524,0.000000000000912216097381715
"DXY","VIX",0.100153398998871,0.0170214956401037,0.0667912675442674,0.133515530453474,5.88393647165194,0.00000000400621664674402,0.0000000320497331739522
"1-year Treasury yield","VIX",0.106773776844826,0.0210377351506907,0.065539815949472,0.148007737740179,5.07534561491617,0.000000386792299524297,0.00000270754609667008
"CVIX","DXY",0.0860649119974172,0.019837727591939,0.0471829659172168,0.124946858077618,4.33844610470352,0.0000143493662849549,0.0000860961977097293
"1-year Treasury yield","S&P 500",0.0917164540610373,0.0216708113876635,0.0492416637412168,0.134191244380858,4.2322575015926,0.0000231357305980926,0.000115678652990463
"CVIX","1-year Treasury yield",0.0794445341514618,0.0248151864714144,0.0308067686674895,0.128082299635434,3.20144820362229,0.00136738656363694,0.00546954625454776
"DXY","S&P 500",0.0850960762150822,0.0268058240487471,0.0325566610795378,0.137635491350626,3.17453684916877,0.00150075833911776,0.00546954625454776
"1-year Treasury yield","DXY",0.00662037784595514,0.0177520338296469,-0.0281736084601527,0.041414364152063,0.372936301805529,0.70919585296757,1
"S&P 500","VIX",0.0150573227837882,0.0314369715654377,-0.0465591414844698,0.0766737870520461,0.478968616695331,0.63196095509584,1
