"check","value"
"event_count","6"
"stress_days_per_event","31;31;31;31;31;31"
"acute_days_per_event","8;8;8;8;8;8"
"pooled_stress_days","186"
"event_windows_non_overlapping","TRUE"
"strategy_count","4"
"return_panel_complete","TRUE"
"bootstrap_repetitions","4999"
"main_block_length","7"
"primary_comparison_count","6"
"holm_values_complete","TRUE"
"block_sensitivity_rows","12"
"leave_one_event_out_rows","36"
"figure_source_rows","18"
"svg_exists","TRUE"
"pdf_exists","TRUE"
"tiff_exists","TRUE"
"png_exists","TRUE"
