"target","reference_asset","predictor","factor","selection_frequency","positive_frequency","negative_frequency","sign_balance","total_abs_weight_share","macro_abs_weight_share"
"USDT","USD","L1_CVIX.Index","CVIX",0.753996447602131,0.41740674955595,0.336589698046181,0.0808170515097691,0.0277098543006824,0.185967537002074
"USDC","USD","L1_CVIX.Index","CVIX",0.677619893428064,0.281083481349911,0.396536412078153,-0.115452930728242,0.0264280052345896,0.208668543953156
"BUSD","USD","L1_CVIX.Index","CVIX",0.810834813499112,0.435168738898757,0.375666074600355,0.0595026642984014,0.0454430405678041,0.22417056852157
"TUSD","USD","L1_CVIX.Index","CVIX",0.728685612788632,0.433836589698046,0.294849023090586,0.13898756660746,0.0255428348696808,0.186738420187991
"USDP","USD","L1_CVIX.Index","CVIX",0.759769094138544,0.378330373001776,0.381438721136767,-0.00310834813499112,0.0302137791888358,0.199037004491979
"GUSD","USD","L1_CVIX.Index","CVIX",0.729573712255773,0.36145648312611,0.368117229129663,-0.0066607460035524,0.0353179309423828,0.143787988100668
"DAI","USD","L1_CVIX.Index","CVIX",0.649644760213144,0.352575488454707,0.297069271758437,0.05550621669627,0.0221260195708583,0.14721137650563
"sUSD","USD","L1_CVIX.Index","CVIX",0.743783303730018,0.375666074600355,0.368117229129663,0.00754884547069272,0.0275262776329377,0.150973948306842
"EURS","EUR","L1_CVIX.Index","CVIX",0.829040852575488,0.492895204262877,0.336145648312611,0.156749555950266,0.0419291513948479,0.202846337821196
"IDRT","IDR","L1_CVIX.Index","CVIX",0.746447602131439,0.424955595026643,0.321492007104796,0.103463587921847,0.0386462486824481,0.208202361097959
"PAXG","Gold","L1_CVIX.Index","CVIX",0.734014209591474,0.317939609236234,0.41607460035524,-0.0981349911190053,0.0328065733699759,0.167944035942543
"USDT","USD","L1_BV010082.Index","1-year Treasury yield",0.614120781527531,0.368561278863233,0.245559502664298,0.123001776198934,0.0316031726272412,0.192383145983089
"USDC","USD","L1_BV010082.Index","1-year Treasury yield",0.636323268206039,0.369449378330373,0.266873889875666,0.102575488454707,0.0387111320997977,0.231175676341098
"BUSD","USD","L1_BV010082.Index","1-year Treasury yield",0.702486678507993,0.350799289520426,0.351687388987567,-0.00088809946714032,0.0421475548791722,0.204527057487099
"TUSD","USD","L1_BV010082.Index","1-year Treasury yield",0.591918294849023,0.407193605683837,0.184724689165187,0.22246891651865,0.0295853390617107,0.177440762045685
"USDP","USD","L1_BV010082.Index","1-year Treasury yield",0.626998223801066,0.295293072824156,0.331705150976909,-0.0364120781527531,0.0344075644444233,0.208384268298989
"GUSD","USD","L1_BV010082.Index","1-year Treasury yield",0.745559502664298,0.214476021314387,0.531083481349911,-0.316607460035524,0.0608046275405555,0.216752933080497
"DAI","USD","L1_BV010082.Index","1-year Treasury yield",0.699378330373002,0.366341030195382,0.33303730017762,0.033303730017762,0.0455232949149264,0.268040192314108
"sUSD","USD","L1_BV010082.Index","1-year Treasury yield",0.650088809946714,0.321492007104796,0.328596802841918,-0.00710479573712256,0.0401165107550204,0.176191830904245
"EURS","EUR","L1_BV010082.Index","1-year Treasury yield",0.69449378330373,0.27664298401421,0.41785079928952,-0.141207815275311,0.0485189685203089,0.188619998967648
"IDRT","IDR","L1_BV010082.Index","1-year Treasury yield",0.686056838365897,0.369893428063943,0.316163410301954,0.0537300177619893,0.0465195409826686,0.215633937520393
"PAXG","Gold","L1_BV010082.Index","1-year Treasury yield",0.642095914742451,0.215808170515098,0.426287744227353,-0.210479573712256,0.0436375724034494,0.185688647933326
"USDT","USD","L1_DXY.Curncy","DXY",0.651865008880995,0.246447602131439,0.405417406749556,-0.158969804618117,0.0469979449741205,0.233985421565444
"USDC","USD","L1_DXY.Curncy","DXY",0.551953818827709,0.300177619893428,0.251776198934281,0.0484014209591474,0.029143949160329,0.193095273001212
"BUSD","USD","L1_DXY.Curncy","DXY",0.63854351687389,0.27797513321492,0.36056838365897,-0.0825932504440497,0.0499394123490375,0.194065341541727
"TUSD","USD","L1_DXY.Curncy","DXY",0.623001776198934,0.258880994671403,0.364120781527531,-0.105239786856128,0.0426193948758789,0.238721176706183
"USDP","USD","L1_DXY.Curncy","DXY",0.630994671403197,0.339698046181172,0.291296625222025,0.0484014209591474,0.0459160491057071,0.246404579028234
"GUSD","USD","L1_DXY.Curncy","DXY",0.74911190053286,0.316607460035524,0.432504440497336,-0.115896980461812,0.0723880648678845,0.258803108311698
"DAI","USD","L1_DXY.Curncy","DXY",0.569271758436945,0.33303730017762,0.236234458259325,0.0968028419182948,0.030072795586533,0.157577708704857
"sUSD","USD","L1_DXY.Curncy","DXY",0.755772646536412,0.3601243339254,0.395648312611012,-0.0355239786856128,0.0653195429934539,0.298495597431667
"EURS","EUR","L1_DXY.Curncy","DXY",0.669626998223801,0.355683836589698,0.313943161634103,0.041740674955595,0.0636610864651888,0.225959183970076
"IDRT","IDR","L1_DXY.Curncy","DXY",0.677175843694494,0.505328596802842,0.171847246891652,0.33348134991119,0.0581704098326847,0.236087378856624
"PAXG","Gold","L1_DXY.Curncy","DXY",0.699378330373002,0.197158081705151,0.502220248667851,-0.3050621669627,0.0584285068690208,0.251869080784324
"USDT","USD","L1_SPX.Index","S&P 500",0.605239786856128,0.463587921847247,0.141651865008881,0.321936056838366,0.0413716437047221,0.221761257622367
"USDC","USD","L1_SPX.Index","S&P 500",0.548401420959147,0.254440497335702,0.293960923623446,-0.0395204262877442,0.0349948842469418,0.213022949273922
"BUSD","USD","L1_SPX.Index","S&P 500",0.588365896980462,0.382326820603908,0.206039076376554,0.176287744227353,0.0496397178433527,0.204311690894581
"TUSD","USD","L1_SPX.Index","S&P 500",0.503552397868561,0.286412078152753,0.217140319715808,0.0692717584369449,0.0282403340044074,0.186353204292149
"USDP","USD","L1_SPX.Index","S&P 500",0.547069271758437,0.302397868561279,0.244671403197158,0.0577264653641208,0.0306665193491434,0.161923954239568
"GUSD","USD","L1_SPX.Index","S&P 500",0.637211367673179,0.459147424511545,0.178063943161634,0.281083481349911,0.0645707122250859,0.213748803718763
"DAI","USD","L1_SPX.Index","S&P 500",0.596802841918295,0.366341030195382,0.230461811722913,0.135879218472469,0.0442482276332523,0.221442700285021
"sUSD","USD","L1_SPX.Index","S&P 500",0.539964476021314,0.276198934280639,0.263765541740675,0.0124333925399645,0.0359148673941998,0.153564726195103
"EURS","EUR","L1_SPX.Index","S&P 500",0.631438721136767,0.394760213143872,0.236678507992895,0.158081705150977,0.0478882016876146,0.186397942893114
"IDRT","IDR","L1_SPX.Index","S&P 500",0.518650088809947,0.351687388987567,0.16696269982238,0.184724689165187,0.0450061835417896,0.171377921685176
"PAXG","Gold","L1_SPX.Index","S&P 500",0.563943161634103,0.210479573712256,0.353463587921847,-0.142984014209591,0.0535044451895088,0.188220745656465
"USDT","USD","L1_VIX.Index","VIX",0.491119005328597,0.264209591474245,0.226909413854352,0.0373001776198934,0.029849605941543,0.165902637827026
"USDC","USD","L1_VIX.Index","VIX",0.469360568383659,0.191829484902309,0.27753108348135,-0.0857015985790408,0.0243117224898128,0.154037557430612
"BUSD","USD","L1_VIX.Index","VIX",0.544404973357016,0.177175843694494,0.367229129662522,-0.190053285968028,0.0410242959826136,0.172925341555023
"TUSD","USD","L1_VIX.Index","VIX",0.567939609236234,0.213143872113677,0.354795737122558,-0.141651865008881,0.0362095062209274,0.210746436767991
"USDP","USD","L1_VIX.Index","VIX",0.534635879218472,0.242007104795737,0.292628774422735,-0.0506216696269982,0.0365357390157289,0.18425019394123
"GUSD","USD","L1_VIX.Index","VIX",0.58214920071048,0.232682060390764,0.349467140319716,-0.116785079928952,0.0468370200649972,0.166907166788373
"DAI","USD","L1_VIX.Index","VIX",0.542628774422735,0.326376554174067,0.216252220248668,0.1101243339254,0.0383894831771686,0.205728022190386
"sUSD","USD","L1_VIX.Index","VIX",0.660746003552398,0.318383658969805,0.342362344582593,-0.0239786856127886,0.0529194443498973,0.220773897162143
"EURS","EUR","L1_VIX.Index","VIX",0.612788632326821,0.218472468916519,0.394316163410302,-0.175843694493783,0.0455301870668899,0.196176536347966
"IDRT","IDR","L1_VIX.Index","VIX",0.501776198934281,0.242895204262877,0.258880994671403,-0.0159857904085258,0.038544639263517,0.168698400839847
"PAXG","Gold","L1_VIX.Index","VIX",0.607460035523979,0.229129662522202,0.378330373001776,-0.149200710479574,0.0460400154779101,0.206277489683343
