"source","receiver","source_design","receiver_design","source_reference","receiver_reference","same_design","same_reference","days","active_days","aligned_days","inverse_days","active_frequency","aligned_frequency","inverse_frequency","directional_balance","aligned_share_among_active","sign_stability","median_active_coefficient","median_aligned_coefficient","mean_absolute_active_coefficient","reverse_active_frequency","reverse_aligned_frequency","reverse_inverse_frequency","aligned_asymmetry"
"USDT","TUSD","Fiat-reserve-backed","Fiat-reserve-backed","USD","USD",TRUE,TRUE,2252,1667,1609,58,0.740230905861456,0.714476021314387,0.0257548845470693,0.688721136767318,0.965206958608278,0.965206958608278,0.215735709840095,0.223231502953546,0.276024195110817,0.712255772646536,0.634103019538188,0.0781527531083481,0.080373001776199
"DAI","USDT","Crypto-collateralised","Fiat-reserve-backed","USD","USD",FALSE,TRUE,2252,1655,1521,134,0.734902309058615,0.675399644760213,0.0595026642984014,0.615896980461812,0.919033232628399,0.919033232628399,0.363629201845897,0.40110575073031,0.472649824052942,0.799733570159858,0.650088809946714,0.149644760213144,0.0253108348134992
"USDP","TUSD","Fiat-reserve-backed","Fiat-reserve-backed","USD","USD",TRUE,TRUE,2252,1859,1477,382,0.825488454706927,0.655861456483126,0.169626998223801,0.486234458259325,0.794513179128564,0.794513179128564,0.150063954023981,0.229623562013744,0.324567446670442,0.784635879218472,0.578152753108348,0.206483126110124,0.077708703374778
"USDT","DAI","Fiat-reserve-backed","Crypto-collateralised","USD","USD",FALSE,TRUE,2252,1801,1464,337,0.799733570159858,0.650088809946714,0.149644760213144,0.50044404973357,0.812881732370905,0.812881732370905,0.190501995081773,0.245395694223155,0.293823868522804,0.734902309058615,0.675399644760213,0.0595026642984014,-0.0253108348134992
"USDC","DAI","Fiat-reserve-backed","Crypto-collateralised","USD","USD",FALSE,TRUE,2252,1743,1455,288,0.773978685612789,0.646092362344583,0.127886323268206,0.518206039076377,0.834767641996558,0.834767641996558,0.225995063574101,0.276944571891715,0.342062095513109,0.671847246891652,0.580373001776199,0.0914742451154529,0.0657193605683837
"TUSD","USDT","Fiat-reserve-backed","Fiat-reserve-backed","USD","USD",TRUE,TRUE,2252,1604,1428,176,0.712255772646536,0.634103019538188,0.0781527531083481,0.55595026642984,0.890274314214464,0.890274314214464,0.180001759086052,0.204899977830867,0.287715529179849,0.740230905861456,0.714476021314387,0.0257548845470693,-0.080373001776199
"USDP","USDC","Fiat-reserve-backed","Fiat-reserve-backed","USD","USD",TRUE,TRUE,2252,1518,1358,160,0.674067495559503,0.603019538188277,0.0710479573712256,0.531971580817052,0.894598155467721,0.894598155467721,0.171804484455581,0.206454491542172,0.244402145687551,0.658969804618117,0.532859680284192,0.126110124333925,0.0701598579040853
"BUSD","USDC","Fiat-reserve-backed","Fiat-reserve-backed","USD","USD",TRUE,TRUE,2252,1686,1315,371,0.74866785079929,0.58392539964476,0.164742451154529,0.419182948490231,0.779952550415184,0.779952550415184,0.0989245654982185,0.152901911635791,0.177077149998345,0.710479573712256,0.508436944937833,0.202042628774423,0.0754884547069271
"DAI","USDC","Crypto-collateralised","Fiat-reserve-backed","USD","USD",FALSE,TRUE,2252,1513,1307,206,0.671847246891652,0.580373001776199,0.0914742451154529,0.488898756660746,0.86384666226041,0.86384666226041,0.226409068154897,0.31768828254945,0.325748405058663,0.773978685612789,0.646092362344583,0.127886323268206,-0.0657193605683837
"TUSD","USDP","Fiat-reserve-backed","Fiat-reserve-backed","USD","USD",TRUE,TRUE,2252,1767,1302,465,0.784635879218472,0.578152753108348,0.206483126110124,0.371669626998224,0.736842105263158,0.736842105263158,0.268325446614282,0.377964489024237,0.370344581743978,0.825488454706927,0.655861456483126,0.169626998223801,-0.077708703374778
"USDP","USDT","Fiat-reserve-backed","Fiat-reserve-backed","USD","USD",TRUE,TRUE,2252,1542,1258,284,0.684724689165186,0.558614564831261,0.126110124333925,0.432504440497336,0.815823605706874,0.815823605706874,0.104937820084069,0.144918773175445,0.180279093704047,0.573712255772647,0.461811722912966,0.11190053285968,0.0968028419182949
"IDRT","EURS","Fiat-reserve-backed","Fiat-reserve-backed","IDR","EUR",TRUE,FALSE,2252,1656,1226,430,0.735346358792185,0.544404973357016,0.190941385435169,0.353463587921847,0.740338164251208,0.740338164251208,0.0764077877950678,0.162179131211037,0.205820253626346,0.618561278863233,0.424511545293073,0.19404973357016,0.119893428063943
"USDC","USDP","Fiat-reserve-backed","Fiat-reserve-backed","USD","USD",TRUE,TRUE,2252,1484,1200,284,0.658969804618117,0.532859680284192,0.126110124333925,0.406749555950266,0.808625336927224,0.808625336927224,0.168131199069246,0.214670556779082,0.24221167882104,0.674067495559503,0.603019538188277,0.0710479573712256,-0.0701598579040853
"USDT","USDC","Fiat-reserve-backed","Fiat-reserve-backed","USD","USD",TRUE,TRUE,2252,1552,1194,358,0.689165186500888,0.530195381882771,0.158969804618117,0.371225577264654,0.769329896907217,0.769329896907217,0.113110990170251,0.182155379013516,0.210785566698452,0.619893428063943,0.464920071047957,0.154973357015986,0.0652753108348135
"BUSD","TUSD","Fiat-reserve-backed","Fiat-reserve-backed","USD","USD",TRUE,TRUE,2252,1661,1183,478,0.737566607460036,0.525310834813499,0.212255772646536,0.313055062166963,0.712221553281156,0.712221553281156,0.0958464992675679,0.18414308846622,0.205934555989995,0.682948490230906,0.524422735346359,0.158525754884547,0.000888099467140413
"TUSD","BUSD","Fiat-reserve-backed","Fiat-reserve-backed","USD","USD",TRUE,TRUE,2252,1538,1181,357,0.682948490230906,0.524422735346359,0.158525754884547,0.365896980461812,0.767880364109233,0.767880364109233,0.256976004871904,0.37873310040429,0.422560197552824,0.737566607460036,0.525310834813499,0.212255772646536,-0.000888099467140413
"TUSD","USDC","Fiat-reserve-backed","Fiat-reserve-backed","USD","USD",TRUE,TRUE,2252,1539,1174,365,0.683392539964476,0.521314387211368,0.162078152753108,0.359236234458259,0.762833008447043,0.762833008447043,0.198499960187752,0.272739887048897,0.29097530920182,0.619893428063943,0.462255772646536,0.157637655417407,0.0590586145648313
"USDC","sUSD","Fiat-reserve-backed","Crypto-collateralised","USD","USD",FALSE,TRUE,2252,1587,1154,433,0.704706927175844,0.512433392539964,0.192273534635879,0.320159857904085,0.72715816005041,0.72715816005041,0.107539082274264,0.187541429831999,0.329160098481443,0.627442273534636,0.369005328596803,0.258436944937833,0.143428063943162
"USDC","BUSD","Fiat-reserve-backed","Fiat-reserve-backed","USD","USD",TRUE,TRUE,2252,1600,1145,455,0.710479573712256,0.508436944937833,0.202042628774423,0.30639431616341,0.715625,0.715625,0.208123803521181,0.345749526441936,0.4477955861379,0.74866785079929,0.58392539964476,0.164742451154529,-0.0754884547069271
"IDRT","PAXG","Fiat-reserve-backed","Real-asset-backed","IDR","Gold",FALSE,FALSE,2252,1590,1084,506,0.706039076376554,0.481349911190053,0.224689165186501,0.256660746003552,0.681761006289308,0.681761006289308,0.0982306716508988,0.198533457178359,0.190557640771047,0.589253996447602,0.432504440497336,0.156749555950266,0.0488454706927176
"IDRT","sUSD","Fiat-reserve-backed","Crypto-collateralised","IDR","USD",FALSE,FALSE,2252,1700,1070,630,0.754884547069272,0.475133214920071,0.279751332149201,0.19538188277087,0.629411764705882,0.629411764705882,0.0596065588008819,0.19773023432913,0.362809146821462,0.628774422735346,0.363676731793961,0.265097690941385,0.11145648312611
"USDC","USDT","Fiat-reserve-backed","Fiat-reserve-backed","USD","USD",TRUE,TRUE,2252,1396,1047,349,0.619893428063943,0.464920071047957,0.154973357015986,0.309946714031972,0.75,0.75,0.138176768937814,0.224352588601625,0.323762321402203,0.689165186500888,0.530195381882771,0.158969804618117,-0.0652753108348135
"USDC","TUSD","Fiat-reserve-backed","Fiat-reserve-backed","USD","USD",TRUE,TRUE,2252,1396,1041,355,0.619893428063943,0.462255772646536,0.157637655417407,0.30461811722913,0.745702005730659,0.745702005730659,0.120973410207168,0.206509770955294,0.286241012480118,0.683392539964476,0.521314387211368,0.162078152753108,-0.0590586145648313
"USDT","USDP","Fiat-reserve-backed","Fiat-reserve-backed","USD","USD",TRUE,TRUE,2252,1292,1040,252,0.573712255772647,0.461811722912966,0.11190053285968,0.349911190053286,0.804953560371517,0.804953560371517,0.133684772545362,0.194489691600445,0.222034237435335,0.684724689165186,0.558614564831261,0.126110124333925,-0.0968028419182949
"USDP","BUSD","Fiat-reserve-backed","Fiat-reserve-backed","USD","USD",TRUE,TRUE,2252,1500,1037,463,0.66607460035524,0.460479573712256,0.205595026642984,0.254884547069272,0.691333333333333,0.691333333333333,0.110121053630361,0.185639153594704,0.385450739403107,0.691385435168739,0.448490230905861,0.242895204262877,0.0119893428063944
"GUSD","USDC","Fiat-reserve-backed","Fiat-reserve-backed","USD","USD",TRUE,TRUE,2252,1407,1033,374,0.624777975133215,0.458703374777975,0.16607460035524,0.292628774422735,0.734186211798152,0.734186211798152,0.051889707007389,0.0815322233898155,0.108966173189752,0.504440497335702,0.413854351687389,0.0905861456483126,0.0448490230905861
"GUSD","TUSD","Fiat-reserve-backed","Fiat-reserve-backed","USD","USD",TRUE,TRUE,2252,1493,1032,461,0.662966252220249,0.458259325044405,0.204706927175844,0.253552397868561,0.691225720026792,0.691225720026792,0.053843280301428,0.108599606909275,0.154849990527338,0.591030195381883,0.302397868561279,0.288632326820604,0.155861456483126
"IDRT","GUSD","Fiat-reserve-backed","Fiat-reserve-backed","IDR","USD",TRUE,FALSE,2252,1504,1032,472,0.66785079928952,0.458259325044405,0.209591474245115,0.24866785079929,0.686170212765957,0.686170212765957,0.0777036296104233,0.183965695549383,0.194246758029483,0.698490230905861,0.430728241563055,0.267761989342806,0.0275310834813499
"GUSD","USDP","Fiat-reserve-backed","Fiat-reserve-backed","USD","USD",TRUE,TRUE,2252,1393,1013,380,0.618561278863233,0.449822380106572,0.168738898756661,0.281083481349911,0.727207465900933,0.727207465900933,0.059704596200109,0.0907599307416562,0.145710508686381,0.600799289520426,0.318827708703375,0.281971580817052,0.130994671403197
"USDT","sUSD","Fiat-reserve-backed","Crypto-collateralised","USD","USD",FALSE,TRUE,2252,1385,1010,375,0.615008880994671,0.448490230905861,0.16651865008881,0.281971580817051,0.729241877256318,0.729241877256318,0.114859181540163,0.240591885619067,0.30092992968254,0.596802841918295,0.349911190053286,0.246891651865009,0.0985790408525755
"BUSD","USDP","Fiat-reserve-backed","Fiat-reserve-backed","USD","USD",TRUE,TRUE,2252,1557,1010,547,0.691385435168739,0.448490230905861,0.242895204262877,0.205595026642984,0.648683365446371,0.648683365446371,0.0937330676956356,0.181081192257248,0.173685038652658,0.66607460035524,0.460479573712256,0.205595026642984,-0.0119893428063944
"IDRT","TUSD","Fiat-reserve-backed","Fiat-reserve-backed","IDR","USD",TRUE,FALSE,2252,1377,1002,375,0.61145648312611,0.4449378330373,0.16651865008881,0.27841918294849,0.727668845315904,0.727668845315904,0.0474334103768058,0.0925684948287632,0.22990683287279,0.560390763765542,0.285523978685613,0.274866785079929,0.159413854351687
"GUSD","BUSD","Fiat-reserve-backed","Fiat-reserve-backed","USD","USD",TRUE,TRUE,2252,1487,1001,486,0.660301953818828,0.44449378330373,0.215808170515098,0.228685612788632,0.673167451244116,0.673167451244116,0.0952254297231119,0.180134288046337,0.218642651285502,0.725133214920071,0.415186500888099,0.309946714031972,0.0293072824156306
"IDRT","USDT","Fiat-reserve-backed","Fiat-reserve-backed","IDR","USD",TRUE,FALSE,2252,1410,987,423,0.626110124333925,0.438277087033748,0.187833037300178,0.25044404973357,0.7,0.7,0.0521909736659017,0.103812522185962,0.16057249916278,0.589698046181172,0.373001776198934,0.216696269982238,0.0652753108348135
"GUSD","PAXG","Fiat-reserve-backed","Real-asset-backed","USD","Gold",FALSE,FALSE,2252,1589,979,610,0.705595026642984,0.434724689165187,0.270870337477798,0.163854351687389,0.616110761485211,0.616110761485211,0.0390836188996563,0.0860999431399614,0.116171537630276,0.636767317939609,0.408969804618117,0.227797513321492,0.0257548845470693
"PAXG","IDRT","Real-asset-backed","Fiat-reserve-backed","Gold","IDR",FALSE,FALSE,2252,1327,974,353,0.589253996447602,0.432504440497336,0.156749555950266,0.275754884547069,0.733986435568952,0.733986435568952,0.110728901685836,0.187183834090757,0.222094104020769,0.706039076376554,0.481349911190053,0.224689165186501,-0.0488454706927176
"GUSD","IDRT","Fiat-reserve-backed","Fiat-reserve-backed","USD","IDR",TRUE,FALSE,2252,1573,970,603,0.698490230905861,0.430728241563055,0.267761989342806,0.162966252220249,0.616656071201526,0.616656071201526,0.0596779727261768,0.194879545421957,0.206233586740796,0.66785079928952,0.458259325044405,0.209591474245115,-0.0275310834813499
"USDP","DAI","Fiat-reserve-backed","Crypto-collateralised","USD","USD",FALSE,TRUE,2252,1367,961,406,0.607015985790408,0.426731793960924,0.180284191829485,0.246447602131439,0.702999268471105,0.702999268471105,0.0524024322780298,0.0972850968393364,0.14430464359731,0.55461811722913,0.375666074600355,0.178952042628774,0.0510657193605684
"EURS","IDRT","Fiat-reserve-backed","Fiat-reserve-backed","EUR","IDR",TRUE,FALSE,2252,1393,956,437,0.618561278863233,0.424511545293073,0.19404973357016,0.230461811722913,0.686288585786073,0.686288585786073,0.110309523196619,0.174573757339681,0.236515909585027,0.735346358792185,0.544404973357016,0.190941385435169,-0.119893428063943
"sUSD","EURS","Crypto-collateralised","Fiat-reserve-backed","USD","EUR",FALSE,FALSE,2252,1616,954,662,0.717584369449378,0.423623445825933,0.293960923623446,0.129662522202487,0.590346534653465,0.590346534653465,0.0617152942549658,0.198587709966952,0.245968292032883,0.69360568383659,0.373889875666075,0.319715808170515,0.0497335701598579
"sUSD","BUSD","Crypto-collateralised","Fiat-reserve-backed","USD","USD",FALSE,TRUE,2252,1526,950,576,0.677619893428064,0.421847246891652,0.255772646536412,0.16607460035524,0.622542595019659,0.622542595019659,0.0767949041073643,0.246729620587815,0.451236290116309,0.717584369449378,0.403641207815275,0.313943161634103,0.0182060390763766
"BUSD","GUSD","Fiat-reserve-backed","Fiat-reserve-backed","USD","USD",TRUE,TRUE,2252,1633,935,698,0.725133214920071,0.415186500888099,0.309946714031972,0.105239786856128,0.572565829761176,0.572565829761176,0.039091423594586,0.202095129960103,0.228139794996493,0.660301953818828,0.44449378330373,0.215808170515098,-0.0293072824156306
"USDC","GUSD","Fiat-reserve-backed","Fiat-reserve-backed","USD","USD",TRUE,TRUE,2252,1136,932,204,0.504440497335702,0.413854351687389,0.0905861456483126,0.323268206039076,0.820422535211268,0.820422535211268,0.155112591416419,0.2148590944157,0.273126465527503,0.624777975133215,0.458703374777975,0.16607460035524,-0.0448490230905861
"TUSD","DAI","Fiat-reserve-backed","Crypto-collateralised","USD","USD",FALSE,TRUE,2252,1415,930,485,0.628330373001776,0.412966252220249,0.215364120781528,0.197602131438721,0.657243816254417,0.657243816254417,0.0820831326850745,0.201248794933479,0.23270668630142,0.538632326820604,0.357015985790409,0.181616341030195,0.0559502664298401
"BUSD","PAXG","Fiat-reserve-backed","Real-asset-backed","USD","Gold",FALSE,FALSE,2252,1636,930,706,0.726465364120782,0.412966252220249,0.313499111900533,0.0994671403197158,0.568459657701711,0.568459657701711,0.0358304087397654,0.121547602141731,0.137989612916576,0.599467140319716,0.381882770870337,0.217584369449378,0.0310834813499112
"PAXG","GUSD","Real-asset-backed","Fiat-reserve-backed","Gold","USD",FALSE,FALSE,2252,1434,921,513,0.636767317939609,0.408969804618117,0.227797513321492,0.181172291296625,0.642259414225941,0.642259414225941,0.100847053016572,0.216679444488511,0.328397033206087,0.705595026642984,0.434724689165187,0.270870337477798,-0.0257548845470693
"BUSD","sUSD","Fiat-reserve-backed","Crypto-collateralised","USD","USD",FALSE,TRUE,2252,1616,909,707,0.717584369449378,0.403641207815275,0.313943161634103,0.0896980461811723,0.5625,0.5625,0.018022099990751,0.110493209203927,0.21322029834427,0.677619893428064,0.421847246891652,0.255772646536412,-0.0182060390763766
"USDP","PAXG","Fiat-reserve-backed","Real-asset-backed","USD","Gold",FALSE,FALSE,2252,1476,905,571,0.655417406749556,0.401865008880995,0.253552397868561,0.148312611012433,0.613143631436314,0.613143631436314,0.0527353706655773,0.11977540575566,0.151425744623075,0.541296625222025,0.371669626998224,0.169626998223801,0.0301953818827709
"IDRT","DAI","Fiat-reserve-backed","Crypto-collateralised","IDR","USD",FALSE,FALSE,2252,1324,900,424,0.587921847246892,0.399644760213144,0.188277087033748,0.211367673179396,0.6797583081571,0.6797583081571,0.0223511956779969,0.0765409481369161,0.132653137094928,0.534635879218472,0.309946714031972,0.224689165186501,0.0896980461811723
"IDRT","USDC","Fiat-reserve-backed","Fiat-reserve-backed","IDR","USD",TRUE,FALSE,2252,1538,889,649,0.682948490230906,0.394760213143872,0.288188277087034,0.106571936056838,0.578023407022107,0.578023407022107,0.0146120137020219,0.116059210394068,0.174375264253256,0.535968028419183,0.286856127886323,0.24911190053286,0.107904085257549
"USDC","PAXG","Fiat-reserve-backed","Real-asset-backed","USD","Gold",FALSE,FALSE,2252,1348,887,461,0.598579040852576,0.393872113676732,0.204706927175844,0.189165186500888,0.658011869436202,0.658011869436202,0.0641518230342746,0.140571547932304,0.177161641830015,0.519094138543517,0.252664298401421,0.266429840142096,0.141207815275311
"PAXG","BUSD","Real-asset-backed","Fiat-reserve-backed","Gold","USD",FALSE,FALSE,2252,1350,860,490,0.599467140319716,0.381882770870337,0.217584369449378,0.164298401420959,0.637037037037037,0.637037037037037,0.0864736997172084,0.289077053747888,0.406542873290186,0.726465364120782,0.412966252220249,0.313499111900533,-0.0310834813499112
"TUSD","EURS","Fiat-reserve-backed","Fiat-reserve-backed","USD","EUR",TRUE,FALSE,2252,1371,860,511,0.608792184724689,0.381882770870337,0.226909413854352,0.154973357015986,0.62727935813275,0.62727935813275,0.0597015992445068,0.183438153035221,0.220855325085508,0.578596802841918,0.346802841918295,0.231793960923623,0.0350799289520426
"DAI","USDP","Crypto-collateralised","Fiat-reserve-backed","USD","USD",FALSE,TRUE,2252,1249,846,403,0.55461811722913,0.375666074600355,0.178952042628774,0.196714031971581,0.677341873498799,0.677341873498799,0.0962295526349021,0.169920318128843,0.226561202978601,0.607015985790408,0.426731793960924,0.180284191829485,-0.0510657193605684
"DAI","GUSD","Crypto-collateralised","Fiat-reserve-backed","USD","USD",FALSE,TRUE,2252,1368,846,522,0.607460035523979,0.375666074600355,0.231793960923623,0.143872113676732,0.618421052631579,0.618421052631579,0.0811152261819876,0.190749278030263,0.310032945882538,0.559502664298401,0.307726465364121,0.251776198934281,0.0679396092362344
"EURS","sUSD","Fiat-reserve-backed","Crypto-collateralised","EUR","USD",FALSE,FALSE,2252,1562,842,720,0.69360568383659,0.373889875666075,0.319715808170515,0.0541740674955595,0.539052496798976,0.539052496798976,0.0252342108400476,0.157553674654561,0.249247609265529,0.717584369449378,0.423623445825933,0.293960923623446,-0.0497335701598579
"USDT","IDRT","Fiat-reserve-backed","Fiat-reserve-backed","USD","IDR",TRUE,FALSE,2252,1328,840,488,0.589698046181172,0.373001776198934,0.216696269982238,0.156305506216696,0.632530120481928,0.632530120481928,0.0584553724484346,0.141563620316094,0.211132271645185,0.626110124333925,0.438277087033748,0.187833037300178,-0.0652753108348135
"PAXG","USDP","Real-asset-backed","Fiat-reserve-backed","Gold","USD",FALSE,FALSE,2252,1219,837,382,0.541296625222025,0.371669626998224,0.169626998223801,0.202042628774423,0.686628383921247,0.686628383921247,0.0845215296768089,0.147806735609427,0.20612440125608,0.655417406749556,0.401865008880995,0.253552397868561,-0.0301953818827709
"BUSD","USDT","Fiat-reserve-backed","Fiat-reserve-backed","USD","USD",TRUE,TRUE,2252,1527,837,690,0.678063943161634,0.371669626998224,0.30639431616341,0.0652753108348135,0.548133595284872,0.548133595284872,0.0189922176566478,0.0931773696019141,0.130466781067049,0.55639431616341,0.303285968028419,0.253108348134991,0.0683836589698046
"sUSD","USDC","Crypto-collateralised","Fiat-reserve-backed","USD","USD",FALSE,TRUE,2252,1413,831,582,0.627442273534636,0.369005328596803,0.258436944937833,0.11056838365897,0.588110403397028,0.588110403397028,0.0367185636762034,0.103939481415129,0.177584634020499,0.704706927175844,0.512433392539964,0.192273534635879,-0.143428063943162
"USDT","GUSD","Fiat-reserve-backed","Fiat-reserve-backed","USD","USD",TRUE,TRUE,2252,1329,827,502,0.590142095914742,0.367229129662522,0.22291296625222,0.144316163410302,0.622272385252069,0.622272385252069,0.0809067657222932,0.255553610031642,0.278452183987832,0.656305506216696,0.348134991119005,0.308170515097691,0.0190941385435169
"EURS","PAXG","Fiat-reserve-backed","Real-asset-backed","EUR","Gold",FALSE,FALSE,2252,1502,825,677,0.66696269982238,0.366341030195382,0.300621669626998,0.0657193605683837,0.549267643142477,0.549267643142477,0.0360686978729335,0.155577956500257,0.179996671513698,0.675843694493783,0.350799289520426,0.325044404973357,0.0155417406749556
"GUSD","EURS","Fiat-reserve-backed","Fiat-reserve-backed","USD","EUR",TRUE,FALSE,2252,1529,823,706,0.678952042628774,0.365452930728242,0.313499111900533,0.0519538188277087,0.538260300850229,0.538260300850229,0.0146969683618458,0.135238104985827,0.158142335446904,0.587033747779751,0.328152753108348,0.258880994671403,0.0373001776198935
"sUSD","IDRT","Crypto-collateralised","Fiat-reserve-backed","USD","IDR",FALSE,FALSE,2252,1416,819,597,0.628774422735346,0.363676731793961,0.265097690941385,0.0985790408525755,0.578389830508475,0.578389830508475,0.0480216150508501,0.135562423100973,0.265787518753456,0.754884547069272,0.475133214920071,0.279751332149201,-0.11145648312611
"USDT","EURS","Fiat-reserve-backed","Fiat-reserve-backed","USD","EUR",TRUE,FALSE,2252,1384,806,578,0.614564831261101,0.357904085257549,0.256660746003552,0.101243339253996,0.582369942196532,0.582369942196532,0.0361390231467928,0.119659975745982,0.209454011074197,0.597246891651865,0.345470692717584,0.251776198934281,0.0124333925399645
"DAI","TUSD","Crypto-collateralised","Fiat-reserve-backed","USD","USD",FALSE,TRUE,2252,1213,804,409,0.538632326820604,0.357015985790409,0.181616341030195,0.175399644760213,0.662819455894477,0.662819455894477,0.0708043865657066,0.183180016874525,0.219336878460659,0.628330373001776,0.412966252220249,0.215364120781528,-0.0559502664298401
"PAXG","EURS","Real-asset-backed","Fiat-reserve-backed","Gold","EUR",FALSE,FALSE,2252,1522,790,732,0.675843694493783,0.350799289520426,0.325044404973357,0.0257548845470693,0.519053876478318,0.519053876478318,0.0151142919969286,0.146334604822868,0.228688241493598,0.66696269982238,0.366341030195382,0.300621669626998,-0.0155417406749556
"sUSD","USDT","Crypto-collateralised","Fiat-reserve-backed","USD","USD",FALSE,TRUE,2252,1344,788,556,0.596802841918295,0.349911190053286,0.246891651865009,0.103019538188277,0.586309523809524,0.586309523809524,0.0425010617030277,0.15846903082306,0.18934772820107,0.615008880994671,0.448490230905861,0.16651865008881,-0.0985790408525755
"GUSD","USDT","Fiat-reserve-backed","Fiat-reserve-backed","USD","USD",TRUE,TRUE,2252,1478,784,694,0.656305506216696,0.348134991119005,0.308170515097691,0.0399644760213144,0.530446549391069,0.530446549391069,0.0124167268984253,0.100221110370623,0.125470687201656,0.590142095914742,0.367229129662522,0.22291296625222,-0.0190941385435169
"EURS","TUSD","Fiat-reserve-backed","Fiat-reserve-backed","EUR","USD",TRUE,FALSE,2252,1303,781,522,0.578596802841918,0.346802841918295,0.231793960923623,0.115008880994671,0.599386032233308,0.599386032233308,0.02481560504394,0.103336041569021,0.15146746612586,0.608792184724689,0.381882770870337,0.226909413854352,-0.0350799289520426
"EURS","DAI","Fiat-reserve-backed","Crypto-collateralised","EUR","USD",FALSE,FALSE,2252,1456,780,676,0.646536412078153,0.346358792184725,0.300177619893428,0.0461811722912966,0.535714285714286,0.535714285714286,0.0127142783642329,0.111504776268886,0.148176006095579,0.540852575488455,0.303285968028419,0.237566607460036,0.0430728241563055
"EURS","USDT","Fiat-reserve-backed","Fiat-reserve-backed","EUR","USD",TRUE,FALSE,2252,1345,778,567,0.597246891651865,0.345470692717584,0.251776198934281,0.0936944937833037,0.578438661710037,0.578438661710037,0.0325068675430703,0.0981349036266016,0.14433060229318,0.614564831261101,0.357904085257549,0.256660746003552,-0.0124333925399645
"BUSD","EURS","Fiat-reserve-backed","Fiat-reserve-backed","USD","EUR",TRUE,FALSE,2252,1488,771,717,0.660746003552398,0.342362344582593,0.318383658969805,0.0239786856127886,0.518145161290323,0.518145161290323,0.00881191528113008,0.092842070255664,0.152949201729721,0.572824156305506,0.236234458259325,0.336589698046181,0.106127886323268
"EURS","USDC","Fiat-reserve-backed","Fiat-reserve-backed","EUR","USD",TRUE,FALSE,2252,1389,769,620,0.616785079928952,0.341474245115453,0.275310834813499,0.0661634103019538,0.553635709143269,0.553635709143269,0.024491505216458,0.121365499836429,0.153026476247434,0.558170515097691,0.255772646536412,0.302397868561279,0.0857015985790409
"IDRT","BUSD","Fiat-reserve-backed","Fiat-reserve-backed","IDR","USD",TRUE,FALSE,2252,1363,768,595,0.605239786856128,0.341030195381883,0.264209591474245,0.0768206039076377,0.563462949376376,0.563462949376376,0.0129599155117283,0.147900275142761,0.355796467760063,0.643872113676732,0.307726465364121,0.336145648312611,0.033303730017762
"sUSD","GUSD","Crypto-collateralised","Fiat-reserve-backed","USD","USD",FALSE,TRUE,2252,1402,758,644,0.622557726465364,0.336589698046181,0.285968028419183,0.0506216696269982,0.540656205420827,0.540656205420827,0.0271680400011201,0.152678350166311,0.267272305708528,0.69404973357016,0.27708703374778,0.41696269982238,0.0595026642984014
"USDP","sUSD","Fiat-reserve-backed","Crypto-collateralised","USD","USD",FALSE,TRUE,2252,1228,754,474,0.545293072824156,0.334813499111901,0.210479573712256,0.124333925399645,0.61400651465798,0.61400651465798,0.0635928379831262,0.139322990096866,0.267910393797148,0.591918294849023,0.273534635879218,0.318383658969805,0.0612788632326821
"EURS","GUSD","Fiat-reserve-backed","Fiat-reserve-backed","EUR","USD",TRUE,FALSE,2252,1322,739,583,0.587033747779751,0.328152753108348,0.258880994671403,0.0692717584369449,0.559001512859304,0.559001512859304,0.0376087042238523,0.15712082770115,0.240557017326318,0.678952042628774,0.365452930728242,0.313499111900533,-0.0373001776198935
"DAI","BUSD","Crypto-collateralised","Fiat-reserve-backed","USD","USD",FALSE,TRUE,2252,1332,733,599,0.591474245115453,0.325488454706927,0.265985790408526,0.0595026642984014,0.5503003003003,0.5503003003003,0.0316380855071767,0.150981858952214,0.39578754170392,0.595026642984014,0.315275310834813,0.279751332149201,0.0102131438721137
"IDRT","USDP","Fiat-reserve-backed","Fiat-reserve-backed","IDR","USD",TRUE,FALSE,2252,1339,720,619,0.594582593250444,0.319715808170515,0.274866785079929,0.0448490230905861,0.537714712471994,0.537714712471994,0.00792408116589916,0.122430532644934,0.164495045546004,0.591918294849023,0.309946714031972,0.281971580817052,0.00976909413854349
"USDP","GUSD","Fiat-reserve-backed","Fiat-reserve-backed","USD","USD",TRUE,TRUE,2252,1353,718,635,0.600799289520426,0.318827708703375,0.281971580817052,0.0368561278863233,0.530672579453067,0.530672579453067,0.0383613605272865,0.264174983986169,0.309258101113867,0.618561278863233,0.449822380106572,0.168738898756661,-0.130994671403197
"BUSD","DAI","Fiat-reserve-backed","Crypto-collateralised","USD","USD",FALSE,TRUE,2252,1340,710,630,0.595026642984014,0.315275310834813,0.279751332149201,0.0355239786856127,0.529850746268657,0.529850746268657,0.0054910117658924,0.0655370862106614,0.103192081584561,0.591474245115453,0.325488454706927,0.265985790408526,-0.0102131438721137
"DAI","IDRT","Crypto-collateralised","Fiat-reserve-backed","USD","IDR",FALSE,FALSE,2252,1204,698,506,0.534635879218472,0.309946714031972,0.224689165186501,0.0852575488454707,0.579734219269103,0.579734219269103,0.032791107368605,0.149326082813846,0.281019183451125,0.587921847246892,0.399644760213144,0.188277087033748,-0.0896980461811723
"USDP","IDRT","Fiat-reserve-backed","Fiat-reserve-backed","USD","IDR",TRUE,FALSE,2252,1333,698,635,0.591918294849023,0.309946714031972,0.281971580817052,0.0279751332149201,0.523630907726932,0.523630907726932,0.00966997619267839,0.129313836389837,0.243608214648583,0.594582593250444,0.319715808170515,0.274866785079929,-0.00976909413854349
"GUSD","DAI","Fiat-reserve-backed","Crypto-collateralised","USD","USD",FALSE,TRUE,2252,1260,693,567,0.559502664298401,0.307726465364121,0.251776198934281,0.0559502664298401,0.55,0.55,0.0209059074415283,0.079784857321085,0.0920054056597594,0.607460035523979,0.375666074600355,0.231793960923623,-0.0679396092362344
"BUSD","IDRT","Fiat-reserve-backed","Fiat-reserve-backed","USD","IDR",TRUE,FALSE,2252,1450,693,757,0.643872113676732,0.307726465364121,0.336145648312611,-0.0284191829484902,0.477931034482759,0.522068965517241,-0.0120772879188921,0.0752865734848125,0.120526850622627,0.605239786856128,0.341030195381883,0.264209591474245,-0.033303730017762
"DAI","EURS","Crypto-collateralised","Fiat-reserve-backed","USD","EUR",FALSE,FALSE,2252,1218,683,535,0.540852575488455,0.303285968028419,0.237566607460036,0.0657193605683837,0.560755336617406,0.560755336617406,0.0413209357558907,0.143151318244914,0.240142038398574,0.646536412078153,0.346358792184725,0.300177619893428,-0.0430728241563055
"USDT","BUSD","Fiat-reserve-backed","Fiat-reserve-backed","USD","USD",TRUE,TRUE,2252,1253,683,570,0.55639431616341,0.303285968028419,0.253108348134991,0.0501776198934281,0.545091779728651,0.545091779728651,0.0297979353480315,0.177560234464453,0.440620299478874,0.678063943161634,0.371669626998224,0.30639431616341,-0.0683836589698046
"TUSD","GUSD","Fiat-reserve-backed","Fiat-reserve-backed","USD","USD",TRUE,TRUE,2252,1331,681,650,0.591030195381883,0.302397868561279,0.288632326820604,0.013765541740675,0.511645379413974,0.511645379413974,0.0100110975560966,0.203577770016552,0.274870003962671,0.662966252220249,0.458259325044405,0.204706927175844,-0.155861456483126
"PAXG","USDT","Real-asset-backed","Fiat-reserve-backed","Gold","USD",FALSE,FALSE,2252,1299,673,626,0.576820603907638,0.298845470692718,0.27797513321492,0.0208703374777975,0.518090839107005,0.518090839107005,0.014894570723496,0.137753180552428,0.172449148855777,0.602575488454707,0.182060390763766,0.420515097690941,0.116785079928952
"USDC","IDRT","Fiat-reserve-backed","Fiat-reserve-backed","USD","IDR",TRUE,FALSE,2252,1207,646,561,0.535968028419183,0.286856127886323,0.24911190053286,0.0377442273534636,0.535211267605634,0.535211267605634,0.0379118138543591,0.193349535456638,0.255857512358274,0.682948490230906,0.394760213143872,0.288188277087034,-0.107904085257549
"TUSD","IDRT","Fiat-reserve-backed","Fiat-reserve-backed","USD","IDR",TRUE,FALSE,2252,1262,643,619,0.560390763765542,0.285523978685613,0.274866785079929,0.0106571936056838,0.509508716323296,0.509508716323296,0.00674618566785968,0.153877738144068,0.204920221171984,0.61145648312611,0.4449378330373,0.16651865008881,-0.159413854351687
"TUSD","PAXG","Fiat-reserve-backed","Real-asset-backed","USD","Gold",FALSE,FALSE,2252,1333,636,697,0.591918294849023,0.282415630550622,0.309502664298401,-0.0270870337477797,0.477119279819955,0.522880720180045,-0.016215020391953,0.127672843728664,0.163276133351794,0.448934280639432,0.257548845470693,0.191385435168739,0.024866785079929
"TUSD","sUSD","Fiat-reserve-backed","Crypto-collateralised","USD","USD",FALSE,TRUE,2252,1351,626,725,0.599911190053286,0.27797513321492,0.321936056838366,-0.0439609236234458,0.463360473723168,0.536639526276832,-0.0438372331506602,0.191549406290963,0.318289063227348,0.631438721136767,0.245559502664298,0.385879218472469,0.0324156305506217
"GUSD","sUSD","Fiat-reserve-backed","Crypto-collateralised","USD","USD",FALSE,TRUE,2252,1563,624,939,0.69404973357016,0.27708703374778,0.41696269982238,-0.1398756660746,0.399232245681382,0.600767754318618,-0.0395418729183727,0.157301568604879,0.206649030025584,0.622557726465364,0.336589698046181,0.285968028419183,-0.0595026642984014
"sUSD","PAXG","Crypto-collateralised","Real-asset-backed","USD","Gold",FALSE,FALSE,2252,1616,623,993,0.717584369449378,0.27664298401421,0.440941385435169,-0.164298401420959,0.385519801980198,0.614480198019802,-0.0476834005636088,0.13798989367332,0.19592452116405,0.559946714031972,0.234902309058615,0.325044404973357,0.041740674955595
"sUSD","USDP","Crypto-collateralised","Fiat-reserve-backed","USD","USD",FALSE,TRUE,2252,1333,616,717,0.591918294849023,0.273534635879218,0.318383658969805,-0.0448490230905862,0.462115528882221,0.53788447111778,-0.0192074645790034,0.0717894994386283,0.133216520195956,0.545293072824156,0.334813499111901,0.210479573712256,-0.0612788632326821
"EURS","USDP","Fiat-reserve-backed","Fiat-reserve-backed","EUR","USD",TRUE,FALSE,2252,1249,613,636,0.55461811722913,0.272202486678508,0.282415630550622,-0.0102131438721137,0.490792634107286,0.509207365892714,-0.00489367472463402,0.0912835034778957,0.145155307117452,0.575488454706927,0.266873889875666,0.308614564831261,0.00532859680284192
"USDP","EURS","Fiat-reserve-backed","Fiat-reserve-backed","USD","EUR",TRUE,FALSE,2252,1296,601,695,0.575488454706927,0.266873889875666,0.308614564831261,-0.041740674955595,0.463734567901235,0.536265432098765,-0.0298295405928669,0.120277712321145,0.179706931895793,0.55461811722913,0.272202486678508,0.282415630550622,-0.00532859680284192
"DAI","sUSD","Crypto-collateralised","Crypto-collateralised","USD","USD",TRUE,TRUE,2252,1267,599,668,0.562611012433393,0.265985790408526,0.296625222024867,-0.030639431616341,0.472770323599053,0.527229676400947,-0.039879089140636,0.172570788051794,0.360879344962639,0.654973357015986,0.259769094138544,0.395204262877442,0.00621669626998222
"sUSD","DAI","Crypto-collateralised","Crypto-collateralised","USD","USD",TRUE,TRUE,2252,1475,585,890,0.654973357015986,0.259769094138544,0.395204262877442,-0.135435168738899,0.396610169491525,0.603389830508475,-0.0375063656751609,0.121374934194659,0.254842672039015,0.562611012433393,0.265985790408526,0.296625222024867,-0.00621669626998222
"PAXG","TUSD","Real-asset-backed","Fiat-reserve-backed","Gold","USD",FALSE,FALSE,2252,1011,580,431,0.448934280639432,0.257548845470693,0.191385435168739,0.0661634103019538,0.573689416419387,0.573689416419387,0.0375448947920405,0.13883997147378,0.153456686194918,0.591918294849023,0.282415630550622,0.309502664298401,-0.024866785079929
"USDC","EURS","Fiat-reserve-backed","Fiat-reserve-backed","USD","EUR",TRUE,FALSE,2252,1257,576,681,0.558170515097691,0.255772646536412,0.302397868561279,-0.0466252220248668,0.458233890214797,0.541766109785203,-0.0438216537800351,0.137996728337692,0.240968407712392,0.616785079928952,0.341474245115453,0.275310834813499,-0.0857015985790409
"PAXG","USDC","Real-asset-backed","Fiat-reserve-backed","Gold","USD",FALSE,FALSE,2252,1169,569,600,0.519094138543517,0.252664298401421,0.266429840142096,-0.013765541740675,0.486740804106074,0.513259195893926,-0.0117448078451646,0.122708240744888,0.194356329617163,0.598579040852576,0.393872113676732,0.204706927175844,-0.141207815275311
"sUSD","TUSD","Crypto-collateralised","Fiat-reserve-backed","USD","USD",FALSE,TRUE,2252,1422,553,869,0.631438721136767,0.245559502664298,0.385879218472469,-0.140319715808171,0.388888888888889,0.611111111111111,-0.0599040669439904,0.0909145051142228,0.18302783125991,0.599911190053286,0.27797513321492,0.321936056838366,-0.0324156305506217
"EURS","BUSD","Fiat-reserve-backed","Fiat-reserve-backed","EUR","USD",TRUE,FALSE,2252,1290,532,758,0.572824156305506,0.236234458259325,0.336589698046181,-0.100355239786856,0.412403100775194,0.587596899224806,-0.0562742032053731,0.121181232838772,0.243161884655091,0.660746003552398,0.342362344582593,0.318383658969805,-0.106127886323268
"PAXG","sUSD","Real-asset-backed","Crypto-collateralised","Gold","USD",FALSE,FALSE,2252,1261,529,732,0.559946714031972,0.234902309058615,0.325044404973357,-0.0901420959147425,0.419508326724822,0.580491673275178,-0.0376336180066185,0.155049310095324,0.228503111023135,0.717584369449378,0.27664298401421,0.440941385435169,-0.041740674955595
"DAI","PAXG","Crypto-collateralised","Real-asset-backed","USD","Gold",FALSE,FALSE,2252,1325,509,816,0.588365896980462,0.226021314387211,0.36234458259325,-0.136323268206039,0.384150943396226,0.615849056603774,-0.0561976407170039,0.132692843025965,0.20351488723298,0.559946714031972,0.22335701598579,0.336589698046181,0.00266429840142096
"PAXG","DAI","Real-asset-backed","Crypto-collateralised","Gold","USD",FALSE,FALSE,2252,1261,503,758,0.559946714031972,0.22335701598579,0.336589698046181,-0.113232682060391,0.398889770023791,0.601110229976209,-0.05380578473631,0.0902111824773549,0.182591637267846,0.588365896980462,0.226021314387211,0.36234458259325,-0.00266429840142096
"USDT","PAXG","Fiat-reserve-backed","Real-asset-backed","USD","Gold",FALSE,FALSE,2252,1357,410,947,0.602575488454707,0.182060390763766,0.420515097690941,-0.238454706927176,0.30213706705969,0.69786293294031,-0.0734800801287258,0.0993415103371068,0.149230636678581,0.576820603907638,0.298845470692718,0.27797513321492,-0.116785079928952
