"source","receiver","pair","source_design","receiver_design","source_reference","receiver_reference","same_design","same_reference","aligned_frequency","aligned_ci_low","aligned_ci_high","inverse_frequency","active_frequency","rank"
"USDT","TUSD","USDT->TUSD","Fiat-reserve-backed","Fiat-reserve-backed","USD","USD",TRUE,TRUE,0.714476021314387,0.615734162226169,0.813055062166963,0.0257548845470693,0.740230905861456,1
"DAI","USDT","DAI->USDT","Crypto-collateralised","Fiat-reserve-backed","USD","USD",FALSE,TRUE,0.675399644760213,0.536996743635287,0.796343990526939,0.0595026642984014,0.734902309058615,2
"USDP","TUSD","USDP->TUSD","Fiat-reserve-backed","Fiat-reserve-backed","USD","USD",TRUE,TRUE,0.655861456483126,0.519094138543517,0.785079928952043,0.169626998223801,0.825488454706927,3
"USDT","DAI","USDT->DAI","Fiat-reserve-backed","Crypto-collateralised","USD","USD",FALSE,TRUE,0.650088809946714,0.506638543516874,0.785968028419183,0.149644760213144,0.799733570159858,4
"USDC","DAI","USDC->DAI","Fiat-reserve-backed","Crypto-collateralised","USD","USD",FALSE,TRUE,0.646092362344583,0.499393132030787,0.787788632326821,0.127886323268206,0.773978685612789,5
"TUSD","USDT","TUSD->USDT","Fiat-reserve-backed","Fiat-reserve-backed","USD","USD",TRUE,TRUE,0.634103019538188,0.49911190053286,0.765119893428064,0.0781527531083481,0.712255772646536,6
"USDP","USDC","USDP->USDC","Fiat-reserve-backed","Fiat-reserve-backed","USD","USD",TRUE,TRUE,0.603019538188277,0.483266725873298,0.716252220248668,0.0710479573712256,0.674067495559503,7
"BUSD","USDC","BUSD->USDC","Fiat-reserve-backed","Fiat-reserve-backed","USD","USD",TRUE,TRUE,0.58392539964476,0.45143576080521,0.710642391947898,0.164742451154529,0.74866785079929,8
"DAI","USDC","DAI->USDC","Crypto-collateralised","Fiat-reserve-backed","USD","USD",FALSE,TRUE,0.580373001776199,0.448186796921255,0.711086441681468,0.0914742451154529,0.671847246891652,9
"TUSD","USDP","TUSD->USDP","Fiat-reserve-backed","Fiat-reserve-backed","USD","USD",TRUE,TRUE,0.578152753108348,0.431756956779159,0.723704854943754,0.206483126110124,0.784635879218472,10
"USDP","USDT","USDP->USDT","Fiat-reserve-backed","Fiat-reserve-backed","USD","USD",TRUE,TRUE,0.558614564831261,0.431150088809947,0.681031675547661,0.126110124333925,0.684724689165186,11
"IDRT","EURS","IDRT->EURS","Fiat-reserve-backed","Fiat-reserve-backed","IDR","EUR",TRUE,FALSE,0.544404973357016,0.432060390763766,0.658385139135583,0.190941385435169,0.735346358792185,12
"USDC","USDP","USDC->USDP","Fiat-reserve-backed","Fiat-reserve-backed","USD","USD",TRUE,TRUE,0.532859680284192,0.399622557726465,0.661049437537004,0.126110124333925,0.658969804618117,13
"USDT","USDC","USDT->USDC","Fiat-reserve-backed","Fiat-reserve-backed","USD","USD",TRUE,TRUE,0.530195381882771,0.400066607460036,0.654085257548846,0.158969804618117,0.689165186500888,14
"BUSD","TUSD","BUSD->TUSD","Fiat-reserve-backed","Fiat-reserve-backed","USD","USD",TRUE,TRUE,0.525310834813499,0.398009177027827,0.653359976317348,0.212255772646536,0.737566607460036,15
"TUSD","BUSD","TUSD->BUSD","Fiat-reserve-backed","Fiat-reserve-backed","USD","USD",TRUE,TRUE,0.524422735346359,0.411471284783896,0.636042036708111,0.158525754884547,0.682948490230906,16
"TUSD","USDC","TUSD->USDC","Fiat-reserve-backed","Fiat-reserve-backed","USD","USD",TRUE,TRUE,0.521314387211368,0.373889875666075,0.67881142687981,0.162078152753108,0.683392539964476,17
"USDC","sUSD","USDC->sUSD","Fiat-reserve-backed","Crypto-collateralised","USD","USD",FALSE,TRUE,0.512433392539964,0.395322676139728,0.62108496151569,0.192273534635879,0.704706927175844,18
"USDC","BUSD","USDC->BUSD","Fiat-reserve-backed","Fiat-reserve-backed","USD","USD",TRUE,TRUE,0.508436944937833,0.373283007696862,0.654388691533452,0.202042628774423,0.710479573712256,19
"IDRT","PAXG","IDRT->PAXG","Fiat-reserve-backed","Real-asset-backed","IDR","Gold",FALSE,FALSE,0.481349911190053,0.35654973357016,0.608348134991119,0.224689165186501,0.706039076376554,20
"IDRT","sUSD","IDRT->sUSD","Fiat-reserve-backed","Crypto-collateralised","IDR","USD",FALSE,FALSE,0.475133214920071,0.35182800473653,0.608651568975725,0.279751332149201,0.754884547069272,21
"USDC","USDT","USDC->USDT","Fiat-reserve-backed","Fiat-reserve-backed","USD","USD",TRUE,TRUE,0.464920071047957,0.336708111308467,0.59310982830077,0.154973357015986,0.619893428063943,22
"USDC","TUSD","USDC->TUSD","Fiat-reserve-backed","Fiat-reserve-backed","USD","USD",TRUE,TRUE,0.462255772646536,0.33348134991119,0.601102723505033,0.157637655417407,0.619893428063943,23
"USDT","USDP","USDT->USDP","Fiat-reserve-backed","Fiat-reserve-backed","USD","USD",TRUE,TRUE,0.461811722912966,0.335982830076969,0.585420367081113,0.11190053285968,0.573712255772647,24
"USDP","BUSD","USDP->BUSD","Fiat-reserve-backed","Fiat-reserve-backed","USD","USD",TRUE,TRUE,0.460479573712256,0.33259325044405,0.59533007696862,0.205595026642984,0.66607460035524,25
"GUSD","USDC","GUSD->USDC","Fiat-reserve-backed","Fiat-reserve-backed","USD","USD",TRUE,TRUE,0.458703374777975,0.354492303137951,0.557304618117229,0.16607460035524,0.624777975133215,26
"GUSD","TUSD","GUSD->TUSD","Fiat-reserve-backed","Fiat-reserve-backed","USD","USD",TRUE,TRUE,0.458259325044405,0.306978981645944,0.601687388987567,0.204706927175844,0.662966252220249,27
"IDRT","GUSD","IDRT->GUSD","Fiat-reserve-backed","Fiat-reserve-backed","IDR","USD",TRUE,FALSE,0.458259325044405,0.321492007104796,0.597994375370042,0.209591474245115,0.66785079928952,28
"GUSD","USDP","GUSD->USDP","Fiat-reserve-backed","Fiat-reserve-backed","USD","USD",TRUE,TRUE,0.449822380106572,0.345611308466548,0.557141799881587,0.168738898756661,0.618561278863233,29
"BUSD","USDP","BUSD->USDP","Fiat-reserve-backed","Fiat-reserve-backed","USD","USD",TRUE,TRUE,0.448490230905861,0.321773238602724,0.583784783895796,0.242895204262877,0.691385435168739,30
"USDT","sUSD","USDT->sUSD","Fiat-reserve-backed","Crypto-collateralised","USD","USD",FALSE,TRUE,0.448490230905861,0.330513617525163,0.564550029603316,0.16651865008881,0.615008880994671,31
"IDRT","TUSD","IDRT->TUSD","Fiat-reserve-backed","Fiat-reserve-backed","IDR","USD",TRUE,FALSE,0.4449378330373,0.320300473653049,0.56646684428656,0.16651865008881,0.61145648312611,32
"GUSD","BUSD","GUSD->BUSD","Fiat-reserve-backed","Fiat-reserve-backed","USD","USD",TRUE,TRUE,0.44449378330373,0.319715808170515,0.574459739490823,0.215808170515098,0.660301953818828,33
"IDRT","USDT","IDRT->USDT","Fiat-reserve-backed","Fiat-reserve-backed","IDR","USD",TRUE,FALSE,0.438277087033748,0.327989934872706,0.556275902901125,0.187833037300178,0.626110124333925,34
"GUSD","PAXG","GUSD->PAXG","Fiat-reserve-backed","Real-asset-backed","USD","Gold",FALSE,FALSE,0.434724689165187,0.329040852575488,0.548260805210184,0.270870337477798,0.705595026642984,35
"PAXG","IDRT","PAXG->IDRT","Real-asset-backed","Fiat-reserve-backed","Gold","IDR",FALSE,FALSE,0.432504440497336,0.321936056838366,0.545293072824156,0.156749555950266,0.589253996447602,36
"GUSD","IDRT","GUSD->IDRT","Fiat-reserve-backed","Fiat-reserve-backed","USD","IDR",TRUE,FALSE,0.430728241563055,0.31156009473061,0.562914446417999,0.267761989342806,0.698490230905861,37
"USDP","DAI","USDP->DAI","Fiat-reserve-backed","Crypto-collateralised","USD","USD",FALSE,TRUE,0.426731793960924,0.310227945529899,0.548401420959147,0.180284191829485,0.607015985790408,38
"EURS","IDRT","EURS->IDRT","Fiat-reserve-backed","Fiat-reserve-backed","EUR","IDR",TRUE,FALSE,0.424511545293073,0.31111604499704,0.540408525754885,0.19404973357016,0.618561278863233,39
"sUSD","EURS","sUSD->EURS","Crypto-collateralised","Fiat-reserve-backed","USD","EUR",FALSE,FALSE,0.423623445825933,0.309621077560687,0.542206927175844,0.293960923623446,0.717584369449378,40
"sUSD","BUSD","sUSD->BUSD","Crypto-collateralised","Fiat-reserve-backed","USD","USD",FALSE,TRUE,0.421847246891652,0.301509769094139,0.549592954410894,0.255772646536412,0.677619893428064,41
"BUSD","GUSD","BUSD->GUSD","Fiat-reserve-backed","Fiat-reserve-backed","USD","USD",TRUE,TRUE,0.415186500888099,0.296625222024867,0.533910597986975,0.309946714031972,0.725133214920071,42
"USDC","GUSD","USDC->GUSD","Fiat-reserve-backed","Fiat-reserve-backed","USD","USD",TRUE,TRUE,0.413854351687389,0.308311130846655,0.521314387211368,0.0905861456483126,0.504440497335702,43
"BUSD","PAXG","BUSD->PAXG","Fiat-reserve-backed","Real-asset-backed","USD","Gold",FALSE,FALSE,0.412966252220249,0.289498223801066,0.531830965068088,0.313499111900533,0.726465364120782,44
"TUSD","DAI","TUSD->DAI","Fiat-reserve-backed","Crypto-collateralised","USD","USD",FALSE,TRUE,0.412966252220249,0.287884843102427,0.543960923623446,0.215364120781528,0.628330373001776,45
"PAXG","GUSD","PAXG->GUSD","Real-asset-backed","Fiat-reserve-backed","Gold","USD",FALSE,FALSE,0.408969804618117,0.290549141503848,0.536737714624038,0.227797513321492,0.636767317939609,46
"BUSD","sUSD","BUSD->sUSD","Fiat-reserve-backed","Crypto-collateralised","USD","USD",FALSE,TRUE,0.403641207815275,0.288328892835998,0.524585553582001,0.313943161634103,0.717584369449378,47
"USDP","PAXG","USDP->PAXG","Fiat-reserve-backed","Real-asset-backed","USD","Gold",FALSE,FALSE,0.401865008880995,0.290830373001776,0.512596210775607,0.253552397868561,0.655417406749556,48
"IDRT","DAI","IDRT->DAI","Fiat-reserve-backed","Crypto-collateralised","IDR","USD",FALSE,FALSE,0.399644760213144,0.292769390171699,0.515401124925992,0.188277087033748,0.587921847246892,49
"IDRT","USDC","IDRT->USDC","Fiat-reserve-backed","Fiat-reserve-backed","IDR","USD",TRUE,FALSE,0.394760213143872,0.279307282415631,0.523394020130255,0.288188277087034,0.682948490230906,50
"USDC","PAXG","USDC->PAXG","Fiat-reserve-backed","Real-asset-backed","USD","Gold",FALSE,FALSE,0.393872113676732,0.276198934280639,0.517036708111309,0.204706927175844,0.598579040852576,51
"PAXG","BUSD","PAXG->BUSD","Real-asset-backed","Fiat-reserve-backed","Gold","USD",FALSE,FALSE,0.381882770870337,0.280335997631735,0.489505624629959,0.217584369449378,0.599467140319716,52
"TUSD","EURS","TUSD->EURS","Fiat-reserve-backed","Fiat-reserve-backed","USD","EUR",TRUE,FALSE,0.381882770870337,0.266267021906454,0.500466252220249,0.226909413854352,0.608792184724689,53
"DAI","GUSD","DAI->GUSD","Crypto-collateralised","Fiat-reserve-backed","USD","USD",FALSE,TRUE,0.375666074600355,0.269678804026051,0.480765245707519,0.231793960923623,0.607460035523979,54
"DAI","USDP","DAI->USDP","Crypto-collateralised","Fiat-reserve-backed","USD","USD",FALSE,TRUE,0.375666074600355,0.24686944937833,0.503411782119597,0.178952042628774,0.55461811722913,55
"EURS","sUSD","EURS->sUSD","Fiat-reserve-backed","Crypto-collateralised","EUR","USD",FALSE,FALSE,0.373889875666075,0.268183836589698,0.490978389579633,0.319715808170515,0.69360568383659,56
"USDT","IDRT","USDT->IDRT","Fiat-reserve-backed","Fiat-reserve-backed","USD","IDR",TRUE,FALSE,0.373001776198934,0.269678804026051,0.485205743043221,0.216696269982238,0.589698046181172,57
"BUSD","USDT","BUSD->USDT","Fiat-reserve-backed","Fiat-reserve-backed","USD","USD",TRUE,TRUE,0.371669626998224,0.264631438721137,0.484014209591474,0.30639431616341,0.678063943161634,58
"PAXG","USDP","PAXG->USDP","Real-asset-backed","Fiat-reserve-backed","Gold","USD",FALSE,FALSE,0.371669626998224,0.278115748963884,0.472328300769686,0.169626998223801,0.541296625222025,59
"sUSD","USDC","sUSD->USDC","Crypto-collateralised","Fiat-reserve-backed","USD","USD",FALSE,TRUE,0.369005328596803,0.272927767910006,0.47246891651865,0.258436944937833,0.627442273534636,60
"USDT","GUSD","USDT->GUSD","Fiat-reserve-backed","Fiat-reserve-backed","USD","USD",TRUE,TRUE,0.367229129662522,0.262129958555358,0.478263765541741,0.22291296625222,0.590142095914742,61
"EURS","PAXG","EURS->PAXG","Fiat-reserve-backed","Real-asset-backed","EUR","Gold",FALSE,FALSE,0.366341030195382,0.270404085257549,0.468775902901125,0.300621669626998,0.66696269982238,62
"GUSD","EURS","GUSD->EURS","Fiat-reserve-backed","Fiat-reserve-backed","USD","EUR",TRUE,FALSE,0.365452930728242,0.245840734162226,0.488758140911782,0.313499111900533,0.678952042628774,63
"sUSD","IDRT","sUSD->IDRT","Crypto-collateralised","Fiat-reserve-backed","USD","IDR",FALSE,FALSE,0.363676731793961,0.272343102427472,0.460338957963292,0.265097690941385,0.628774422735346,64
"USDT","EURS","USDT->EURS","Fiat-reserve-backed","Fiat-reserve-backed","USD","EUR",TRUE,FALSE,0.357904085257549,0.268790704558911,0.443768502072232,0.256660746003552,0.614564831261101,65
"DAI","TUSD","DAI->TUSD","Crypto-collateralised","Fiat-reserve-backed","USD","USD",FALSE,TRUE,0.357015985790409,0.258718176435761,0.456786560094731,0.181616341030195,0.538632326820604,66
"PAXG","EURS","PAXG->EURS","Real-asset-backed","Fiat-reserve-backed","Gold","EUR",FALSE,FALSE,0.350799289520426,0.233851391355832,0.464031971580817,0.325044404973357,0.675843694493783,67
"sUSD","USDT","sUSD->USDT","Crypto-collateralised","Fiat-reserve-backed","USD","USD",FALSE,TRUE,0.349911190053286,0.253552397868561,0.458703374777975,0.246891651865009,0.596802841918295,68
"GUSD","USDT","GUSD->USDT","Fiat-reserve-backed","Fiat-reserve-backed","USD","USD",TRUE,TRUE,0.348134991119005,0.238898756660746,0.460923623445826,0.308170515097691,0.656305506216696,69
"EURS","TUSD","EURS->TUSD","Fiat-reserve-backed","Fiat-reserve-backed","EUR","USD",TRUE,FALSE,0.346802841918295,0.241237418590882,0.450569863824748,0.231793960923623,0.578596802841918,70
"EURS","DAI","EURS->DAI","Fiat-reserve-backed","Crypto-collateralised","EUR","USD",FALSE,FALSE,0.346358792184725,0.223497631734754,0.481349911190053,0.300177619893428,0.646536412078153,71
"EURS","USDT","EURS->USDT","Fiat-reserve-backed","Fiat-reserve-backed","EUR","USD",TRUE,FALSE,0.345470692717584,0.261685908821788,0.435612788632327,0.251776198934281,0.597246891651865,72
"BUSD","EURS","BUSD->EURS","Fiat-reserve-backed","Fiat-reserve-backed","USD","EUR",TRUE,FALSE,0.342362344582593,0.244367969212552,0.44940053285968,0.318383658969805,0.660746003552398,73
"EURS","USDC","EURS->USDC","Fiat-reserve-backed","Fiat-reserve-backed","EUR","USD",TRUE,FALSE,0.341474245115453,0.218613084665483,0.478848431024275,0.275310834813499,0.616785079928952,74
"IDRT","BUSD","IDRT->BUSD","Fiat-reserve-backed","Fiat-reserve-backed","IDR","USD",TRUE,FALSE,0.341030195381883,0.227494079336886,0.464476021314387,0.264209591474245,0.605239786856128,75
"sUSD","GUSD","sUSD->GUSD","Crypto-collateralised","Fiat-reserve-backed","USD","USD",FALSE,TRUE,0.336589698046181,0.241703670811131,0.442273534635879,0.285968028419183,0.622557726465364,76
"USDP","sUSD","USDP->sUSD","Fiat-reserve-backed","Crypto-collateralised","USD","USD",FALSE,TRUE,0.334813499111901,0.224222912966252,0.44538188277087,0.210479573712256,0.545293072824156,77
"EURS","GUSD","EURS->GUSD","Fiat-reserve-backed","Fiat-reserve-backed","EUR","USD",TRUE,FALSE,0.328152753108348,0.219501184132623,0.448653049141504,0.258880994671403,0.587033747779751,78
"DAI","BUSD","DAI->BUSD","Crypto-collateralised","Fiat-reserve-backed","USD","USD",FALSE,TRUE,0.325488454706927,0.216836885731202,0.435472172883363,0.265985790408526,0.591474245115453,79
"IDRT","USDP","IDRT->USDP","Fiat-reserve-backed","Fiat-reserve-backed","IDR","USD",TRUE,FALSE,0.319715808170515,0.210923623445826,0.433695973949082,0.274866785079929,0.594582593250444,80
"USDP","GUSD","USDP->GUSD","Fiat-reserve-backed","Fiat-reserve-backed","USD","USD",TRUE,TRUE,0.318827708703375,0.203189757252812,0.436360272350503,0.281971580817052,0.600799289520426,81
"BUSD","DAI","BUSD->DAI","Fiat-reserve-backed","Crypto-collateralised","USD","USD",FALSE,TRUE,0.315275310834813,0.218028419182948,0.419626998223801,0.279751332149201,0.595026642984014,82
"DAI","IDRT","DAI->IDRT","Crypto-collateralised","Fiat-reserve-backed","USD","IDR",FALSE,FALSE,0.309946714031972,0.2123963883955,0.41607460035524,0.224689165186501,0.534635879218472,83
"USDP","IDRT","USDP->IDRT","Fiat-reserve-backed","Fiat-reserve-backed","USD","IDR",TRUE,FALSE,0.309946714031972,0.208984606275903,0.416822084073416,0.281971580817052,0.591918294849023,84
"BUSD","IDRT","BUSD->IDRT","Fiat-reserve-backed","Fiat-reserve-backed","USD","IDR",TRUE,FALSE,0.307726465364121,0.223497631734754,0.39817199526347,0.336145648312611,0.643872113676732,85
"GUSD","DAI","GUSD->DAI","Fiat-reserve-backed","Crypto-collateralised","USD","USD",FALSE,TRUE,0.307726465364121,0.209732089994079,0.409717288336294,0.251776198934281,0.559502664298401,86
"DAI","EURS","DAI->EURS","Crypto-collateralised","Fiat-reserve-backed","USD","EUR",FALSE,FALSE,0.303285968028419,0.208259325044405,0.410605387803434,0.237566607460036,0.540852575488455,87
"USDT","BUSD","USDT->BUSD","Fiat-reserve-backed","Fiat-reserve-backed","USD","USD",TRUE,TRUE,0.303285968028419,0.202486678507993,0.403056542332741,0.253108348134991,0.55639431616341,88
"TUSD","GUSD","TUSD->GUSD","Fiat-reserve-backed","Fiat-reserve-backed","USD","USD",TRUE,TRUE,0.302397868561279,0.19449378330373,0.41090882178804,0.288632326820604,0.591030195381883,89
"PAXG","USDT","PAXG->USDT","Real-asset-backed","Fiat-reserve-backed","Gold","USD",FALSE,FALSE,0.298845470692718,0.186478685612789,0.420818531675548,0.27797513321492,0.576820603907638,90
"USDC","IDRT","USDC->IDRT","Fiat-reserve-backed","Fiat-reserve-backed","USD","IDR",TRUE,FALSE,0.286856127886323,0.171543812907046,0.414764653641208,0.24911190053286,0.535968028419183,91
"TUSD","IDRT","TUSD->IDRT","Fiat-reserve-backed","Fiat-reserve-backed","USD","IDR",TRUE,FALSE,0.285523978685613,0.173764061574896,0.40957667258733,0.274866785079929,0.560390763765542,92
"TUSD","PAXG","TUSD->PAXG","Fiat-reserve-backed","Real-asset-backed","USD","Gold",FALSE,FALSE,0.282415630550622,0.188861752516282,0.384850503256365,0.309502664298401,0.591918294849023,93
"TUSD","sUSD","TUSD->sUSD","Fiat-reserve-backed","Crypto-collateralised","USD","USD",FALSE,TRUE,0.27797513321492,0.186500888099467,0.373001776198934,0.321936056838366,0.599911190053286,94
"GUSD","sUSD","GUSD->sUSD","Fiat-reserve-backed","Crypto-collateralised","USD","USD",FALSE,TRUE,0.27708703374778,0.166659265837774,0.394175547661338,0.41696269982238,0.69404973357016,95
"sUSD","PAXG","sUSD->PAXG","Crypto-collateralised","Real-asset-backed","USD","Gold",FALSE,FALSE,0.27664298401421,0.185309354647721,0.3724171107164,0.440941385435169,0.717584369449378,96
"sUSD","USDP","sUSD->USDP","Crypto-collateralised","Fiat-reserve-backed","USD","USD",FALSE,TRUE,0.273534635879218,0.183392539964476,0.37064091178212,0.318383658969805,0.591918294849023,97
"EURS","USDP","EURS->USDP","Fiat-reserve-backed","Fiat-reserve-backed","EUR","USD",TRUE,FALSE,0.272202486678508,0.170211663706335,0.387070751924216,0.282415630550622,0.55461811722913,98
"USDP","EURS","USDP->EURS","Fiat-reserve-backed","Fiat-reserve-backed","USD","EUR",TRUE,FALSE,0.266873889875666,0.178063943161634,0.362366785079929,0.308614564831261,0.575488454706927,99
"DAI","sUSD","DAI->sUSD","Crypto-collateralised","Crypto-collateralised","USD","USD",TRUE,TRUE,0.265985790408526,0.15600207223209,0.393872113676732,0.296625222024867,0.562611012433393,100
"sUSD","DAI","sUSD->DAI","Crypto-collateralised","Crypto-collateralised","USD","USD",TRUE,TRUE,0.259769094138544,0.151561574896388,0.381298105387803,0.395204262877442,0.654973357015986,101
"PAXG","TUSD","PAXG->TUSD","Real-asset-backed","Fiat-reserve-backed","Gold","USD",FALSE,FALSE,0.257548845470693,0.166799881586738,0.365756364712848,0.191385435168739,0.448934280639432,102
"USDC","EURS","USDC->EURS","Fiat-reserve-backed","Fiat-reserve-backed","USD","EUR",TRUE,FALSE,0.255772646536412,0.172431912374186,0.353063943161634,0.302397868561279,0.558170515097691,103
"PAXG","USDC","PAXG->USDC","Real-asset-backed","Fiat-reserve-backed","Gold","USD",FALSE,FALSE,0.252664298401421,0.150532859680284,0.371832445233866,0.266429840142096,0.519094138543517,104
"sUSD","TUSD","sUSD->TUSD","Crypto-collateralised","Fiat-reserve-backed","USD","USD",FALSE,TRUE,0.245559502664298,0.1398756660746,0.364283599763174,0.385879218472469,0.631438721136767,105
"EURS","BUSD","EURS->BUSD","Fiat-reserve-backed","Fiat-reserve-backed","EUR","USD",TRUE,FALSE,0.236234458259325,0.129803137951451,0.355099171107164,0.336589698046181,0.572824156305506,106
"PAXG","sUSD","PAXG->sUSD","Real-asset-backed","Crypto-collateralised","Gold","USD",FALSE,FALSE,0.234902309058615,0.157637655417407,0.317939609236234,0.325044404973357,0.559946714031972,107
"DAI","PAXG","DAI->PAXG","Crypto-collateralised","Real-asset-backed","USD","Gold",FALSE,FALSE,0.226021314387211,0.138077264653641,0.320182060390764,0.36234458259325,0.588365896980462,108
"PAXG","DAI","PAXG->DAI","Real-asset-backed","Crypto-collateralised","Gold","USD",FALSE,FALSE,0.22335701598579,0.13765541740675,0.316770278271166,0.336589698046181,0.559946714031972,109
"USDT","PAXG","USDT->PAXG","Fiat-reserve-backed","Real-asset-backed","USD","Gold",FALSE,FALSE,0.182060390763766,0.107904085257549,0.258880994671403,0.420515097690941,0.602575488454707,110
