relative_path,bytes,language_or_type
environment/install_packages.R,979,r
results/onchain_microdata_20260919/build_onchain_daily.py,14338,py
results/section_4_4_reference_adjusted_event_study/code/00_build_reference_adjusted_panels.R,11010,r
results/section_4_4_reference_adjusted_event_study/code/01_estimate_frm_definitions.R,19798,r
results/section_4_4_reference_adjusted_event_study/code/02_event_study_three_definitions.R,40480,r
results/section_4_4_reference_adjusted_event_study/code/03_plot_reference_adjusted_event_study.R,17439,r
results/section_4_4_reference_adjusted_event_study/code/04_finalize_bundle_QA.R,7872,r
results/section_4_4_reference_adjusted_event_study/code/05_plot_figure_4_4_redesign.R,15995,r
results/section_4_4_reference_adjusted_event_study/code/FRM_Statistics_Algorithm.R,12427,r
results/section_4_4_reference_adjusted_event_study/code/run_all.R,757,r
results/section_4_5_stable_crypto/code/00_config.R,3400,r
results/section_4_5_stable_crypto/code/01_build_crypto_panel.R,8440,r
results/section_4_5_stable_crypto/code/02_estimate_crypto_frm.R,11791,r
results/section_4_5_stable_crypto/code/03_build_outcomes.R,9598,r
results/section_4_5_stable_crypto/code/04_cross_market_analysis.R,21577,r
results/section_4_5_stable_crypto/code/05_plot_figure_4_5.R,7796,r
results/section_4_5_stable_crypto/code/06_finalize_QA.R,5765,r
results/section_4_5_stable_crypto/code/FRM_Statistics_Algorithm.R,12427,r
results/section_4_5_stable_crypto/code/run_all.R,1036,r
results/section_5_1_active_risk_drivers/code/section_5_1_active_sets.R,22251,r
results/section_5_2_tail_risk_links/code/section_5_2_inference_and_robustness.R,25041,r
results/section_5_2_tail_risk_links/code/section_5_2_tail_risk_links.R,21142,r
results/section_5_2_tail_risk_links/reference_code/FRM_Stable_Coins_GitHub.R,79799,r
results/section_5_2_tail_risk_links/reference_code/FRM_Statistics_Algorithm_current.R,12427,r
results/section_5_2_tail_risk_links/reference_code/LQRcheck_GitHub.R,1256,r
results/section_5_3_macro_financial/code/section_5_3_macro_financial.R,26891,r
results/section_5_3_macro_financial/reference_code/FRM_Primary_Estimation.R,15937,r
results/section_5_3_macro_financial/reference_code/FRM_Stable_Coins_GitHub.R,79799,r
results/section_5_3_macro_financial/reference_code/Section_5_2_Inference_and_Robustness.R,25041,r
results/section_5_4_external_vs_internal/code/00_config.R,3218,r
results/section_5_4_external_vs_internal/code/01_estimate_block_models.R,16101,r
results/section_5_4_external_vs_internal/code/02_analyse_block_models.R,24195,r
results/section_5_4_external_vs_internal/code/03_plot_figure_5_4.R,7090,r
results/section_5_4_external_vs_internal/code/04_finalize_QA.R,3267,r
results/section_5_4_external_vs_internal/code/run_all.R,530,r
results/section_5_4_external_vs_internal/reference_code/FRM_Stable_Coins_GitHub.R,79799,r
results/section_5_4_external_vs_internal/reference_code/FRM_Statistics_Algorithm.R,12427,r
results/section_5_4_external_vs_internal/reference_code/LQRcheck_GitHub.R,1256,r
results/section_5_5_centrality/code/section_5_5_centrality.R,13128,r
results/section_5_5_centrality/code/section_5_5_onchain_crosscheck.R,3559,r
results/section_5_6_microstructure_extension/code/01_estimate_micro_extension.R,14210,r
results/section_5_6_microstructure_extension/code/02_analyse_micro_extension.R,14087,r
results/section_5_6_microstructure_extension/code/03_input_manifest.R,1839,r
results/section_5_6_microstructure_extension/code/04_build_comparison_workbook.mjs,3475,mjs
results/section_5_6_microstructure_extension/code/05_build_package.py,1077,py
results/section_5_6_microstructure_extension/reference_code/onchain_cleaning/build_onchain_daily.py,14338,py
results/section_5_6_microstructure_extension/reference_code/section5_4/00_config.R,3218,r
results/section_5_6_microstructure_extension/reference_code/section5_4/01_estimate_block_models.R,16101,r
results/section_5_6_microstructure_extension/source_data/input/FRM_Statistics_Algorithm.R,12427,r
results/section_6_1_market_concentration/code/01_build_market_concentration.R,15512,r
results/section_6_2_concentration_dpi/code/01_estimate_concentration_dpi.R,20554,r
results/section_6_3_portfolio_protocol/code/01_run_portfolio_protocol.R,18625,r
results/section_6_4_oos_portfolio_performance/code/01_build_oos_performance.R,12400,r
results/section_6_5_event_resilience/code/01_run_event_resilience.R,17074,r
run_all.R,3775,r
scripts/build_manifest.py,3994,py
scripts/validate_repository.R,2301,r
work/FRM_SC_Study/FRM_SC_adj_heatmap.R,1428,r
work/FRM_SC_Study/FRM_SC_build_fixed_from_csv.R,4240,r
work/FRM_SC_Study/FRM_SC_centrality.R,9926,r
work/FRM_SC_Study/FRM_SC_centrality_indicators.R,16841,r
work/FRM_SC_Study/FRM_SC_centrality_models.R,5463,r
work/FRM_SC_Study/FRM_SC_compare_crypto.R,3232,r
work/FRM_SC_Study/FRM_SC_config.R,1908,r
work/FRM_SC_Study/FRM_SC_crypto_compare.R,4252,r
work/FRM_SC_Study/FRM_SC_estimation.R,4574,r
work/FRM_SC_Study/FRM_SC_estimation_varying.R,1912,r
work/FRM_SC_Study/FRM_SC_frm_plot_stable.R,497,r
work/FRM_SC_Study/FRM_SC_helpers.R,2633,r
work/FRM_SC_Study/FRM_SC_hhi.R,5241,r
work/FRM_SC_Study/FRM_SC_hhi_vs_frm.R,8838,r
work/FRM_SC_Study/FRM_SC_history_outputs.R,2382,r
work/FRM_SC_Study/FRM_SC_index_and_charts.R,2104,r
work/FRM_SC_Study/FRM_SC_load_data.R,2617,r
work/FRM_SC_Study/FRM_SC_macro.R,2728,r
work/FRM_SC_Study/FRM_SC_network.R,3836,r
work/FRM_SC_Study/FRM_SC_network_gif.R,7441,r
work/FRM_SC_Study/FRM_SC_portfolio_LTEC.R,16122,r
work/FRM_SC_Study/FRM_SC_portfolio_dynamic.R,16741,r
work/FRM_SC_Study/FRM_SC_portfolios.R,6353,r
work/FRM_SC_Study/FRM_SC_preprocess.R,2086,r
work/FRM_SC_Study/FRM_SC_run_all.R,575,r
work/FRM_SC_Study/FRM_SC_utils.R,4209,r
work/FRM_SC_Study/FRM_Statistics_Algorithm.R,12427,r
work/master-thesis-code/00_config.R,2894,r
work/master-thesis-code/00_rebuild_input_panels_optional.R,9726,r
work/master-thesis-code/01_validate_inputs.R,6765,r
work/master-thesis-code/02_estimate_frm.R,15937,r
work/master-thesis-code/03_plot_frm.R,6246,r
work/master-thesis-code/04_finalize_audit.R,4066,r
work/master-thesis-code/05_plot_figure_4_4_redesign.R,15995,r
work/master-thesis-code/11 Stable coins_cap.ipynb,95946,ipynb
work/master-thesis-code/FRM_SC_peg_descriptives.R,37323,r
work/master-thesis-code/deviation from prg USDT_USD (figure 2.2) .ipynb,3622,ipynb
work/master-thesis-code/figure 2.3 Mean and Quantile Regression of Stable coins Peg Deviations.ipynb,98026,ipynb
