relative_path,bytes,format,role
manifest/code_inventory.csv,6541,csv,supporting data
manifest/data_inventory.csv,0,csv,supporting data
manifest/package_summary.json,280,json,supporting data
outputs/onchain_microdata_20260919/onchain_data_quality_checks.csv,3550,csv,supporting data
outputs/onchain_microdata_20260919/stablecoin_onchain_daily_20200101_20260531.csv,450266,csv,supporting data
outputs/section_4_4_reference_adjusted_event_study/config/events_excluded_or_exploratory.csv,615,csv,supporting data
outputs/section_4_4_reference_adjusted_event_study/config/events_primary.csv,1086,csv,supporting data
outputs/section_4_4_reference_adjusted_event_study/qa/FRM_definition_manifest.csv,1265,csv,quality assurance
outputs/section_4_4_reference_adjusted_event_study/qa/FRM_reestimation_QA.csv,2479,csv,quality assurance
outputs/section_4_4_reference_adjusted_event_study/qa/FRM_reestimation_summary.csv,3337,csv,quality assurance
outputs/section_4_4_reference_adjusted_event_study/qa/benchmark_carry_audit.csv,524,csv,quality assurance
outputs/section_4_4_reference_adjusted_event_study/qa/event_study_QA.csv,822,csv,quality assurance
outputs/section_4_4_reference_adjusted_event_study/qa/event_window_coverage.csv,320,csv,quality assurance
outputs/section_4_4_reference_adjusted_event_study/qa/figure_export_QA.csv,585,csv,quality assurance
outputs/section_4_4_reference_adjusted_event_study/qa/file_manifest_md5.csv,10854,csv,quality assurance
outputs/section_4_4_reference_adjusted_event_study/qa/final_FRM_system_counts.csv,301,csv,quality assurance
outputs/section_4_4_reference_adjusted_event_study/qa/final_bundle_QA.csv,1022,csv,quality assurance
outputs/section_4_4_reference_adjusted_event_study/qa/reference_adjustment_QA.csv,648,csv,quality assurance
outputs/section_4_4_reference_adjusted_event_study/qa/reference_adjustment_missingness.csv,508,csv,quality assurance
outputs/section_4_4_reference_adjusted_event_study/qa/reference_adjustment_return_audit.csv,696,csv,quality assurance
outputs/section_4_4_reference_adjusted_event_study/source_data/Source_Data_Figure_4_4.csv,435230,csv,derived source data
outputs/section_4_4_reference_adjusted_event_study/source_data/Source_Data_Figure_4_4_Redesigned.csv,1897,csv,derived source data
outputs/section_4_4_reference_adjusted_event_study/source_data/Source_Data_Figure_4_4d_Hormuz_Mechanism.csv,43788,csv,derived source data
outputs/section_4_4_reference_adjusted_event_study/source_data/frm/reference_adjusted_11/estimation_QA.csv,644,csv,derived source data
outputs/section_4_4_reference_adjusted_event_study/source_data/frm/reference_adjusted_11/estimation_summary.csv,857,csv,derived source data
outputs/section_4_4_reference_adjusted_event_study/source_data/frm/reference_adjusted_11/frm_numerical_screened.csv,76153,csv,derived source data
outputs/section_4_4_reference_adjusted_event_study/source_data/frm/reference_adjusted_11/frm_strict.csv,76152,csv,derived source data
outputs/section_4_4_reference_adjusted_event_study/source_data/frm/reference_adjusted_11/lambdas_numerical_screened.csv,517755,csv,derived source data
outputs/section_4_4_reference_adjusted_event_study/source_data/frm/reference_adjusted_11/lambdas_strict.csv,517751,csv,derived source data
outputs/section_4_4_reference_adjusted_event_study/source_data/frm/reference_adjusted_11/return_coverage.csv,865,csv,derived source data
outputs/section_4_4_reference_adjusted_event_study/source_data/frm/reference_adjusted_11/target_diagnostics.csv,4875692,csv,derived source data
outputs/section_4_4_reference_adjusted_event_study/source_data/frm/reference_adjusted_11_robust_scaled/estimation_QA.csv,727,csv,derived source data
outputs/section_4_4_reference_adjusted_event_study/source_data/frm/reference_adjusted_11_robust_scaled/estimation_summary.csv,1004,csv,derived source data
outputs/section_4_4_reference_adjusted_event_study/source_data/frm/reference_adjusted_11_robust_scaled/frm_numerical_screened.csv,70393,csv,derived source data
outputs/section_4_4_reference_adjusted_event_study/source_data/frm/reference_adjusted_11_robust_scaled/frm_strict.csv,70393,csv,derived source data
outputs/section_4_4_reference_adjusted_event_study/source_data/frm/reference_adjusted_11_robust_scaled/lambdas_numerical_screened.csv,456082,csv,derived source data
outputs/section_4_4_reference_adjusted_event_study/source_data/frm/reference_adjusted_11_robust_scaled/lambdas_strict.csv,456082,csv,derived source data
outputs/section_4_4_reference_adjusted_event_study/source_data/frm/reference_adjusted_11_robust_scaled/return_coverage.csv,1089,csv,derived source data
outputs/section_4_4_reference_adjusted_event_study/source_data/frm/reference_adjusted_11_robust_scaled/target_diagnostics.csv,4606303,csv,derived source data
outputs/section_4_4_reference_adjusted_event_study/source_data/frm/usd_only_8/estimation_QA.csv,576,csv,derived source data
outputs/section_4_4_reference_adjusted_event_study/source_data/frm/usd_only_8/estimation_summary.csv,726,csv,derived source data
outputs/section_4_4_reference_adjusted_event_study/source_data/frm/usd_only_8/frm_numerical_screened.csv,74373,csv,derived source data
outputs/section_4_4_reference_adjusted_event_study/source_data/frm/usd_only_8/frm_strict.csv,74374,csv,derived source data
outputs/section_4_4_reference_adjusted_event_study/source_data/frm/usd_only_8/lambdas_numerical_screened.csv,383007,csv,derived source data
outputs/section_4_4_reference_adjusted_event_study/source_data/frm/usd_only_8/lambdas_strict.csv,382992,csv,derived source data
outputs/section_4_4_reference_adjusted_event_study/source_data/frm/usd_only_8/return_coverage.csv,565,csv,derived source data
outputs/section_4_4_reference_adjusted_event_study/source_data/frm/usd_only_8/target_diagnostics.csv,3949063,csv,derived source data
outputs/section_4_4_reference_adjusted_event_study/source_data/frm/usd_only_8_robust_scaled/estimation_QA.csv,658,csv,derived source data
outputs/section_4_4_reference_adjusted_event_study/source_data/frm/usd_only_8_robust_scaled/estimation_summary.csv,876,csv,derived source data
outputs/section_4_4_reference_adjusted_event_study/source_data/frm/usd_only_8_robust_scaled/frm_numerical_screened.csv,68892,csv,derived source data
outputs/section_4_4_reference_adjusted_event_study/source_data/frm/usd_only_8_robust_scaled/frm_strict.csv,68892,csv,derived source data
outputs/section_4_4_reference_adjusted_event_study/source_data/frm/usd_only_8_robust_scaled/lambdas_numerical_screened.csv,336642,csv,derived source data
outputs/section_4_4_reference_adjusted_event_study/source_data/frm/usd_only_8_robust_scaled/lambdas_strict.csv,336639,csv,derived source data
outputs/section_4_4_reference_adjusted_event_study/source_data/frm/usd_only_8_robust_scaled/return_coverage.csv,747,csv,derived source data
outputs/section_4_4_reference_adjusted_event_study/source_data/frm/usd_only_8_robust_scaled/target_diagnostics.csv,3719898,csv,derived source data
outputs/section_4_4_reference_adjusted_event_study/source_data/prepared/Stable_Price_USD_only_8.csv,352111,csv,derived source data
outputs/section_4_4_reference_adjusted_event_study/source_data/prepared/Stable_Price_reference_adjusted_11.csv,474446,csv,derived source data
outputs/section_4_4_reference_adjusted_event_study/source_data/prepared/non_usd_reference_adjustment_daily.csv,613963,csv,derived source data
outputs/section_4_4_reference_adjusted_event_study/source_data/prepared/reference_benchmark_panel.csv,347189,csv,derived source data
outputs/section_4_4_reference_adjusted_event_study/source_data/prepared/stablecoin_reference_map.csv,573,csv,derived source data
outputs/section_4_4_reference_adjusted_event_study/source_data/raw/EURUSD.csv,28865,csv,derived source data
outputs/section_4_4_reference_adjusted_event_study/source_data/raw/FRED_DCOILBRENTEU.csv,192614,csv,derived source data
outputs/section_4_4_reference_adjusted_event_study/source_data/raw/FRED_DCOILWTICO.csv,198804,csv,derived source data
outputs/section_4_4_reference_adjusted_event_study/source_data/raw/IDRUSD.csv,46301,csv,derived source data
outputs/section_4_4_reference_adjusted_event_study/source_data/raw/Stable_Macro_20260531.csv,142096,csv,derived source data
outputs/section_4_4_reference_adjusted_event_study/source_data/raw/Stable_Mktcap_20260531.csv,454687,csv,derived source data
outputs/section_4_4_reference_adjusted_event_study/source_data/raw/Stable_Price_20260531.csv,480147,csv,derived source data
outputs/section_4_4_reference_adjusted_event_study/source_data/raw/XAUUSD.csv,30582,csv,derived source data
outputs/section_4_4_reference_adjusted_event_study/source_data/raw/benchmark_data_audit.csv,727,csv,derived source data
outputs/section_4_4_reference_adjusted_event_study/source_data/raw/frm_numerical_sensitivity.csv,80720,csv,derived source data
outputs/section_4_4_reference_adjusted_event_study/source_data/raw/frm_strict.csv,80718,csv,derived source data
outputs/section_4_4_reference_adjusted_event_study/source_data/raw/lambdas_wide.csv,522557,csv,derived source data
outputs/section_4_4_reference_adjusted_event_study/source_data/raw/macro_hormuz_daily.csv,93685,csv,derived source data
outputs/section_4_4_reference_adjusted_event_study/source_data/raw/peg_panel_minimal.csv,1999688,csv,derived source data
outputs/section_4_4_reference_adjusted_event_study/tables/Table_4_4a_Primary_Reference_Adjusted_Event_Effects_HAC90.csv,10508,csv,reported table
outputs/section_4_4_reference_adjusted_event_study/tables/Table_4_4b_FRM_Definition_Robustness_HAC90.csv,21934,csv,reported table
outputs/section_4_4_reference_adjusted_event_study/tables/Table_4_4c_Benchmark_Contamination_and_Composition_Contrasts_HAC90.csv,10740,csv,reported table
outputs/section_4_4_reference_adjusted_event_study/tables/Table_4_4d_Embedded_USD_Target_Subindex_HAC90.csv,2379,csv,reported table
outputs/section_4_4_reference_adjusted_event_study/tables/Table_4_4e_USD_Only_Divergence_Decomposition_HAC90.csv,6077,csv,reported table
outputs/section_4_4_reference_adjusted_event_study/tables/Table_4_4f_Window_Robust_Scaling_Sensitivity_HAC90.csv,6407,csv,reported table
outputs/section_4_4_reference_adjusted_event_study/tables/Table_4_5_Adjusted_FRM_Shock_Signatures.csv,4224,csv,reported table
outputs/section_4_4_reference_adjusted_event_study/tables/Table_4_5b_Cross_Definition_Breadth_Concentration_and_Leave_One_Out.csv,6727,csv,reported table
outputs/section_4_4_reference_adjusted_event_study/tables/Table_4_6_Reference_Adjusted_Peg_Validation_HAC90.csv,7765,csv,reported table
outputs/section_4_4_reference_adjusted_event_study/tables/Table_4_7_Hormuz_Macro_Mechanism_Descriptives.csv,2498,csv,reported table
outputs/section_4_4_reference_adjusted_event_study/tables/Table_S4_4_All_FRM_Definitions_All_Contrasts_HAC90.csv,84984,csv,reported table
outputs/section_4_4_reference_adjusted_event_study/tables/Table_S4_4_HAC_Lag_Sensitivity_Adjusted.csv,7573,csv,reported table
outputs/section_4_4_reference_adjusted_event_study/tables/Table_S4_4_Paired_Definition_Contrasts_All_Windows.csv,41716,csv,reported table
outputs/section_4_4_reference_adjusted_event_study/tables/Table_S4_4_USD_Only_Divergence_All_Windows.csv,23148,csv,reported table
outputs/section_4_4_reference_adjusted_event_study/tables/Table_S4_5_Adjusted_Lambda_Contributions.csv,5364,csv,reported table
outputs/section_4_4_reference_adjusted_event_study/tables/Table_S4_5_Cross_Definition_Lambda_Contributions.csv,27360,csv,reported table
outputs/section_4_5_stable_crypto/config/crypto_asset_universe.csv,912,csv,supporting data
outputs/section_4_5_stable_crypto/config/events_primary.csv,1086,csv,supporting data
outputs/section_4_5_stable_crypto/config/nature_figure/backend.json,21,json,supporting data
outputs/section_4_5_stable_crypto/figures/Figure_4_5_source_data.csv,6315,csv,supporting data
outputs/section_4_5_stable_crypto/qa/FRM_Crypto_estimation_summary.csv,676,csv,quality assurance
outputs/section_4_5_stable_crypto/qa/Figure_4_5_static_preflight.json,2540,json,quality assurance
outputs/section_4_5_stable_crypto/qa/Section_4_5_analysis_QA.csv,1104,csv,quality assurance
outputs/section_4_5_stable_crypto/qa/Section_4_5_final_QA.csv,883,csv,quality assurance
outputs/section_4_5_stable_crypto/qa/Section_4_5_outcome_panel_QA.csv,622,csv,quality assurance
outputs/section_4_5_stable_crypto/qa/bundle_manifest_md5.csv,6033,csv,quality assurance
outputs/section_4_5_stable_crypto/qa/crypto_asset_coverage.csv,1032,csv,quality assurance
outputs/section_4_5_stable_crypto/qa/crypto_panel_QA.csv,469,csv,quality assurance
outputs/section_4_5_stable_crypto/qa/crypto_source_manifest.csv,6897,csv,quality assurance
outputs/section_4_5_stable_crypto/results/Section_4_5_OOS_Predictions.csv,7002010,csv,supporting data
outputs/section_4_5_stable_crypto/results/Section_4_5_OOS_Predictions_Robustness.csv,10216029,csv,supporting data
outputs/section_4_5_stable_crypto/source_data/frm_crypto/balanced_complete_9/estimation_QA.csv,418,csv,derived source data
outputs/section_4_5_stable_crypto/source_data/frm_crypto/balanced_complete_9/estimation_summary.csv,394,csv,derived source data
outputs/section_4_5_stable_crypto/source_data/frm_crypto/balanced_complete_9/frm_numerical_screened.csv,74717,csv,derived source data
outputs/section_4_5_stable_crypto/source_data/frm_crypto/balanced_complete_9/frm_strict.csv,74701,csv,derived source data
outputs/section_4_5_stable_crypto/source_data/frm_crypto/balanced_complete_9/lambdas_numerical_screened.csv,367678,csv,derived source data
outputs/section_4_5_stable_crypto/source_data/frm_crypto/balanced_complete_9/lambdas_strict.csv,367694,csv,derived source data
outputs/section_4_5_stable_crypto/source_data/frm_crypto/balanced_complete_9/target_diagnostics.csv,2204807,csv,derived source data
outputs/section_4_5_stable_crypto/source_data/frm_crypto/ppt_dynamic_15/estimation_QA.csv,417,csv,derived source data
outputs/section_4_5_stable_crypto/source_data/frm_crypto/ppt_dynamic_15/estimation_summary.csv,390,csv,derived source data
outputs/section_4_5_stable_crypto/source_data/frm_crypto/ppt_dynamic_15/frm_numerical_screened.csv,78652,csv,derived source data
outputs/section_4_5_stable_crypto/source_data/frm_crypto/ppt_dynamic_15/frm_strict.csv,78653,csv,derived source data
outputs/section_4_5_stable_crypto/source_data/frm_crypto/ppt_dynamic_15/lambdas_numerical_screened.csv,622256,csv,derived source data
outputs/section_4_5_stable_crypto/source_data/frm_crypto/ppt_dynamic_15/lambdas_strict.csv,622254,csv,derived source data
outputs/section_4_5_stable_crypto/source_data/frm_crypto/ppt_dynamic_15/target_diagnostics.csv,3662348,csv,derived source data
outputs/section_4_5_stable_crypto/source_data/input/FRM_Stable_adjusted11_screened.csv,76153,csv,frozen analysis input
outputs/section_4_5_stable_crypto/source_data/input/FRM_Stable_adjusted11_strict.csv,76152,csv,frozen analysis input
outputs/section_4_5_stable_crypto/source_data/input/FRM_Stable_usd8_screened.csv,74373,csv,frozen analysis input
outputs/section_4_5_stable_crypto/source_data/input/peg_panel_reference_adjusted.csv,1999688,csv,frozen analysis input
outputs/section_4_5_stable_crypto/source_data/prepared/Broad_Crypto_Market_Return_Daily.csv,122129,csv,derived source data
outputs/section_4_5_stable_crypto/source_data/prepared/Crypto_MarketCap_15_PPT.csv,568480,csv,derived source data
outputs/section_4_5_stable_crypto/source_data/prepared/Crypto_Price_15_PPT.csv,600948,csv,derived source data
outputs/section_4_5_stable_crypto/source_data/prepared/Crypto_Volume_15_PPT.csv,573482,csv,derived source data
outputs/section_4_5_stable_crypto/source_data/prepared/Reference_Adjusted_Stablecoin_Outcomes_Daily.csv,180321,csv,derived source data
outputs/section_4_5_stable_crypto/source_data/prepared/Section_4_5_daily_analysis_panel.csv,687294,csv,derived source data
outputs/section_4_5_stable_crypto/tables/Table_4_5a_Risk_State_Shares.csv,183,csv,reported table
outputs/section_4_5_stable_crypto/tables/Table_4_5b_FRM_Coupling.csv,279,csv,reported table
outputs/section_4_5_stable_crypto/tables/Table_4_5c_High_Risk_State_Association.csv,403,csv,reported table
outputs/section_4_5_stable_crypto/tables/Table_4_5d_OOS_R2.csv,9139,csv,reported table
outputs/section_4_5_stable_crypto/tables/Table_4_5e_OOS_Forecast_Tests.csv,26298,csv,reported table
outputs/section_4_5_stable_crypto/tables/Table_4_5f_Paired_Event_Effects_0_30_HAC90.csv,6042,csv,reported table
outputs/section_4_5_stable_crypto/tables/Table_S4_5_All_Paired_Event_Effects_HAC90.csv,52411,csv,reported table
outputs/section_4_5_stable_crypto/tables/Table_S4_5_OOS_Definition_Robustness.csv,11597,csv,reported table
outputs/section_4_5_stable_crypto/tables/Table_S4_5_Risk_State_Transitions.csv,869,csv,reported table
outputs/section_5_1_active_risk_drivers/qa/analysis_QA.csv,578,csv,quality assurance
outputs/section_5_1_active_risk_drivers/qa/input_manifest_md5.csv,157,csv,quality assurance
outputs/section_5_1_active_risk_drivers/qa/nature_figure_validation.json,2615,json,quality assurance
outputs/section_5_1_active_risk_drivers/source_data/Daily_Active_Set_Composition.csv,267351,csv,derived source data
outputs/section_5_1_active_risk_drivers/source_data/Figure_5_1_Active_Risk_Drivers.csv,100687,csv,derived source data
outputs/section_5_1_active_risk_drivers/source_data/Target_Day_Active_Set_Metrics.csv,1790510,csv,derived source data
outputs/section_5_1_active_risk_drivers/source_data/input/dpi_primary_robust_mad_strict.csv,375975,csv,frozen analysis input
outputs/section_5_1_active_risk_drivers/source_data/input/selected_coefficients_strict.csv.gz,3631462,csv.gz,frozen analysis input
outputs/section_5_1_active_risk_drivers/tables/Table_5_1_Active_Set_Composition_by_DPI_State.csv,1205,csv,reported table
outputs/section_5_1_active_risk_drivers/tables/Table_S5_1_Predictor_Selection_Frequencies.csv,3793,csv,reported table
outputs/section_5_1_active_risk_drivers/tables/Table_S5_2_Target_Active_Set_Size.csv,871,csv,reported table
outputs/section_5_1_active_risk_drivers/tables/Table_S5_3_Active_Set_Composition_by_Year.csv,671,csv,reported table
outputs/section_5_2_tail_risk_links/qa/analysis_QA.csv,752,csv,quality assurance
outputs/section_5_2_tail_risk_links/qa/inference_input_manifest_md5.csv,381,csv,quality assurance
outputs/section_5_2_tail_risk_links/qa/inference_robustness_QA.csv,992,csv,quality assurance
outputs/section_5_2_tail_risk_links/qa/input_manifest_md5.csv,157,csv,quality assurance
outputs/section_5_2_tail_risk_links/qa/nature_figure_validation.json,2615,json,quality assurance
outputs/section_5_2_tail_risk_links/source_data/Daily_Stablecoin_Link_Network.csv,330050,csv,derived source data
outputs/section_5_2_tail_risk_links/source_data/Directed_Pair_Link_Metrics.csv,37278,csv,derived source data
outputs/section_5_2_tail_risk_links/source_data/Directed_Pair_Link_Metrics_by_DPI_State.csv,108982,csv,derived source data
outputs/section_5_2_tail_risk_links/source_data/Directed_Pair_Link_Metrics_with_Block_CI.csv,20767,csv,derived source data
outputs/section_5_2_tail_risk_links/source_data/input/dpi_primary_robust_mad_strict.csv,375975,csv,frozen analysis input
outputs/section_5_2_tail_risk_links/source_data/input/output_window_imputation_flags.csv,47722,csv,frozen analysis input
outputs/section_5_2_tail_risk_links/source_data/input/selected_coefficients_raw_strict.csv.gz,3212362,csv.gz,frozen analysis input
outputs/section_5_2_tail_risk_links/source_data/input/selected_coefficients_screened.csv.gz,3631423,csv.gz,frozen analysis input
outputs/section_5_2_tail_risk_links/source_data/input/selected_coefficients_strict.csv.gz,3631462,csv.gz,frozen analysis input
outputs/section_5_2_tail_risk_links/tables/Table_5_2_Persistent_Downside_Aligned_Links.csv,1607,csv,reported table
outputs/section_5_2_tail_risk_links/tables/Table_5_2_Persistent_Links_with_Uncertainty.csv,1180,csv,reported table
outputs/section_5_2_tail_risk_links/tables/Table_5_2_Systemwide_Downside_Alignment.csv,435,csv,reported table
outputs/section_5_2_tail_risk_links/tables/Table_S5_10_State_Contrast_Block_Bootstrap.csv,250,csv,reported table
outputs/section_5_2_tail_risk_links/tables/Table_S5_11_Chronological_Stability.csv,261,csv,reported table
outputs/section_5_2_tail_risk_links/tables/Table_S5_2_Directional_Asymmetry.csv,4919,csv,reported table
outputs/section_5_2_tail_risk_links/tables/Table_S5_3_Network_Composition_by_DPI_State.csv,664,csv,reported table
outputs/section_5_2_tail_risk_links/tables/Table_S5_4_Aligned_Link_State_Shifts.csv,7125,csv,reported table
outputs/section_5_2_tail_risk_links/tables/Table_S5_5_Within_and_Cross_Group_Links.csv,615,csv,reported table
outputs/section_5_2_tail_risk_links/tables/Table_S5_6_Directional_Asymmetry_HAC90_Holm.csv,10940,csv,reported table
outputs/section_5_2_tail_risk_links/tables/Table_S5_7_Group_Contrasts_HAC90.csv,551,csv,reported table
outputs/section_5_2_tail_risk_links/tables/Table_S5_8_Specification_Robustness.csv,552,csv,reported table
outputs/section_5_2_tail_risk_links/tables/Table_S5_9_Network_Density_HAC90.csv,298,csv,reported table
outputs/section_5_3_macro_financial/qa/analysis_QA.csv,474,csv,quality assurance
outputs/section_5_3_macro_financial/qa/input_manifest_md5.csv,426,csv,quality assurance
outputs/section_5_3_macro_financial/qa/nature_figure_validation.json,2627,json,quality assurance
outputs/section_5_3_macro_financial/source_data/Figure_5_3_Macro_Financial_Selection.csv,8395,csv,derived source data
outputs/section_5_3_macro_financial/source_data/input/dpi_primary_robust_mad_strict.csv,375975,csv,frozen analysis input
outputs/section_5_3_macro_financial/source_data/input/output_window_imputation_flags.csv,47722,csv,frozen analysis input
outputs/section_5_3_macro_financial/source_data/input/selected_coefficients_raw_strict.csv.gz,3212362,csv.gz,frozen analysis input
outputs/section_5_3_macro_financial/source_data/input/selected_coefficients_screened.csv.gz,3631423,csv.gz,frozen analysis input
outputs/section_5_3_macro_financial/source_data/input/selected_coefficients_strict.csv.gz,3631462,csv.gz,frozen analysis input
outputs/section_5_3_macro_financial/tables/Table_5_3_Macro_Factor_Summary.csv,2512,csv,reported table
outputs/section_5_3_macro_financial/tables/Table_S5_12_Global_Factor_Equality_HAC90.csv,219,csv,reported table
outputs/section_5_3_macro_financial/tables/Table_S5_13_Pairwise_Factor_Selection_HAC90_Holm.csv,1642,csv,reported table
outputs/section_5_3_macro_financial/tables/Table_S5_14_Target_Heterogeneity_HAC90_Holm.csv,748,csv,reported table
outputs/section_5_3_macro_financial/tables/Table_S5_15_Macro_Selection_by_DPI_State.csv,1100,csv,reported table
outputs/section_5_3_macro_financial/tables/Table_S5_16_DXY_by_Reference_Asset.csv,438,csv,reported table
outputs/section_5_3_macro_financial/tables/Table_S5_17_Macro_Rank_Robustness.csv,319,csv,reported table
outputs/section_5_4_external_vs_internal/qa/analysis_QA.csv,435,csv,quality assurance
outputs/section_5_4_external_vs_internal/qa/bundle_manifest_md5.csv,4123,csv,quality assurance
outputs/section_5_4_external_vs_internal/qa/estimation_QA.csv,452,csv,quality assurance
outputs/section_5_4_external_vs_internal/qa/figure_QA.csv,272,csv,quality assurance
outputs/section_5_4_external_vs_internal/qa/final_bundle_QA.csv,183,csv,quality assurance
outputs/section_5_4_external_vs_internal/qa/frozen_input_alignment_QA.csv,200,csv,quality assurance
outputs/section_5_4_external_vs_internal/qa/input_manifest_md5.csv,403,csv,quality assurance
outputs/section_5_4_external_vs_internal/qa/nature_figure_validation.json,2599,json,quality assurance
outputs/section_5_4_external_vs_internal/source_data/Daily_Block_Model_GACV.csv,1148467,csv,derived source data
outputs/section_5_4_external_vs_internal/source_data/Daily_Block_Model_Losses.csv,1149145,csv,derived source data
outputs/section_5_4_external_vs_internal/source_data/Figure_5_4_Source_Data.csv,13040,csv,derived source data
outputs/section_5_4_external_vs_internal/source_data/OOS_Block_Model_Predictions.csv.gz,11180215,csv.gz,derived source data
outputs/section_5_4_external_vs_internal/source_data/OOS_Block_Model_Predictions.rds,5656204,rds,derived source data
outputs/section_5_4_external_vs_internal/source_data/Target_Level_Conditional_Performance.csv,2889,csv,derived source data
outputs/section_5_4_external_vs_internal/source_data/Target_Level_OOS_Performance.csv,3842,csv,derived source data
outputs/section_5_4_external_vs_internal/source_data/input/Stable_Macro_20260531.csv,142096,csv,frozen analysis input
outputs/section_5_4_external_vs_internal/source_data/input/output_window_imputation_flags.csv,47722,csv,frozen analysis input
outputs/section_5_4_external_vs_internal/source_data/input/peg_panel_reference_adjusted.csv,1999688,csv,frozen analysis input
outputs/section_5_4_external_vs_internal/source_data/input/selected_coefficients_strict.csv.gz,3631462,csv.gz,frozen analysis input
outputs/section_5_4_external_vs_internal/tables/Table_5_4_Conditional_Block_Contrasts.csv,2710,csv,reported table
outputs/section_5_4_external_vs_internal/tables/Table_5_4_Conditional_Model_Performance.csv,1955,csv,reported table
outputs/section_5_4_external_vs_internal/tables/Table_5_4_Main_Results.csv,488,csv,reported table
outputs/section_5_4_external_vs_internal/tables/Table_5_4_OOS_Block_Contrasts.csv,2351,csv,reported table
outputs/section_5_4_external_vs_internal/tables/Table_5_4_OOS_Model_Performance.csv,3046,csv,reported table
outputs/section_5_4_external_vs_internal/tables/Table_5_4_Timing_Contrasts.csv,782,csv,reported table
outputs/section_5_4_external_vs_internal/tables/Table_S5_18_Conditional_GACV_Decomposition.csv,1428,csv,reported table
outputs/section_5_4_external_vs_internal/tables/Table_S5_19_Clean_Window_Robustness.csv,2170,csv,reported table
outputs/section_5_4_external_vs_internal/tables/Table_S5_20_Quantile_Calibration.csv,2197,csv,reported table
outputs/section_5_5_centrality/qa/analysis_QA.csv,217,csv,quality assurance
outputs/section_5_5_centrality/qa/input_md5.csv,306,csv,quality assurance
outputs/section_5_5_centrality/source_data/Daily_Network_Summary.csv,153119,csv,derived source data
outputs/section_5_5_centrality/source_data/Daily_Node_Centrality.csv,2306678,csv,derived source data
outputs/section_5_5_centrality/source_data/Figure_5_5_Source_Data.csv,1468,csv,derived source data
outputs/section_5_5_centrality/source_data/SVB_Onchain_Crosscheck_Daily.csv,868,csv,derived source data
outputs/section_5_5_centrality/source_data/input/dpi_primary_robust_mad_strict.csv,375975,csv,frozen analysis input
outputs/section_5_5_centrality/source_data/input/output_window_imputation_flags.csv,47722,csv,frozen analysis input
outputs/section_5_5_centrality/source_data/input/selected_coefficients_raw_strict.csv.gz,3212362,csv.gz,frozen analysis input
outputs/section_5_5_centrality/source_data/input/selected_coefficients_strict.csv.gz,3631462,csv.gz,frozen analysis input
outputs/section_5_5_centrality/tables/Table_5_5_Network_Roles.csv,1468,csv,reported table
outputs/section_5_5_centrality/tables/Table_S5_5_All_Node_Centralities.csv,6792,csv,reported table
outputs/section_5_5_centrality/tables/Table_S5_5_Node_Sensitivity.csv,4479,csv,reported table
outputs/section_5_5_centrality/tables/Table_S5_5_Out_Minus_In_HAC90.csv,1320,csv,reported table
outputs/section_5_5_centrality/tables/Table_S5_5_SVB_Onchain_Crosscheck.csv,1043,csv,reported table
outputs/section_5_5_centrality/tables/Table_S5_5_Specification_Rank_Sensitivity.csv,538,csv,reported table
outputs/section_5_6_microstructure_extension/qa/comparison_QA.csv,249,csv,quality assurance
outputs/section_5_6_microstructure_extension/qa/estimation_QA.csv,285,csv,quality assurance
outputs/section_5_6_microstructure_extension/qa/input_coverage.csv,257,csv,quality assurance
outputs/section_5_6_microstructure_extension/qa/input_manifest_md5.csv,1238,csv,quality assurance
outputs/section_5_6_microstructure_extension/reference_code/onchain_cleaning/onchain_data_quality_checks.csv,3550,csv,supporting data
outputs/section_5_6_microstructure_extension/source_data/Augmented_Predictions.csv.gz,2377615,csv.gz,derived source data
outputs/section_5_6_microstructure_extension/source_data/Augmented_Predictions.rds,1724656,rds,derived source data
outputs/section_5_6_microstructure_extension/source_data/Daily_Auxiliary_Lambda_Index.csv,111749,csv,derived source data
outputs/section_5_6_microstructure_extension/source_data/Daily_Matched_Model_Comparison.csv,747482,csv,derived source data
outputs/section_5_6_microstructure_extension/source_data/Paired_Target_Diagnostics.csv,8890844,csv,derived source data
outputs/section_5_6_microstructure_extension/source_data/input/OOS_Block_Model_Predictions.rds,5656204,rds,frozen analysis input
outputs/section_5_6_microstructure_extension/source_data/input/Stable_Macro_20260531.csv,142096,csv,frozen analysis input
outputs/section_5_6_microstructure_extension/source_data/input/dpi_primary_robust_mad_strict.csv,375975,csv,frozen analysis input
outputs/section_5_6_microstructure_extension/source_data/input/peg_panel_reference_adjusted.csv,1999688,csv,frozen analysis input
outputs/section_5_6_microstructure_extension/source_data/input/stablecoin_onchain_daily_20200101_20260531.csv,450266,csv,frozen analysis input
outputs/section_5_6_microstructure_extension/tables/Chapter_5_Microstructure_Comparison.xlsx,4997,xlsx,reported table
outputs/section_5_6_microstructure_extension/tables/Table_5_6_Manuscript_Comparison.csv,923,csv,reported table
outputs/section_5_6_microstructure_extension/tables/Table_5_6_Matched_Model_Comparison.csv,1556,csv,reported table
outputs/section_5_6_microstructure_extension/tables/Table_S5_6_Auxiliary_Index.csv,303,csv,reported table
outputs/section_5_6_microstructure_extension/tables/Table_S5_6_Micro_Selection.csv,926,csv,reported table
outputs/section_5_6_microstructure_extension/tables/Table_S5_6_Pool_Coverage_Contrast.csv,350,csv,reported table
outputs/section_5_6_microstructure_extension/tables/Table_S5_6_Pool_Coverage_Groups.csv,557,csv,reported table
outputs/section_5_6_microstructure_extension/tables/Table_S5_6_Target_Level_Micro_Selection.csv,2890,csv,reported table
outputs/section_5_6_microstructure_extension/tables/Table_S5_6_Target_Level_Performance.csv,3241,csv,reported table
outputs/section_6_1_market_concentration/figures/Figure_6_1_source_data.csv,224386,csv,supporting data
outputs/section_6_1_market_concentration/qa/concentration_QA.csv,481,csv,quality assurance
outputs/section_6_1_market_concentration/qa/source_manifest.csv,5355,csv,quality assurance
outputs/section_6_1_market_concentration/source_data/input/paxg_market_chart_20260407_20260531.json,136140,json,frozen analysis input
outputs/section_6_1_market_concentration/source_data/market_cap_calendar_panel.csv,1768369,csv,derived source data
outputs/section_6_1_market_concentration/source_data/market_cap_selected_long.csv,2094012,csv,derived source data
outputs/section_6_1_market_concentration/source_data/market_cap_share_panel.csv,2701621,csv,derived source data
outputs/section_6_1_market_concentration/tables/Table_6_1_Daily_Concentration.csv,379717,csv,reported table
outputs/section_6_1_market_concentration/tables/Table_S6_1_Annual_Concentration.csv,1189,csv,reported table
outputs/section_6_1_market_concentration/tables/Table_S6_1_Coin_Shares.csv,1146,csv,reported table
outputs/section_6_1_market_concentration/tables/Table_S6_1_Overall_Summary.csv,483,csv,reported table
outputs/section_6_2_concentration_dpi/figures/Figure_6_2_source_data.csv,4404,csv,supporting data
outputs/section_6_2_concentration_dpi/qa/analysis_QA.csv,693,csv,quality assurance
outputs/section_6_2_concentration_dpi/qa/input_manifest_md5.csv,478,csv,quality assurance
outputs/section_6_2_concentration_dpi/source_data/Section_6_2_analysis_panel.csv,1417307,csv,derived source data
outputs/section_6_2_concentration_dpi/source_data/input/Section_4_5_daily_analysis_panel.csv,687294,csv,frozen analysis input
outputs/section_6_2_concentration_dpi/source_data/input/Stable_Macro_20260531.csv,142096,csv,frozen analysis input
outputs/section_6_2_concentration_dpi/source_data/input/Table_6_1_Daily_Concentration.csv,379717,csv,frozen analysis input
outputs/section_6_2_concentration_dpi/source_data/input/dpi_primary_robust_mad_strict.csv,375975,csv,frozen analysis input
outputs/section_6_2_concentration_dpi/source_data/input/stablecoin_onchain_daily_20200101_20260531.csv,450266,csv,frozen analysis input
outputs/section_6_2_concentration_dpi/tables/Table_6_2_Primary_Models.csv,2647,csv,reported table
outputs/section_6_2_concentration_dpi/tables/Table_S6_2_All_Specifications.csv,6151,csv,reported table
outputs/section_6_2_concentration_dpi/tables/Table_S6_2_Block_Bootstrap.csv,504,csv,reported table
outputs/section_6_2_concentration_dpi/tables/Table_S6_2_Descriptive_Diagnostics.csv,308,csv,reported table
outputs/section_6_3_portfolio_protocol/qa/analysis_QA.csv,491,csv,quality assurance
outputs/section_6_3_portfolio_protocol/qa/input_manifest_md5.csv,295,csv,quality assurance
outputs/section_6_3_portfolio_protocol/source_data/Portfolio_Daily_Returns.csv,241109,csv,derived source data
outputs/section_6_3_portfolio_protocol/source_data/Portfolio_Weights_Long.csv,4314529,csv,derived source data
outputs/section_6_3_portfolio_protocol/source_data/input/Stable_Price_reference_adjusted_11.csv,474446,csv,frozen analysis input
outputs/section_6_3_portfolio_protocol/source_data/input/lambdas_strict.csv,456082,csv,frozen analysis input
outputs/section_6_3_portfolio_protocol/tables/Table_6_3_OOS_Performance.csv,947,csv,reported table
outputs/section_6_3_portfolio_protocol/tables/Table_6_3_Portfolio_Design.csv,679,csv,reported table
outputs/section_6_3_portfolio_protocol/tables/Table_S6_3_Block_Bootstrap.csv,950,csv,reported table
outputs/section_6_3_portfolio_protocol/tables/Table_S6_3_OOS_Performance.csv,952,csv,reported table
outputs/section_6_3_portfolio_protocol/tables/Table_S6_3_Weight_Diagnostics.csv,761,csv,reported table
outputs/section_6_4_oos_portfolio_performance/figures/Figure_6_4_source_data.csv,1121,csv,supporting data
outputs/section_6_4_oos_portfolio_performance/qa/analysis_QA.csv,400,csv,quality assurance
outputs/section_6_4_oos_portfolio_performance/qa/figure_validation.json,2590,json,quality assurance
outputs/section_6_4_oos_portfolio_performance/qa/input_manifest_md5.csv,596,csv,quality assurance
outputs/section_6_4_oos_portfolio_performance/source_data/input/Block_Bootstrap_Differences.csv,950,csv,frozen analysis input
outputs/section_6_4_oos_portfolio_performance/source_data/input/OOS_Performance.csv,952,csv,frozen analysis input
outputs/section_6_4_oos_portfolio_performance/source_data/input/Portfolio_Daily_Returns.csv,241366,csv,frozen analysis input
outputs/section_6_4_oos_portfolio_performance/source_data/input/Portfolio_Weights_Long.csv,4068347,csv,frozen analysis input
outputs/section_6_4_oos_portfolio_performance/tables/Table_6_4_OOS_Performance.csv,326,csv,reported table
outputs/section_6_5_event_resilience/figures/Figure_6_5_source_data.csv,3020,csv,supporting data
outputs/section_6_5_event_resilience/qa/analysis_QA.csv,518,csv,quality assurance
outputs/section_6_5_event_resilience/qa/event_window_coverage.csv,208,csv,quality assurance
outputs/section_6_5_event_resilience/qa/figure_validation.json,2580,json,quality assurance
outputs/section_6_5_event_resilience/qa/input_manifest_md5.csv,280,csv,quality assurance
outputs/section_6_5_event_resilience/source_data/Pooled_Event_Window_Returns.csv,17525,csv,derived source data
outputs/section_6_5_event_resilience/source_data/input/Portfolio_Daily_Returns.csv,241366,csv,frozen analysis input
outputs/section_6_5_event_resilience/source_data/input/events_primary.csv,1086,csv,frozen analysis input
outputs/section_6_5_event_resilience/tables/Table_6_5_Pooled_Event_Inference.csv,635,csv,reported table
outputs/section_6_5_event_resilience/tables/Table_6_5_Pooled_Event_Performance.csv,823,csv,reported table
outputs/section_6_5_event_resilience/tables/Table_S6_5_Block_Length_Sensitivity.csv,1160,csv,reported table
outputs/section_6_5_event_resilience/tables/Table_S6_5_Event_Level_Performance.csv,5381,csv,reported table
outputs/section_6_5_event_resilience/tables/Table_S6_5_Leave_One_Event_Out.csv,4601,csv,reported table
work/master-thesis-code/Input/Stable/Benchmarks/EURUSD.csv,28865,csv,supporting data
work/master-thesis-code/Input/Stable/Benchmarks/IDRUSD.csv,46301,csv,supporting data
work/master-thesis-code/Input/Stable/Benchmarks/XAUUSD.csv,30582,csv,supporting data
work/master-thesis-code/stablecoin_11_market_caps_panel.csv,517509,csv,supporting data
