relative_path,bytes,sha256
CITATION.cff,596,7b1b3793f5e795782b81b023f0d22ed72fb41df359cad383232d442e87e5562d
DATA_AVAILABILITY.md,2636,25e14bcdcbd803055ac86128d68e1837eda57777f2d0a3365933ec73779f01e8
LICENSE_NOTICE.md,644,6493121b96ddd617e296db09d9e45838c4e7b3a04b551aa876999062a0bbc713
Metainfo.txt,2041,76136876eb2a1f8215bb5454752089de822c5e3308004fe2699dd4f314290e2b
README.md,6936,bfced50cdad317341b8085d4c97e71553ed31c77b7feab6bf181a43f25a552ac
REPRODUCTION_ORDER.md,3731,8c74359d757245986bb77f561bbc006c67f723dbc5f97c384b48c7ea099a2226
THIRD_PARTY_DATA.md,2611,efc38f1e4c96c2ce34916c9f0ba827875274399ac4cfe844181c0d3f360d62e1
data/raw/README.md,491,fd361c5e1eca24a4ee1019fe264f7dad029c4abed384fb0f8db8f143dfe0b19d
environment/install_packages.R,979,6afe7dd307ddd0cf9777b27c22e5e0ba6cb715019192a6abf8eb04889cd56f7e
results/README.md,1,01ba4719c80b6fe911b091a7c05124b64eeece964e09c058ef8f9805daca546b
results/onchain_microdata_20260919/README.md,4741,6137e489bec27bd4988c3506f8c8660c00cfd64acb40ae5ac82a37f1ccf7765a
results/onchain_microdata_20260919/build_onchain_daily.py,14338,54cb90e74521cc35bb45e2e401b9d8e7642943a4c0eda9e22ce793f11d4e1d69
results/onchain_microdata_20260919/onchain_data_quality_checks.csv,3550,5df3630fb9693f8355ed8419895df82e5d9b6cf8241d8eaf2a346df5a3aae9a4
results/onchain_microdata_20260919/stablecoin_onchain_daily_20200101_20260531.csv,450266,4d44fb093c5e1c1b9bbfe03b2c20faad5df01d197227bfc6011e735a89d50519
results/section_4_4_reference_adjusted_event_study.zip,9601259,1bfcea7e4e5e50e71823e52f6f2cec3e41351ba5101ee3c3e934f060e44b7b8c
results/section_4_4_reference_adjusted_event_study/METHOD_AUDIT.md,4208,83cd0f65319f30d9cb49255524dae9c24217efef9d93d3ede32b163c4c00f7c1
results/section_4_4_reference_adjusted_event_study/README_zh.md,5777,ccb5617d43a5b70b844fa1f916c0f4f6f5ff985d3f63632a369bf05ccc4cfa9f
results/section_4_4_reference_adjusted_event_study/References_Section_4_4.bib,2080,8fe2259af598059c549014f256ac93998d8d3055fd771be508dee34b9e86c9ad
results/section_4_4_reference_adjusted_event_study/Section_4_4_Manuscript_Ready_EN.md,10556,b80d5d4d94da6c92ebcae1d4e53d5a0ca1117af0d50a8b18b3da5793f2d26769
results/section_4_4_reference_adjusted_event_study/Section_4_4_Writing_Logic_and_Empirical_Design_zh.md,13350,3055a1d1c3727184b025e993b6c59bb655146668edcbcd592cdee1881f0290aa
results/section_4_4_reference_adjusted_event_study/code/00_build_reference_adjusted_panels.R,11010,ef051c0a4fe969db117ef70b2a9e1204a8018151b8c17f059fc83a3f758737f5
results/section_4_4_reference_adjusted_event_study/code/01_estimate_frm_definitions.R,19798,911d2cd06dea70f277152aa4aaec7c4bbb3b08634cbf2990ccbd6aa0f48422d9
results/section_4_4_reference_adjusted_event_study/code/02_event_study_three_definitions.R,40480,76a774ab268a7b03fdbf367fa3de440552fdb54ef9e268c51155fe5c350dc01f
results/section_4_4_reference_adjusted_event_study/code/03_plot_reference_adjusted_event_study.R,17439,c79ea32d4cc67dbc2cfba4cf8afbb6d8a91e225da38daac2542074984876707b
results/section_4_4_reference_adjusted_event_study/code/04_finalize_bundle_QA.R,7872,d6029af92f22451d887734e7c5027cbb8a498b71675819194606714691f4bdbe
results/section_4_4_reference_adjusted_event_study/code/05_plot_figure_4_4_redesign.R,15995,8f32433a807705dd92f8ec2f902439f40b816a24b4f401e7345cb7870b97b8c6
results/section_4_4_reference_adjusted_event_study/code/FRM_Statistics_Algorithm.R,12427,284fc8c28f0698f0aac8178869dca7ce1d6bca6e93c19bfd5dab2bdddb35a8ce
results/section_4_4_reference_adjusted_event_study/code/run_all.R,757,05720de1f1cff52bf8657647880dd298b6bf98e675eb817f41f774550d39c194
results/section_4_4_reference_adjusted_event_study/config/events_excluded_or_exploratory.csv,615,52b4430dfa384506ad0a36c79a673b62faa43e13cf649f34eacb683457ccb47a
results/section_4_4_reference_adjusted_event_study/config/events_primary.csv,1086,b43a91b274ad30eab2b7acc9f74f73fd31eabf7aa00a0e5c03bdb241c0f55a3a
results/section_4_4_reference_adjusted_event_study/figures/Figure_4_4_FRM_Event_Responses_Redesigned.pdf,7562,624f577cf448a62db96e6368f37eb78e33ca8bd91ef9647945c7e7a042195eac
results/section_4_4_reference_adjusted_event_study/figures/Figure_4_4_FRM_Event_Responses_Redesigned.png,265045,e9bc68f45184ee37ae3434088a22088593a617dd3b223141946c2e95c4a2fc84
results/section_4_4_reference_adjusted_event_study/figures/Figure_4_4_FRM_Event_Responses_Redesigned.svg,27035,05d75ccb26d6171d275e26299e5e89ca6785e1b7ac6cd4b30d922260f7046135
results/section_4_4_reference_adjusted_event_study/figures/Figure_4_4_FRM_Event_Responses_Redesigned_caption.txt,745,e23381080562e328040ca4b75e89451987420fb3ff12f40acd381454a0d0713e
results/section_4_4_reference_adjusted_event_study/figures/Figure_4_4_Reference_Adjusted_Event_Dynamics.pdf,12272,2492aabefcf52c03c00820453068b08f93a8ee381b01b4e20470fccc0c493d7d
results/section_4_4_reference_adjusted_event_study/figures/Figure_4_4_Reference_Adjusted_Event_Dynamics.png,721589,6b5fecb5d7d62b7d5264795820ce77954f10518c5198d4ffb41e09906636ad9d
results/section_4_4_reference_adjusted_event_study/figures/Figure_4_4_Reference_Adjusted_Event_Dynamics.svg,38067,3bdc10d4e7bcdab1c53ddcf7df8552db781f84c741153b82941230d866c9927e
results/section_4_4_reference_adjusted_event_study/figures/Figure_4_4_Reference_Adjusted_Event_Dynamics_副本.pdf,13698,013ced4443919549e0623ef7ffed700765e0796a212b8847436786d960e85105
results/section_4_4_reference_adjusted_event_study/figures/Figure_4_4_caption.txt,1857,eb35236c732e4e0ec12cf6c143db32f1eec63a936446bf3648b04c6c73d08e32
results/section_4_4_reference_adjusted_event_study/qa/FRM_definition_manifest.csv,1265,079b723c00904fecdc343254fca1553a3dbc9e2a9c74f36774d606912833e5d2
results/section_4_4_reference_adjusted_event_study/qa/FRM_reestimation_QA.csv,2479,c987b5c99f4ffb05e724edbb33f1518c429ee346a6942afce325d5310d797384
results/section_4_4_reference_adjusted_event_study/qa/FRM_reestimation_session_info.txt,618,3b33938e6793d13423ac489b7f584a002439a0044fb095708860643c700aa16d
results/section_4_4_reference_adjusted_event_study/qa/FRM_reestimation_summary.csv,3337,37a1bb9d9e878d12da23f57597cf4aa71b77d9ce4d1c1eaa48b4fefd90b1fab3
results/section_4_4_reference_adjusted_event_study/qa/Figure_4_4_Redesign_QA_Notes.txt,1261,5b3c3a17639858c4038f0b18ad008d05caa5c8ff41354a360045f94869d66e95
results/section_4_4_reference_adjusted_event_study/qa/benchmark_carry_audit.csv,524,76e3efa9ad05a5716286bb500e89cd5b14a51b7a195a8e8e667487c8ab0ea802
results/section_4_4_reference_adjusted_event_study/qa/event_study_QA.csv,822,a3233fb8320820349402a055af9b73924bee22fcd8770d017fb1347726ef3f58
results/section_4_4_reference_adjusted_event_study/qa/event_study_session_info.txt,588,0c8dc801f0c316f6a0e14b6e9284ab231199ac89f453cc6e26f228fefc11e3e5
results/section_4_4_reference_adjusted_event_study/qa/event_study_statistical_scope.txt,1079,47952363bf1c12a950b67e89d93cb6a732465ff76a809998c6cb8e46b9a33935
results/section_4_4_reference_adjusted_event_study/qa/event_window_coverage.csv,320,1f260eda3284193085aa4fad691d704074e5e9e99dbeb72a21237dca7487eee0
results/section_4_4_reference_adjusted_event_study/qa/figure_contract_and_statistical_scope.txt,1337,bd31b40eb502859380e842a0861fd0870b0e88601c19f4a0be52ea19e8efbb36
results/section_4_4_reference_adjusted_event_study/qa/figure_export_QA.csv,585,bab27b19495bfbe1ea24977165e9f159f96c78217633d3b36b6131a566d9a8cd
results/section_4_4_reference_adjusted_event_study/qa/file_manifest_md5.csv,10854,58ded59b51637487d6ae5df53b3ab52be79c6ed67a42ee2bbc3306ed42e9f44d
results/section_4_4_reference_adjusted_event_study/qa/final_FRM_system_counts.csv,301,8f97ff555f1dac821acda33f41cbfdb6fade7f1c285255e35ba60239e2ab3660
results/section_4_4_reference_adjusted_event_study/qa/final_bundle_QA.csv,1022,323daeaa9a05b80397222937f4d0705f22fa891155cb437093322d3b0eec9427
results/section_4_4_reference_adjusted_event_study/qa/final_bundle_summary.txt,416,36b0c142da143432a79caae37bc2492e50c6ecfd50616e009436a05074be6eb6
results/section_4_4_reference_adjusted_event_study/qa/nature_figure_validation.txt,1282,4842d6f78f1c18cd77cadaeebf868a3c2f3e75158ebf0aac790d3a28388e76e4
results/section_4_4_reference_adjusted_event_study/qa/reference_adjustment_QA.csv,648,b6f75e6612ebcfee1a2d49842a67731a6a790fdd2371b73c1b239b690253ddb0
results/section_4_4_reference_adjusted_event_study/qa/reference_adjustment_metadata.txt,708,651748c35c86cb3ae20a05a6ecfc3dcbcc4b1677dd028b0570327f89bd08281f
results/section_4_4_reference_adjusted_event_study/qa/reference_adjustment_missingness.csv,508,6fee90505140f741cec79401f80f2988888ec20f9ea05e8fe9768d103433d275
results/section_4_4_reference_adjusted_event_study/qa/reference_adjustment_return_audit.csv,696,50ee64e5cb2dee9d203ef69b98e59f3eed59f7b7f9cf1c142c041fc875468ae8
results/section_4_4_reference_adjusted_event_study/source_data/Source_Data_Figure_4_4.csv,435230,51ffc19a29c45d574fe6908976939b6841909dedfb541f701abbd9cb5b7acf61
results/section_4_4_reference_adjusted_event_study/source_data/Source_Data_Figure_4_4_Redesigned.csv,1897,03455ae9cf8ebc1f39996dc0f6ffb028ebbcb7982424e099b1fb8adbf47aa6f9
results/section_4_4_reference_adjusted_event_study/source_data/Source_Data_Figure_4_4d_Hormuz_Mechanism.csv,43788,b402645a48e65b1244a8c111058a08aedc7a1452bb8c4830568aeb0ca4459f4c
results/section_4_4_reference_adjusted_event_study/source_data/frm/reference_adjusted_11/estimation_QA.csv,644,0273c8ca1c85da78b6cd5565b6961a6fdeb48e750d740f563abd7109ed276158
results/section_4_4_reference_adjusted_event_study/source_data/frm/reference_adjusted_11/estimation_metadata.txt,971,ba9dfff4c7943d9c8ec15d699b0cbbc854824521d0611c20360648f17a129f0f
results/section_4_4_reference_adjusted_event_study/source_data/frm/reference_adjusted_11/estimation_summary.csv,857,b0a8dc30fac39920edea56ae79b56236bf395f37f08ae96c9a3fffd18d4d5227
results/section_4_4_reference_adjusted_event_study/source_data/frm/reference_adjusted_11/frm_numerical_screened.csv,76153,c1ba274917a2ecb0381a67be6a327df725a8c53b167848b9e3861f8f494e3cce
results/section_4_4_reference_adjusted_event_study/source_data/frm/reference_adjusted_11/frm_strict.csv,76152,6c3f71f9a954c70bbaf054a4c107f0eb2806fceb92c51e52d87b0571ca1402e1
results/section_4_4_reference_adjusted_event_study/source_data/frm/reference_adjusted_11/lambdas_numerical_screened.csv,517755,7a5c99e6d244607e26b00ff0f9393b1b062859bfa4f69d47461694024aa2a196
results/section_4_4_reference_adjusted_event_study/source_data/frm/reference_adjusted_11/lambdas_strict.csv,517751,5a006aed282b9f7caca1fbf799b234ae3e2f4a54f00bdce3fe35163a5611eb3e
results/section_4_4_reference_adjusted_event_study/source_data/frm/reference_adjusted_11/return_coverage.csv,865,d335ad5f965c95fd544e6c0ea51739b1879d844f1dc0c0598247b19043fe6b85
results/section_4_4_reference_adjusted_event_study/source_data/frm/reference_adjusted_11/target_diagnostics.csv,4875692,095e202b5a588edf8030a9f97552a7040b54d9a4aa6d342fb6a2ea0f143de34b
results/section_4_4_reference_adjusted_event_study/source_data/frm/reference_adjusted_11_robust_scaled/estimation_QA.csv,727,1c064609442559e727fec9eadb55bf5be8167887927ca8d60bf57499d9af5288
results/section_4_4_reference_adjusted_event_study/source_data/frm/reference_adjusted_11_robust_scaled/estimation_metadata.txt,1148,ae5aba863d6bb08026e5f3ceef015aa318af312bc997f001a4d4933e857982a4
results/section_4_4_reference_adjusted_event_study/source_data/frm/reference_adjusted_11_robust_scaled/estimation_summary.csv,1004,6a36dbbae4a2ca1b75cb7deb472421c27e8e266489785f3c2bd2f5d015a07a5a
results/section_4_4_reference_adjusted_event_study/source_data/frm/reference_adjusted_11_robust_scaled/frm_numerical_screened.csv,70393,6252761691d9225d42bddec8fc59d768b600ac8aadcf25aa9b70868e32faa3ab
results/section_4_4_reference_adjusted_event_study/source_data/frm/reference_adjusted_11_robust_scaled/frm_strict.csv,70393,6252761691d9225d42bddec8fc59d768b600ac8aadcf25aa9b70868e32faa3ab
results/section_4_4_reference_adjusted_event_study/source_data/frm/reference_adjusted_11_robust_scaled/lambdas_numerical_screened.csv,456082,c3a5f11a83c3ea765c26ad2e8e6d84945752ffc307423b20712d40edbd4d0ef9
results/section_4_4_reference_adjusted_event_study/source_data/frm/reference_adjusted_11_robust_scaled/lambdas_strict.csv,456082,c3a5f11a83c3ea765c26ad2e8e6d84945752ffc307423b20712d40edbd4d0ef9
results/section_4_4_reference_adjusted_event_study/source_data/frm/reference_adjusted_11_robust_scaled/return_coverage.csv,1089,e307cfe74abe3cd24b20b774509e2f3549d4dab4045c260bb43637c52b04546c
results/section_4_4_reference_adjusted_event_study/source_data/frm/reference_adjusted_11_robust_scaled/target_diagnostics.csv,4606303,9ca3f475b20107350a5c91b085fac78230ea4403ca4c68032c7fb1e0c2d2d059
results/section_4_4_reference_adjusted_event_study/source_data/frm/usd_only_8/estimation_QA.csv,576,b47498f9e8b9060a10ee6b5a51c06c6c0585e93817f166fd461ee0f8ab667e18
results/section_4_4_reference_adjusted_event_study/source_data/frm/usd_only_8/estimation_metadata.txt,935,933d7f7ee7fc38f9f9d1c04c5f247af597beff894d514f8d6d5451a8e540f7cb
results/section_4_4_reference_adjusted_event_study/source_data/frm/usd_only_8/estimation_summary.csv,726,b8ad4cbe0cc04fde59fb5eb6eec4d1c9e90e1a84ec2e9e55a764f0ccc1a8ae93
results/section_4_4_reference_adjusted_event_study/source_data/frm/usd_only_8/frm_numerical_screened.csv,74373,64b308b69803a4ee2b3c1fa12d98113cc61380473d4539bb1b2b4d126b3839c0
results/section_4_4_reference_adjusted_event_study/source_data/frm/usd_only_8/frm_strict.csv,74374,5b61ea44c8b2cf88a50f6b5a8e3aee1cb13808641a66e14affc31e6cf31fe44b
results/section_4_4_reference_adjusted_event_study/source_data/frm/usd_only_8/lambdas_numerical_screened.csv,383007,ffbc82d2a6d293ae8221a9cf9159df657dbaf3d942c84e278ca07a893f15462c
results/section_4_4_reference_adjusted_event_study/source_data/frm/usd_only_8/lambdas_strict.csv,382992,0c6516d5376aaaf62181ef9819bca42188ecdbaad15dca3f11e8a4fbd6792813
results/section_4_4_reference_adjusted_event_study/source_data/frm/usd_only_8/return_coverage.csv,565,6b591c04aad951da76d074d17b6effc18aa84baef3d90bba1dc6d64bb4354788
results/section_4_4_reference_adjusted_event_study/source_data/frm/usd_only_8/target_diagnostics.csv,3949063,ac250d0b69906cc5acdd8689ae77ac548b3c87cc141f00b87bc45fa556c56a30
results/section_4_4_reference_adjusted_event_study/source_data/frm/usd_only_8_robust_scaled/estimation_QA.csv,658,b52ce9e0603f560e558d42cf4c5bbfbcaf823a127a8570780ab97c16dd6e7caf
results/section_4_4_reference_adjusted_event_study/source_data/frm/usd_only_8_robust_scaled/estimation_metadata.txt,1090,1131c9ebe48b41b18186787530444660dea0f90b6781edd2235095f3b3d0b6ab
results/section_4_4_reference_adjusted_event_study/source_data/frm/usd_only_8_robust_scaled/estimation_summary.csv,876,eb32f4f8c9d23a69b5c42462edb4ccec74059e3cd75185696e4d02ac044cc714
results/section_4_4_reference_adjusted_event_study/source_data/frm/usd_only_8_robust_scaled/frm_numerical_screened.csv,68892,cdded5530a5e157e0c555e28ca3e283f2ff16d2a72a17d4e3594066c3fd015f4
results/section_4_4_reference_adjusted_event_study/source_data/frm/usd_only_8_robust_scaled/frm_strict.csv,68892,b62ede84df69ed2a2077e4752cb766a31c577a03f90398c4a4627d5f0b5d9161
results/section_4_4_reference_adjusted_event_study/source_data/frm/usd_only_8_robust_scaled/lambdas_numerical_screened.csv,336642,88885e9dd399e75717a4a53db9c6d93113f8f9c6a6960adcd749c0785c5889aa
results/section_4_4_reference_adjusted_event_study/source_data/frm/usd_only_8_robust_scaled/lambdas_strict.csv,336639,ca35d5b9a42a54c102a27a97e57909fb3a5da8dc4e6eeea3bb96f0aec2782ef2
results/section_4_4_reference_adjusted_event_study/source_data/frm/usd_only_8_robust_scaled/return_coverage.csv,747,82cbbd490ab75653143cfd9b5d0ca2d63093235c07cfe9b2e365aac249cb51ed
results/section_4_4_reference_adjusted_event_study/source_data/frm/usd_only_8_robust_scaled/target_diagnostics.csv,3719898,94e53fffaa67e91d2ac47b34e040185004b09a2dfeb5ef7362147fd1c810d435
results/section_4_4_reference_adjusted_event_study/source_data/prepared/Stable_Price_USD_only_8.csv,352111,701795c85b3a25708645cfe47be783bc65b2902642c3a3e215eb5cc63ebc6357
results/section_4_4_reference_adjusted_event_study/source_data/prepared/Stable_Price_reference_adjusted_11.csv,474446,3f80c4b323662e776f7faafda8ce0ef2ef5833c79ce3ca27cc56279530e14b6c
results/section_4_4_reference_adjusted_event_study/source_data/prepared/non_usd_reference_adjustment_daily.csv,613963,78ba5708b6180111bd93815c03383d1749651ab4bc0390182a89b7be2db373b7
results/section_4_4_reference_adjusted_event_study/source_data/prepared/reference_benchmark_panel.csv,347189,d88dedc0e838aff8e88257398d6b0afb76c9baa9aec56cfc5cd1885d6e32245e
results/section_4_4_reference_adjusted_event_study/source_data/prepared/stablecoin_reference_map.csv,573,85712ae6d9ce3593778af360fdfd39c9bd078949e5a72c5fe813034b659d8caa
results/section_4_4_reference_adjusted_event_study/source_data/raw/EURUSD.csv,28865,739df593df437ed749363735660b346b6e50302496ab2c406bc099cea5cbd696
results/section_4_4_reference_adjusted_event_study/source_data/raw/FRED_DCOILBRENTEU.csv,192614,2ec93ca470fa678542cc89e740ff0aaab2927a45e6ae62a5a65d5cb1a51e6853
results/section_4_4_reference_adjusted_event_study/source_data/raw/FRED_DCOILWTICO.csv,198804,6b891ae1de196a779bb3e00f871cdfcabcf324b3df0a645ea7ff8e30a6085fd2
results/section_4_4_reference_adjusted_event_study/source_data/raw/IDRUSD.csv,46301,e006f20631a60db8493c6587e9e4c8567e5c0316a5a7410a456351e44d70a2be
results/section_4_4_reference_adjusted_event_study/source_data/raw/Stable_Macro_20260531.csv,142096,2933bb0c3fb2704b256833752f4d82435f8b1e9f15ba47dc9f76f4edbe19839b
results/section_4_4_reference_adjusted_event_study/source_data/raw/Stable_Mktcap_20260531.csv,454687,0625dbc086b0dd2179b8dc0f81f562242c34adac29704a9ba6c0a01f4b5988dc
results/section_4_4_reference_adjusted_event_study/source_data/raw/Stable_Price_20260531.csv,480147,13bebe279afe6eb79fba7c2ead65e065111816649732a9357bc51b667e85dae9
results/section_4_4_reference_adjusted_event_study/source_data/raw/XAUUSD.csv,30582,0ed69ffc0c11a96a68da2aa88855878a216a2986d7ed3c84caf7c17a0e61e2e1
results/section_4_4_reference_adjusted_event_study/source_data/raw/benchmark_data_audit.csv,727,4cb688af2b9b549456dda563d36aaafb0edd7fe3afb3134d8b8f82a6aa710888
results/section_4_4_reference_adjusted_event_study/source_data/raw/frm_numerical_sensitivity.csv,80720,0eca7c9030301c04274322a2ed64c6b02ddfa86a06af78879b4acd6eba28d1a7
results/section_4_4_reference_adjusted_event_study/source_data/raw/frm_strict.csv,80718,e80b7e68ab7d9bbc524001eca9728fb2a0e096a04ca7e57541ee4fed5174ef26
results/section_4_4_reference_adjusted_event_study/source_data/raw/lambdas_wide.csv,522557,51b59807ff9ea8e86d61f56c1bbe88a6400ae7c67144238ebba01ece753abe5e
results/section_4_4_reference_adjusted_event_study/source_data/raw/macro_hormuz_daily.csv,93685,4d1387d2c907358b96344c4a9a98379edca153e6725d7aadfc5f0d6e63b08f4d
results/section_4_4_reference_adjusted_event_study/source_data/raw/peg_panel_minimal.csv,1999688,18d4ba6c87cb6cbea5ee1bd010389645e8819df467d5c6a66c5c267c6b65fb46
results/section_4_4_reference_adjusted_event_study/tables/Table_4_4a_Primary_Reference_Adjusted_Event_Effects_HAC90.csv,10508,fb93ab4957c63ea4da08c16a3ad7a80aa088cb1e0e4cf2858a1ddbb29eadfa71
results/section_4_4_reference_adjusted_event_study/tables/Table_4_4b_FRM_Definition_Robustness_HAC90.csv,21934,36114bc00a52ffeb7ebf14c195cf11ae2200de1740ef044a9b896ab7e1a06d48
results/section_4_4_reference_adjusted_event_study/tables/Table_4_4c_Benchmark_Contamination_and_Composition_Contrasts_HAC90.csv,10740,5e4c13c833b3d115172b7ba0063b34cf4bf3d0c3b240d7dbe0434c83dbe4bfcf
results/section_4_4_reference_adjusted_event_study/tables/Table_4_4d_Embedded_USD_Target_Subindex_HAC90.csv,2379,a7109060a6dd2aeeda7dd595d5da9e87fb75f06c6aebb7ef1b0060910f6000be
results/section_4_4_reference_adjusted_event_study/tables/Table_4_4e_USD_Only_Divergence_Decomposition_HAC90.csv,6077,93db6cf1d192dd58e71a322ee698a525e74cfffbbf8f55a29aa2a46c1e853ae4
results/section_4_4_reference_adjusted_event_study/tables/Table_4_4f_Window_Robust_Scaling_Sensitivity_HAC90.csv,6407,d63a3f57f367e152871e9148c42ac4cc13a7aa2de5c1e16bb5107d905440e9b9
results/section_4_4_reference_adjusted_event_study/tables/Table_4_5_Adjusted_FRM_Shock_Signatures.csv,4224,9d11414078cebf161a14abaa910cfa648b54db293f0f5d652019f87b822b5575
results/section_4_4_reference_adjusted_event_study/tables/Table_4_5b_Cross_Definition_Breadth_Concentration_and_Leave_One_Out.csv,6727,0cb5929a1d429ba9f069905a393953b17c86b397d40a585716b28955657b3ccc
results/section_4_4_reference_adjusted_event_study/tables/Table_4_6_Reference_Adjusted_Peg_Validation_HAC90.csv,7765,7fb394cea23cf44b70bdaabc6d74345dca4dfc9634582d042db1ea4a352a60e1
results/section_4_4_reference_adjusted_event_study/tables/Table_4_7_Hormuz_Macro_Mechanism_Descriptives.csv,2498,4c6d4af278b6f4d007c8ea492d4cbb3a43f724e99ab875d3de240d5fd8d24498
results/section_4_4_reference_adjusted_event_study/tables/Table_S4_4_All_FRM_Definitions_All_Contrasts_HAC90.csv,84984,28826876d90f7340a748068d30f8a9112473b69b937fb71ac0aa48e7870294da
results/section_4_4_reference_adjusted_event_study/tables/Table_S4_4_HAC_Lag_Sensitivity_Adjusted.csv,7573,32a3ddf852cb0802a7489bfe3366d98ece168e4681f64fb5cf259cad5e9e1f8c
results/section_4_4_reference_adjusted_event_study/tables/Table_S4_4_Paired_Definition_Contrasts_All_Windows.csv,41716,79f3fbda8e913667cdbd2e3187dae567453769d94b03c3e962c114c07e35ef88
results/section_4_4_reference_adjusted_event_study/tables/Table_S4_4_USD_Only_Divergence_All_Windows.csv,23148,57f0610d1211d5ee89fd934da938daf8a641e8be1934e05d0d5ac1a5f770ff57
results/section_4_4_reference_adjusted_event_study/tables/Table_S4_5_Adjusted_Lambda_Contributions.csv,5364,592eaf0b91a18f7e909f46dfc170eb335be068da0d4daf91953b4b42e0ec2a11
results/section_4_4_reference_adjusted_event_study/tables/Table_S4_5_Cross_Definition_Lambda_Contributions.csv,27360,3d0e8aa9b412d913d0c5662d04e891a240822e280e4aa2f14db236edf7d48cb4
results/section_4_5_stable_crypto/README_zh.md,3823,e6ffda95e33e4764f28fe8b51f56e8a73eb9a84a02d65500be56e8ceef0d4462
results/section_4_5_stable_crypto/Section_4_5_Manuscript_Ready_EN.md,7945,5d61adcb60c56b4122aba8d43e4660489138e6abdf91ec270538ae66a1f83f63
results/section_4_5_stable_crypto/Section_4_5_Writing_Logic_and_Empirical_Design_zh.md,8316,e3110acd784f563a9b3169fdc1dd8621981cfb08e99de3c94085e28cc5725d2a
results/section_4_5_stable_crypto/code/00_config.R,3400,f1abf8eea87629fc20ea296b9bb88c1661b97ddfd761bcd800f8f21a61bed190
results/section_4_5_stable_crypto/code/01_build_crypto_panel.R,8440,634b1618f1c1e76376c699423c05475fd1b6b6d797af3bf93de9809d737b5450
results/section_4_5_stable_crypto/code/02_estimate_crypto_frm.R,11791,0da3791372a84bbef89026a2f9d4d3332680cfe459beac83b4e5c3a13f533178
results/section_4_5_stable_crypto/code/03_build_outcomes.R,9598,a03ef7c60389f2de38c39d6c17222940b30d22d9d7e7bddbe7e05c16daf950ed
results/section_4_5_stable_crypto/code/04_cross_market_analysis.R,21577,dc3eb0c722670218709562a9cfd829644c924a408ef068e62494e11421d29565
results/section_4_5_stable_crypto/code/05_plot_figure_4_5.R,7796,062f6004adb953c84b13874e270a5db20097b7303c34290df8aeb3dc3ad22e16
results/section_4_5_stable_crypto/code/06_finalize_QA.R,5765,ab52ea35a82bba81f10a97f2c109608e9ca7267adf25eef24c2f02eb069929fa
results/section_4_5_stable_crypto/code/FRM_Statistics_Algorithm.R,12427,284fc8c28f0698f0aac8178869dca7ce1d6bca6e93c19bfd5dab2bdddb35a8ce
results/section_4_5_stable_crypto/code/run_all.R,1036,0c162a5d0c9fe2f07da5d27840fc096b7975be21713e09b9b51bd9ba5d11f4ec
results/section_4_5_stable_crypto/config/crypto_asset_universe.csv,912,daa89bb8788fe2ae7fa6c3e57eab798bb5e6d0315cbfeedbc5dda6ccfc8344ba
results/section_4_5_stable_crypto/config/events_primary.csv,1086,b43a91b274ad30eab2b7acc9f74f73fd31eabf7aa00a0e5c03bdb241c0f55a3a
results/section_4_5_stable_crypto/config/nature_figure/backend.json,21,d385b21a7b46932b890509559e49a34be3f4ba23254170e697ff85e27d3ea9d1
results/section_4_5_stable_crypto/figures/Figure_4_5_Stablecoin_Crypto_Risk.pdf,7031,ed7b2d0fa25df113bdd1ec2a8267377e5bc723ca4f2f77cfb1a368a1da606718
results/section_4_5_stable_crypto/figures/Figure_4_5_Stablecoin_Crypto_Risk.png,119582,4f7fcf31d7ecbe42c8f1af7041da5d8cda53d941be37dc5648bf720dd11d5f47
results/section_4_5_stable_crypto/figures/Figure_4_5_Stablecoin_Crypto_Risk.svg,26485,d5a1981ec470c77810c33e489bb351c3163c928c3a991524447c5b0468b7f8fa
results/section_4_5_stable_crypto/figures/Figure_4_5_caption.txt,835,077e93b4988d3630744311050db7421e98169a618b1e294f350a6e78b4a673e4
results/section_4_5_stable_crypto/figures/Figure_4_5_source_data.csv,6315,a95d36bcbcde930ffe0c9c2d5c4f5b02597a26f348fa2a0d1eff0e3e433e3c2c
results/section_4_5_stable_crypto/qa/FRM_Crypto_estimation_metadata.txt,662,9378d9047339b24c846865269857e11d2b3d5a5316d6e46a3237e2aca9b0a92b
results/section_4_5_stable_crypto/qa/FRM_Crypto_estimation_summary.csv,676,d2a5bc04e171211e335dc6fec7367c877dcda523c98a4132b577fe656c3b229b
results/section_4_5_stable_crypto/qa/Figure_4_5_contract.txt,1227,3751f0426f4b9cdc649708bacffafb910d8e2758673fdae5b7d2cdce319ba668
results/section_4_5_stable_crypto/qa/Figure_4_5_export_and_integrity_QA.txt,506,5f828b538c7b9679b89ba6744fc0c15d29d43a33e8ac782da3718d1a7dc3005f
results/section_4_5_stable_crypto/qa/Figure_4_5_static_preflight.json,2540,a70862515662b75f38484bdb23c94d3b25ebf90e2846422b589cc5c7b373d95d
results/section_4_5_stable_crypto/qa/Section_4_5_analysis_QA.csv,1104,84ebb18aa8cd61d054609eb1a0cdbc058cbaad2f31b7e03255b1c67f38b96417
results/section_4_5_stable_crypto/qa/Section_4_5_final_QA.csv,883,a78c32b4c11a54bd371776f103ce718136d4c1417edd6a08410ad30ef3c6c167
results/section_4_5_stable_crypto/qa/Section_4_5_outcome_definitions.txt,468,615ff7cace1337482b96371c7f8f0351af56d1ea471afd1667ad5e17ffcbe070
results/section_4_5_stable_crypto/qa/Section_4_5_outcome_panel_QA.csv,622,5391a1e345a7808310d17fae303d06121647c010d830aebedb90303fab234a3a
results/section_4_5_stable_crypto/qa/Section_4_5_statistical_scope.txt,784,ebdb1350c8ee0d074f6d89dc7026d96795c93bf55048e3d316a18b99556e2698
results/section_4_5_stable_crypto/qa/bundle_manifest_md5.csv,6033,d3a1d922c13ed7661b5abb12c88892be43a2e328f2b80220c0b6ffcc20502cf4
results/section_4_5_stable_crypto/qa/crypto_asset_coverage.csv,1032,531e0f5111defcba6bb8da9f3ad4e0f3562d5cccfb46a690e7e38065432ed1e3
results/section_4_5_stable_crypto/qa/crypto_panel_QA.csv,469,0e3f92fa06080b50b70b7b86df668f77ac99a09ffc01fa786f87a970136d259b
results/section_4_5_stable_crypto/qa/crypto_panel_metadata.txt,492,e40a6e217011969728b31cc32701dd25f36cdbe57d7dd57ca23ee66056c98461
results/section_4_5_stable_crypto/qa/crypto_source_manifest.csv,6897,6f86ff002e731c3d932cad328067302903869dcfeabda7ec352d9f1228a5e530
results/section_4_5_stable_crypto/results/Section_4_5_OOS_Predictions.csv,7002010,45e79b74770f7cb7b8d1ef70fb136c300cf239c0bdcdf917a55d78d6fb6542f9
results/section_4_5_stable_crypto/results/Section_4_5_OOS_Predictions_Robustness.csv,10216029,1a8590a3ee69f7519b8bae22aabefd2101b5ec2688263d4e8a58c282eecd7074
results/section_4_5_stable_crypto/source_data/frm_crypto/balanced_complete_9/estimation_QA.csv,418,6ada6d3bfb011ac5627fb8d4eba6f20411e027eb88f3f75597896e9e48e9b215
results/section_4_5_stable_crypto/source_data/frm_crypto/balanced_complete_9/estimation_summary.csv,394,374bc7b1b1e641da92418b64fd1a5a483fea91346e4adb5b68718c3aa02a448a
results/section_4_5_stable_crypto/source_data/frm_crypto/balanced_complete_9/frm_numerical_screened.csv,74717,5293d1f4fc10a5dcc65cf2f2d4158f88ffb26d70ea35046d7d4fec7799b49600
results/section_4_5_stable_crypto/source_data/frm_crypto/balanced_complete_9/frm_strict.csv,74701,bff5dc6f3cf0a1ed7e314cb5decb4e852df880daf6e985518eba4b56abca020b
results/section_4_5_stable_crypto/source_data/frm_crypto/balanced_complete_9/lambdas_numerical_screened.csv,367678,eacb8db9f0d5794d091b68c68ae9dbd67b192ece0320f05d442b50879ed8b1d0
results/section_4_5_stable_crypto/source_data/frm_crypto/balanced_complete_9/lambdas_strict.csv,367694,c0e4f622b8d09ddf111ded7c46cc3f9748b1b516e69770826b2960381a8237d9
results/section_4_5_stable_crypto/source_data/frm_crypto/balanced_complete_9/target_diagnostics.csv,2204807,50a47797a1a89de9514a2747b6ae703def648c355daaa8ba965692961a48c103
results/section_4_5_stable_crypto/source_data/frm_crypto/ppt_dynamic_15/estimation_QA.csv,417,5e78fab74ad77307f7da32faa7bf7e940d8b505352beacb73d06563c409d6823
results/section_4_5_stable_crypto/source_data/frm_crypto/ppt_dynamic_15/estimation_summary.csv,390,bb56b3cafa32d605933b608d7db875e5596f23cf6a847eaf14a0950a244b2726
results/section_4_5_stable_crypto/source_data/frm_crypto/ppt_dynamic_15/frm_numerical_screened.csv,78652,a50edc548cdd8c308861b5ba2815324b251370b3a3d0084293e2a7894b3df91c
results/section_4_5_stable_crypto/source_data/frm_crypto/ppt_dynamic_15/frm_strict.csv,78653,dea9f802d735a754cfd990741cfe0168883b962d13209c82336c9c07010e407b
results/section_4_5_stable_crypto/source_data/frm_crypto/ppt_dynamic_15/lambdas_numerical_screened.csv,622256,3b94c8cbf9177f63ba743cda8f2558e487e3b1723d19e7139d47d2a11e464507
results/section_4_5_stable_crypto/source_data/frm_crypto/ppt_dynamic_15/lambdas_strict.csv,622254,6629919d8ccdf900f036ca88223b5ff3cb24bc03f5bbbf721708defdf35c9dc1
results/section_4_5_stable_crypto/source_data/frm_crypto/ppt_dynamic_15/target_diagnostics.csv,3662348,9fab13aeff655fac2007d64cee0333449f9f1f614be6196eea853dbcb6fb7fc4
results/section_4_5_stable_crypto/source_data/input/FRM_Stable_adjusted11_screened.csv,76153,c1ba274917a2ecb0381a67be6a327df725a8c53b167848b9e3861f8f494e3cce
results/section_4_5_stable_crypto/source_data/input/FRM_Stable_adjusted11_strict.csv,76152,6c3f71f9a954c70bbaf054a4c107f0eb2806fceb92c51e52d87b0571ca1402e1
results/section_4_5_stable_crypto/source_data/input/FRM_Stable_usd8_screened.csv,74373,64b308b69803a4ee2b3c1fa12d98113cc61380473d4539bb1b2b4d126b3839c0
results/section_4_5_stable_crypto/source_data/input/peg_panel_reference_adjusted.csv,1999688,18d4ba6c87cb6cbea5ee1bd010389645e8819df467d5c6a66c5c267c6b65fb46
results/section_4_5_stable_crypto/source_data/prepared/Broad_Crypto_Market_Return_Daily.csv,122129,b2c3f36735658e1c61b8893cabafbdcf703e12f606ead05796e431278eef351a
results/section_4_5_stable_crypto/source_data/prepared/Crypto_MarketCap_15_PPT.csv,568480,4ca001cc06faaf03881e532cc1ee5cf56b7739a2a8d6b21e9804d5392780287f
results/section_4_5_stable_crypto/source_data/prepared/Crypto_Price_15_PPT.csv,600948,9ca2adec141861d004e68534689a8526023c0f6efdddf1ea012146054800219c
results/section_4_5_stable_crypto/source_data/prepared/Crypto_Volume_15_PPT.csv,573482,28d7584530768dc8d2851e19b5e414d7b682b8d2ec88b49bf73c8b8b92b70657
results/section_4_5_stable_crypto/source_data/prepared/Reference_Adjusted_Stablecoin_Outcomes_Daily.csv,180321,9aa4ba2a41f19053265c778bf6b1287ff040f1256e19d336a22e14d180baf608
results/section_4_5_stable_crypto/source_data/prepared/Section_4_5_daily_analysis_panel.csv,687294,75ea1c8aec4c6b1e46e3d34c79283315f759e17554cfa3b89491570f30f3968e
results/section_4_5_stable_crypto/tables/Table_4_5a_Risk_State_Shares.csv,183,7d804ed84847071a2f2251c47d49273db4303a4df224b8193275c355eae5bc37
results/section_4_5_stable_crypto/tables/Table_4_5b_FRM_Coupling.csv,279,4b181f3265497f68cdf9856962618a97926bf7edc1e785baa17af40af23015cb
results/section_4_5_stable_crypto/tables/Table_4_5c_High_Risk_State_Association.csv,403,1f6c03aab01ff83abb2e67c5cc0dc1081604b2b724ae35c785f1e8a636141dfd
results/section_4_5_stable_crypto/tables/Table_4_5d_OOS_R2.csv,9139,0d1ba63a6ea8bd1f96f59d098ef961eee2bd047d3bd8863c33b814e2c9f02559
results/section_4_5_stable_crypto/tables/Table_4_5e_OOS_Forecast_Tests.csv,26298,358f0c7a1d2555219d35c0301a94d684fc3d2337f96c0ab2034a7803039c6b67
results/section_4_5_stable_crypto/tables/Table_4_5f_Paired_Event_Effects_0_30_HAC90.csv,6042,d864a25204d51c90ced873cabec19c7055446c69960efc43a4ff23a804a34ca3
results/section_4_5_stable_crypto/tables/Table_S4_5_All_Paired_Event_Effects_HAC90.csv,52411,e9a7172d8039e4c825f5ec5ff737cb49d682140af1b894a32215c3f65d827e88
results/section_4_5_stable_crypto/tables/Table_S4_5_OOS_Definition_Robustness.csv,11597,64903e7d3f66b297bb07b0e6f20841bb3f32fbc39fbd18bda1771eeba1b98618
results/section_4_5_stable_crypto/tables/Table_S4_5_Risk_State_Transitions.csv,869,35a1a313b5adce714296d26b32f653127e39a40f5a6769af4647f315f6a19bca
results/section_5_1_active_risk_drivers/README_ZH.md,2238,84acc625dccaf6da8b8f18ee362f86959234133effdef0e0bbf39e59e7a6049e
results/section_5_1_active_risk_drivers/Section_5_1_Manuscript_Ready_EN.md,3898,c8c706ad4b353820a297709a02de5797ced49cb5c72c448bd20dff54dd7e183f
results/section_5_1_active_risk_drivers/Section_5_1_Writing_Logic_ZH.md,1385,4be648e3e603425ad6e1e924f6bb90ded388b970ed92d5deec8c007e62dd17a0
results/section_5_1_active_risk_drivers/code/section_5_1_active_sets.R,22251,5031af93425584bd63ad7a726c9ddecf1c3b9b48ac2c1df194a271a125674f4c
results/section_5_1_active_risk_drivers/figures/Figure_5_1_Active_Risk_Drivers.pdf,12113,13ebdcda5c432461e9d79dd634a8659ee4a275968076d09bd11eb4941182fde0
results/section_5_1_active_risk_drivers/figures/Figure_5_1_Active_Risk_Drivers.png,132040,ed46b298a80bfb37c11448510636e4c5db19919fea89efc8b9c36b3c0d72b7ea
results/section_5_1_active_risk_drivers/figures/Figure_5_1_Active_Risk_Drivers.svg,148464,3b7607660df3e55f88246530134d4706f27bb60e255cff834e579d992a48c01a
results/section_5_1_active_risk_drivers/figures/Figure_5_1_caption.txt,705,ad4680e3653efe1b090a63a42053bfb41e8ccc8f15beeee7913678b3edba6580
results/section_5_1_active_risk_drivers/qa/analysis_QA.csv,578,87e673a2be4dca9845de1d81f13f6b696fdddce25c895166f7eb4a894095210d
results/section_5_1_active_risk_drivers/qa/analysis_summary.txt,445,e0da44b21f3b9fb85b430023c505d0477c6cadde7e30571a472279ff1fa10d73
results/section_5_1_active_risk_drivers/qa/figure_contract.txt,1326,147b128444b376d17da5d686fb6b3244bf067c0d5bb34c6b644e5b2e608795ee
results/section_5_1_active_risk_drivers/qa/input_manifest_md5.csv,157,f47fb6f9558805fb092913afaadebfca7acf993e5d08fce398ba42cf6fdc36bd
results/section_5_1_active_risk_drivers/qa/nature_figure_validation.json,2615,904c6a4ccf9eb04d735dd9a64e00282af7ff3d432fa2df9c6435056a0c078d8d
results/section_5_1_active_risk_drivers/qa/session_info.txt,743,d970a482e7621950c437cbe2a2335a7503692b7f0cadcd451f89cc998b2a9437
results/section_5_1_active_risk_drivers/source_data/Daily_Active_Set_Composition.csv,267351,ef76a2bb9f0236aa4c7fd25d50ced54f305bf1bfb7d725019758ad203ec3487f
results/section_5_1_active_risk_drivers/source_data/Figure_5_1_Active_Risk_Drivers.csv,100687,f8c206d4c8c69daff26d59a2852dec2791631b697e9e6b2fc6b1558ce40d789d
results/section_5_1_active_risk_drivers/source_data/Target_Day_Active_Set_Metrics.csv,1790510,7d092019d20fad68a33e3641e34176ddd81557483e45d683be345327a7021133
results/section_5_1_active_risk_drivers/source_data/input/dpi_primary_robust_mad_strict.csv,375975,57ac8dedab753c31f7f183ce5ed496756a4d591d020ea960c5f1bdca3285c85f
results/section_5_1_active_risk_drivers/source_data/input/selected_coefficients_strict.csv.gz,3631462,fe768988c3ab88430185e0c7a42d6dcec4422e5084360434c1e674e392ae2fe7
results/section_5_1_active_risk_drivers/tables/Table_5_1_Active_Set_Composition_by_DPI_State.csv,1205,0e714b83234042c740533149e728a10744ae12da8ea46fe1767aa300e59bbf70
results/section_5_1_active_risk_drivers/tables/Table_5_1_Manuscript_Ready.md,1059,9adf3a1f2e130450e9ff08bf8477379fc1eadc0bcf2f3ff9ae24167e0ac03253
results/section_5_1_active_risk_drivers/tables/Table_S5_1_Predictor_Selection_Frequencies.csv,3793,8faf55b181a6bd475f0b70628c08c37a8d5120a047c0ce7bbdc8465808e29b38
results/section_5_1_active_risk_drivers/tables/Table_S5_2_Target_Active_Set_Size.csv,871,be22a2ad153172a1b159bc28fbb570cd52f797dbce35825c5e3a7e31b39c97af
results/section_5_1_active_risk_drivers/tables/Table_S5_3_Active_Set_Composition_by_Year.csv,671,d4206c09148f221d9dd17ffdc827ccec0575ff84a199a8fd7c002965b2664e94
results/section_5_2_tail_risk_links/CODE_PROVENANCE.md,1354,a8a7a30d85b1afcc89afeacfdb047886ea8cbc480195f292fdbcda52eb0f1b71
results/section_5_2_tail_risk_links/MANUSCRIPT_CONTEXT_AUDIT_ZH.md,3446,64df15a67fd0d9cc9a81c548b9c4254a3f6f5dc3a07d066376e01164a1bcc96a
results/section_5_2_tail_risk_links/README_ZH.md,3586,e1a65dcc279624b977c697dd97c0a075b170de3712583810cba2ccfd06ecbeeb
results/section_5_2_tail_risk_links/SOURCE_ALIGNMENT_AUDIT.md,3372,c596677b11be3bffd4a71020677c7ac23ad0c9d9e66ba7169762bfcca31b0ada
results/section_5_2_tail_risk_links/STATISTICAL_REPORTING_AUDIT.md,2060,4fb295f7f311ef412d964fb0d5347a96b25c692a2c5f14f61982eedfd846efc7
results/section_5_2_tail_risk_links/Section_5_2_Conclusion_Replacement_EN.md,843,ede3ed81ea726bddf0f941ac5d8293bdc01e1326b7fed6466fccc2f48955bcca
results/section_5_2_tail_risk_links/Section_5_2_Manuscript_Ready_EN.md,5129,8d8cc0dbca050e2df36dec32ed9d25d59b7dfe35a2da58ae875ad7510c5beb04
results/section_5_2_tail_risk_links/Section_5_2_Statistical_Analysis_EN.md,1240,aa5b9bdd85afb64720c2610a38167434a74b44717718f7f0e154fbfdaad25e76
results/section_5_2_tail_risk_links/Section_5_2_Writing_Logic_ZH.md,4368,21bcfebe3b1d8e0d22ffb443bd8b065a9dd9a6f73f12df2a8c8ff3e5e8f845c4
results/section_5_2_tail_risk_links/TERMINOLOGY_LEDGER.md,1772,b04978c4f20328f94eafe322fd62389fe90c37c7a292a28e53157d9199188bb7
results/section_5_2_tail_risk_links/code/section_5_2_inference_and_robustness.R,25041,c2f77d4eba553b8db799a7391b0af4058edfb556a02bd6c862d483c3c62af73f
results/section_5_2_tail_risk_links/code/section_5_2_tail_risk_links.R,21142,b6013ed1c0d12e0ff2bda231908bd5c0665ec2827c1e83cd59fb1ef00cbbbda2
results/section_5_2_tail_risk_links/figures/Figure_5_2_Directional_Tail_Risk_Links.pdf,6605,b9dff6d9667402db27321df24865a06c8fe3e518369ee15a17fde4cfdb290f46
results/section_5_2_tail_risk_links/figures/Figure_5_2_Directional_Tail_Risk_Links.png,87658,784e90a980b39850742a251e95d346f58aa47a02b24ae0b6fccb4e82d6934ff8
results/section_5_2_tail_risk_links/figures/Figure_5_2_Directional_Tail_Risk_Links.svg,23863,e4b4b153215210c4338122203731d48fdae26bf2097cad2cb35e4b54fad6a4c0
results/section_5_2_tail_risk_links/figures/Figure_5_2_caption.txt,899,eb6c22c7477ea3b9df17cae00b7f85cc677b978663e1d731712c257276b2aeb4
results/section_5_2_tail_risk_links/qa/analysis_QA.csv,752,a6569605f52a346e2c4410e468d07b547c3df78271297e5640cad72b0a3a6088
results/section_5_2_tail_risk_links/qa/analysis_summary.txt,347,3187bb2041053a0ad0e05ea7144e9010fc0d0e7d0ac56942c9426c9d9faaa32a
results/section_5_2_tail_risk_links/qa/figure_contract.txt,1835,858d564bc2a37f88564d5c9b4753456ec06ba4b5b8c227b24436a183601b0631
results/section_5_2_tail_risk_links/qa/inference_input_manifest_md5.csv,381,f86cf9d6f519b16f284b34ff5da45c0822e5a2fec07cc4fd4998d8a333f92a5a
results/section_5_2_tail_risk_links/qa/inference_robustness_QA.csv,992,e11614a75799f19094506c50496693ea4bba1910aa562cc182bfadc958eab318
results/section_5_2_tail_risk_links/qa/inference_robustness_summary.txt,675,c102f163da06b7958b6617388a8d96e77d16a060f52ee7e7c425d922b23f1aa6
results/section_5_2_tail_risk_links/qa/inference_session_info.txt,603,80af1541480022151172d48ea7a01691206b86ba6197d59e5b875cd36625a808
results/section_5_2_tail_risk_links/qa/input_manifest_md5.csv,157,f47fb6f9558805fb092913afaadebfca7acf993e5d08fce398ba42cf6fdc36bd
results/section_5_2_tail_risk_links/qa/nature_figure_validation.json,2615,3a4b7438900346c18bb88b6876f87e730a7f805fe3358d17029d1f9e07ef2bc1
results/section_5_2_tail_risk_links/qa/session_info.txt,743,d970a482e7621950c437cbe2a2335a7503692b7f0cadcd451f89cc998b2a9437
results/section_5_2_tail_risk_links/reference_code/FRM_Stable_Coins_GitHub.R,79799,86b93dc8fc2b8115878a23065909c815feb44264d673b43014dcb4102b8bd810
results/section_5_2_tail_risk_links/reference_code/FRM_Statistics_Algorithm_current.R,12427,284fc8c28f0698f0aac8178869dca7ce1d6bca6e93c19bfd5dab2bdddb35a8ce
results/section_5_2_tail_risk_links/reference_code/LQRcheck_GitHub.R,1256,c1f36e57b0d4cfd5bacf48692a74c04deecd9cdc71849e6abe29634b57c7a7df
results/section_5_2_tail_risk_links/source_data/Daily_Stablecoin_Link_Network.csv,330050,5221da61ba41844117f8ecaa0f50b40c1e460196c051ddd60a3d4dbdef93e9ae
results/section_5_2_tail_risk_links/source_data/Directed_Pair_Link_Metrics.csv,37278,8cea3af639b8afa6a64b726ec9f9cde99c6fe450aeb19cbb8a39ebaaf3ecc105
results/section_5_2_tail_risk_links/source_data/Directed_Pair_Link_Metrics_by_DPI_State.csv,108982,c440dd653f0193d90f0afbcada5567ea1c64ae56c260a3ad7aaa73e55b961af2
results/section_5_2_tail_risk_links/source_data/Directed_Pair_Link_Metrics_with_Block_CI.csv,20767,9af9a840238f6b36f3d515ff18fa7a855af3f85ef59fc4bdea0487d2f8af6ba7
results/section_5_2_tail_risk_links/source_data/input/dpi_primary_robust_mad_strict.csv,375975,57ac8dedab753c31f7f183ce5ed496756a4d591d020ea960c5f1bdca3285c85f
results/section_5_2_tail_risk_links/source_data/input/output_window_imputation_flags.csv,47722,76bb9931340773f3fdb9b40b01df1aac08274e2ae4082ccba67b3d470284db8f
results/section_5_2_tail_risk_links/source_data/input/selected_coefficients_raw_strict.csv.gz,3212362,8cc4afc69a84fec63ef3e62cfa3f1b0b10a234ee800843c40f64b93c6050af19
results/section_5_2_tail_risk_links/source_data/input/selected_coefficients_screened.csv.gz,3631423,6301acc57f2f705f942a49e02bd8c669682a648e92f9e440a7d543a13169b2b9
results/section_5_2_tail_risk_links/source_data/input/selected_coefficients_strict.csv.gz,3631462,fe768988c3ab88430185e0c7a42d6dcec4422e5084360434c1e674e392ae2fe7
results/section_5_2_tail_risk_links/tables/Table_5_2_Manuscript_Ready.md,1484,b2de1844662380b579d7c824b63d567c00b337ee6ec4215860edefcb6af920f9
results/section_5_2_tail_risk_links/tables/Table_5_2_Persistent_Downside_Aligned_Links.csv,1607,f72427aff0885216f05f234b4043da441a5b1a46083c6e8c0e2a2c25117996d4
results/section_5_2_tail_risk_links/tables/Table_5_2_Persistent_Links_with_Uncertainty.csv,1180,9f04acd3620d8bcf3ffc068fee6927d6a09cb790fa2ef95038718cc8c3aaa214
results/section_5_2_tail_risk_links/tables/Table_5_2_Systemwide_Downside_Alignment.csv,435,4e0eafce83b608e57b500352d4d84cecba6c71d933688c8fc8fed1871c9ac60a
results/section_5_2_tail_risk_links/tables/Table_S5_10_State_Contrast_Block_Bootstrap.csv,250,53bf37aee34df58bc602fd85d88971da566cbdeb8c2630b9115d8044437d32e0
results/section_5_2_tail_risk_links/tables/Table_S5_11_Chronological_Stability.csv,261,3f91003ca303b3aa437c74390f0c57f02a1b9cc54c8338d2e92ca5e49dd5681a
results/section_5_2_tail_risk_links/tables/Table_S5_2_Directional_Asymmetry.csv,4919,1f217e3e1e156a3eb67ce3c983c611532dbc9c261562d08a8c6c1e7dff800b1f
results/section_5_2_tail_risk_links/tables/Table_S5_3_Network_Composition_by_DPI_State.csv,664,2cd5e3de30ed5f875e57c9d9e23a5a7aecbcb17443eba1e7e81c6f6cc3dfa465
results/section_5_2_tail_risk_links/tables/Table_S5_4_Aligned_Link_State_Shifts.csv,7125,a8684a3bc836a2be464878e0a0322920745b14bcf695e8f6a7401533c9557183
results/section_5_2_tail_risk_links/tables/Table_S5_5_Within_and_Cross_Group_Links.csv,615,bf763f2c396dee2d4e37d69c84d5c61632c0a30c25cfe7e7e72ceea80f2445c6
results/section_5_2_tail_risk_links/tables/Table_S5_6_Directional_Asymmetry_HAC90_Holm.csv,10940,41e38728fc7183acf5ba79f143567c48cafee1d4c37f85444e7896fda8947239
results/section_5_2_tail_risk_links/tables/Table_S5_7_Group_Contrasts_HAC90.csv,551,10905ff30894ef32ad478b5adaf31d5fe6160aa492856125211ff9164800fbd9
results/section_5_2_tail_risk_links/tables/Table_S5_8_Specification_Robustness.csv,552,cc5d0b50d39742181c4b5e04529f71742e875bf2bff7707f3255ccc2f9001083
results/section_5_2_tail_risk_links/tables/Table_S5_9_Network_Density_HAC90.csv,298,2ff67e78d3f10f0e4ab297582669877d1f26152049c855cbd3b5413b9afd85f6
results/section_5_3_macro_financial/CODE_PROVENANCE.md,653,fca69fdd7a6040cfdb85ce9450f4c0efd2ef613a67a7a9f459154964639d0b55
results/section_5_3_macro_financial/MANUSCRIPT_CONTEXT_AUDIT_ZH.md,2167,b3de1ad535e3838c83996c10cd7cd007208e3e65e13548dfaebef707d5af0af6
results/section_5_3_macro_financial/README_ZH.md,1843,0b7dbbc29220f8fca21d943171022728ad12d15fe3e13a56fbf1d8682f0ce9c9
results/section_5_3_macro_financial/STATISTICAL_REPORTING_AUDIT.md,1925,9adc54ceef31114ed60e418d9e7d8967036bd35501ff92b6881b806a2331bda3
results/section_5_3_macro_financial/Section_5_3_Manuscript_Ready_EN.md,4669,82684defa000131ab1de9354056c918b13053826d65c01215b729cdc2e8394a3
results/section_5_3_macro_financial/Section_5_3_Statistical_Analysis_EN.md,1465,8ad2e592dd61097537c18ee1c5b7dbac9ef2d161a406ee0e3c89ea0f982af6af
results/section_5_3_macro_financial/Section_5_3_Writing_Logic_ZH.md,3027,4dad777bb86de8d97845cbdd9380e5f7dd8c9191ab234c6653b7cdba2346fa59
results/section_5_3_macro_financial/TERMINOLOGY_LEDGER.md,1303,4b12cfe710950e70708fb89d64492c09e899656514f96e6f1d4c23f68a8a7ba2
results/section_5_3_macro_financial/code/section_5_3_macro_financial.R,26891,de693058cd840489e150725e6bc980200d83025d79e584738e01830233b80817
results/section_5_3_macro_financial/figures/Figure_5_3_Macro_Financial_Selection.pdf,7122,eeffc3cc36a77b05d90ebb1e4cb4938bde296c733ebac8feb9e45743e73569e6
results/section_5_3_macro_financial/figures/Figure_5_3_Macro_Financial_Selection.png,166544,a11c121f3292f1eaafd207f406a4388be65f39367a9545474a11a2f7d54c8c3e
results/section_5_3_macro_financial/figures/Figure_5_3_Macro_Financial_Selection.svg,38428,96054def01977dabbc1556f82af3ddc921be1813e806c6a0445c09ed97d86185
results/section_5_3_macro_financial/figures/Figure_5_3_caption.txt,625,82956a8771799dde5328b72a5e53031274ed4338bdd7abc7743f7f893d53c69b
results/section_5_3_macro_financial/qa/analysis_QA.csv,474,86ce6ba1b863d85b4288b49c2e6856a967e71dafef5eeb74185ea6a113b8dfe0
results/section_5_3_macro_financial/qa/analysis_summary.txt,478,49207ba9f053fb67f2ec5e6ad526a96dae9b76bfd7a8e173035464bbd8b87867
results/section_5_3_macro_financial/qa/figure_QA.md,1053,b447358993f422d04ce0b36939bda7277e85027bd3dc959abdea05a145ccd64d
results/section_5_3_macro_financial/qa/figure_contract.txt,1865,5c3bc6c94f918e63604a0ad440c5bc71dc6e9494c1fc372d72f84fd0f90ce27a
results/section_5_3_macro_financial/qa/input_manifest_md5.csv,426,803d39bd91fce3decd2bc30d21e1cffd2f1169c7e8b69f338bbcfe6a1eb9454e
results/section_5_3_macro_financial/qa/nature_figure_validation.json,2627,7a98a00573e1d0d8c7e81b0dc0e7b54fe69cc7f2524b3904b9bc08db65a1cac0
results/section_5_3_macro_financial/qa/session_info.txt,743,d970a482e7621950c437cbe2a2335a7503692b7f0cadcd451f89cc998b2a9437
results/section_5_3_macro_financial/reference_code/FRM_Primary_Estimation.R,15937,bfe44c03b3aeb414f33d90a24d070ec1c99efe72980d37c340cc81ae702a6118
results/section_5_3_macro_financial/reference_code/FRM_Stable_Coins_GitHub.R,79799,86b93dc8fc2b8115878a23065909c815feb44264d673b43014dcb4102b8bd810
results/section_5_3_macro_financial/reference_code/Section_5_2_Inference_and_Robustness.R,25041,c2f77d4eba553b8db799a7391b0af4058edfb556a02bd6c862d483c3c62af73f
results/section_5_3_macro_financial/source_data/Figure_5_3_Macro_Financial_Selection.csv,8395,d6a7044d76c3b00622b5f6b7a1aeb5ea7f82cac740c275921c79f9464acc42b5
results/section_5_3_macro_financial/source_data/input/dpi_primary_robust_mad_strict.csv,375975,57ac8dedab753c31f7f183ce5ed496756a4d591d020ea960c5f1bdca3285c85f
results/section_5_3_macro_financial/source_data/input/output_window_imputation_flags.csv,47722,76bb9931340773f3fdb9b40b01df1aac08274e2ae4082ccba67b3d470284db8f
results/section_5_3_macro_financial/source_data/input/selected_coefficients_raw_strict.csv.gz,3212362,8cc4afc69a84fec63ef3e62cfa3f1b0b10a234ee800843c40f64b93c6050af19
results/section_5_3_macro_financial/source_data/input/selected_coefficients_screened.csv.gz,3631423,6301acc57f2f705f942a49e02bd8c669682a648e92f9e440a7d543a13169b2b9
results/section_5_3_macro_financial/source_data/input/selected_coefficients_strict.csv.gz,3631462,fe768988c3ab88430185e0c7a42d6dcec4422e5084360434c1e674e392ae2fe7
results/section_5_3_macro_financial/tables/Table_5_3_Macro_Factor_Summary.csv,2512,5ab15d9e73ce7dde321824aeb11e0f1cd7ea29749fba18add895590caa25f0cc
results/section_5_3_macro_financial/tables/Table_5_3_Manuscript_Ready.md,1232,7c393afcedb19cf7e9188afff6a50c204a4385d36bccc48a38001d0902e6f1dc
results/section_5_3_macro_financial/tables/Table_S5_12_Global_Factor_Equality_HAC90.csv,219,3a2633ee2c7065be541045fb7cd00f129ab5350119f0bdc7596cfa3e58a11ba1
results/section_5_3_macro_financial/tables/Table_S5_13_Pairwise_Factor_Selection_HAC90_Holm.csv,1642,df5f25e552a28002123d11fc5befbd975c5f4073fd45fbad2e21432e372e9aa1
results/section_5_3_macro_financial/tables/Table_S5_14_Target_Heterogeneity_HAC90_Holm.csv,748,563e1c8c7a987f6f21ae92db17ce87a37fb3b2caf2fd05ec145220a666cc5d7e
results/section_5_3_macro_financial/tables/Table_S5_15_Macro_Selection_by_DPI_State.csv,1100,a56ead4ec64df924e2f5ee632d52b664915bf918848639dda746e66de219e70f
results/section_5_3_macro_financial/tables/Table_S5_16_DXY_by_Reference_Asset.csv,438,d2edb9ea7b6c2b78539fd219c1f5129af78703ea6a07fe13753e428cce0c69aa
results/section_5_3_macro_financial/tables/Table_S5_17_Macro_Rank_Robustness.csv,319,3b642f85a9724d0a9216e8817d969160e99d13b8ffc64b019e05b7aa39b9f629
results/section_5_4_external_vs_internal/CODE_PROVENANCE.md,783,d1b7bab0dd3c13928aafe7550e2eafa5f93f5d2860b2db80844ac811d609b2ec
results/section_5_4_external_vs_internal/README_ZH.md,1822,4166f0314c018a6a978d790298baab47a6cb307bc6654100996a349d1e16d89f
results/section_5_4_external_vs_internal/STATISTICAL_REPORTING_AUDIT.md,1059,c4c9cacc1de1b68c7ab1866336909c0df988320dc5a7165de7577d7aa7c0a803
results/section_5_4_external_vs_internal/Section_5_4_Manuscript_Ready_EN.md,3971,0c44c8028149f114e456a8cbfc395920153cd08536ffc2ee633fcf1c608a3f86
results/section_5_4_external_vs_internal/Section_5_4_Statistical_Analysis_EN.md,2415,8755416b9802ce1fefa2843de0f4c8630500ad9a0a5bad1e82ccde96c455afa0
results/section_5_4_external_vs_internal/Section_5_4_Writing_Logic_ZH.md,1866,cf84e4b1df124c719fe62059162cc54b44485de341a08dd26874cabf028561bf
results/section_5_4_external_vs_internal/TERMINOLOGY_LEDGER.md,938,4cd8f3062dfdd751e95e4cb04df69745062fbf7dde21019cedff2cb4f4376da8
results/section_5_4_external_vs_internal/code/00_config.R,3218,81a68216a8a3d6ec7876ba13390185f2eb64698e36d6928ba7e25468642292a2
results/section_5_4_external_vs_internal/code/01_estimate_block_models.R,16101,c22319de30c5c0dcef89463ff5c8f0fc1fe73d41bd76f88906e18a4b6eb25c1e
results/section_5_4_external_vs_internal/code/02_analyse_block_models.R,24195,8a3dbad0d894676bc6d7a6966bfdd72b22fa73315332e67f984904590a6a2c34
results/section_5_4_external_vs_internal/code/03_plot_figure_5_4.R,7090,032345b347b22571f115dd695bb3b0ba64f58299f5659f323a12cab08b4d128d
results/section_5_4_external_vs_internal/code/04_finalize_QA.R,3267,d138cb39b38851411ce6aa1e4baf08fa99a30c899fd3353f025383ce86b107ee
results/section_5_4_external_vs_internal/code/run_all.R,530,676520ed806d0caff684752de19881adbb91566e8ec41731571e97d7d89441b5
results/section_5_4_external_vs_internal/figures/Figure_5_4_Relative_Tail_Risk_Information.pdf,7929,09557e0f794567b5f468025cc04f40f181052d26cb99f6a381dcbd1df7f2008c
results/section_5_4_external_vs_internal/figures/Figure_5_4_Relative_Tail_Risk_Information.png,175676,519eb1038f1ba0cc09c7a2bedea8ae7b8a47e932f624b783f108b4e7fc366e50
results/section_5_4_external_vs_internal/figures/Figure_5_4_Relative_Tail_Risk_Information.svg,45314,48f45324fa9a272ad86d53bacc957cc4c052996378fdcf37bf036653288cedf0
results/section_5_4_external_vs_internal/figures/Figure_5_4_caption.txt,703,e5f6b843f6c9da031937666f1fae0f2143cfa036a3c0d74dd1dc03c825705119
results/section_5_4_external_vs_internal/qa/analysis_QA.csv,435,f0eaba1b42836775be1db88b58a57bd753d5d7372875df8ec22286b7a2291927
results/section_5_4_external_vs_internal/qa/bundle_manifest_md5.csv,4123,21fafaaa3c4ee263e5832be1c896b306fe31b2f50ace61b410446afe6d3e3877
results/section_5_4_external_vs_internal/qa/estimation_QA.csv,452,40b53c5fd76ac980adb0fa263a4b0e3e13fa602ad0d6718c5c6137749d9f2028
results/section_5_4_external_vs_internal/qa/figure_QA.csv,272,9d33208e8582dd71ca5089c3ea032f65d96af996157157ee7e1e0722010706f7
results/section_5_4_external_vs_internal/qa/figure_QA.md,718,b3ccfabe1f566684815923260605aeeb968e727b8166d96780d362886fcc1a42
results/section_5_4_external_vs_internal/qa/figure_contract.txt,1292,2cce2efa12f47943567c45e7a7c23cb0dac3ff01b3414d153f0d295e9aa8f8e3
results/section_5_4_external_vs_internal/qa/final_bundle_QA.csv,183,2627848d5bdbb8e78fd61a97b3cd4c41fba0a484a8565fb63bcc7c0c596d0ffa
results/section_5_4_external_vs_internal/qa/frozen_input_alignment_QA.csv,200,e78156107277ff98f867f9a0c4525e6550ec53f0401ea2ce16e6db24371bce3f
results/section_5_4_external_vs_internal/qa/input_manifest_md5.csv,403,9940ce989ef83c883d71eabe5cc9856ec3a6189bf0fec3920a6495bcb5deb215
results/section_5_4_external_vs_internal/qa/nature_figure_validation.json,2599,1a5ed76fa43212287539836d0b5016bf5fa4dcc19ba9d5668e0329a14752d51d
results/section_5_4_external_vs_internal/qa/session_info_analysis.txt,618,3b33938e6793d13423ac489b7f584a002439a0044fb095708860643c700aa16d
results/section_5_4_external_vs_internal/qa/session_info_estimation.txt,588,0c8dc801f0c316f6a0e14b6e9284ab231199ac89f453cc6e26f228fefc11e3e5
results/section_5_4_external_vs_internal/reference_code/FRM_Stable_Coins_GitHub.R,79799,86b93dc8fc2b8115878a23065909c815feb44264d673b43014dcb4102b8bd810
results/section_5_4_external_vs_internal/reference_code/FRM_Statistics_Algorithm.R,12427,284fc8c28f0698f0aac8178869dca7ce1d6bca6e93c19bfd5dab2bdddb35a8ce
results/section_5_4_external_vs_internal/reference_code/LQRcheck_GitHub.R,1256,c1f36e57b0d4cfd5bacf48692a74c04deecd9cdc71849e6abe29634b57c7a7df
results/section_5_4_external_vs_internal/source_data/Daily_Block_Model_GACV.csv,1148467,a83058a659f94cf09af97933a4ea311b6b6dec4e8b84a981dcd429986d74b247
results/section_5_4_external_vs_internal/source_data/Daily_Block_Model_Losses.csv,1149145,be3da28e7f8d01ef2a384d7b579c0b88d523218bef7fc6a40af4c9dbcb2967c1
results/section_5_4_external_vs_internal/source_data/Figure_5_4_Source_Data.csv,13040,74c623ac4e3c50e3271b0c932e87ea2dd238a5b53dfc9e3ebd78d1db9683a965
results/section_5_4_external_vs_internal/source_data/OOS_Block_Model_Predictions.csv.gz,11180215,8bb6b9ff078bd7c6855b8ccbf39ea39cb29fc068dff1fd373ceb4f35e2951cea
results/section_5_4_external_vs_internal/source_data/OOS_Block_Model_Predictions.rds,5656204,008ea5b8752fe60175a867c932d9d975d681a087c45a57729ce5168b5299fce8
results/section_5_4_external_vs_internal/source_data/Target_Level_Conditional_Performance.csv,2889,e85d2de465afbbd6d75157df2be75997fa186944ebd70b3ab0e0c5aed11dbc5f
results/section_5_4_external_vs_internal/source_data/Target_Level_OOS_Performance.csv,3842,b960fe1156c04067d146cc8e5bc324bfd9c0663c80327e009b64263e63f57ad0
results/section_5_4_external_vs_internal/source_data/input/Stable_Macro_20260531.csv,142096,2933bb0c3fb2704b256833752f4d82435f8b1e9f15ba47dc9f76f4edbe19839b
results/section_5_4_external_vs_internal/source_data/input/output_window_imputation_flags.csv,47722,76bb9931340773f3fdb9b40b01df1aac08274e2ae4082ccba67b3d470284db8f
results/section_5_4_external_vs_internal/source_data/input/peg_panel_reference_adjusted.csv,1999688,18d4ba6c87cb6cbea5ee1bd010389645e8819df467d5c6a66c5c267c6b65fb46
results/section_5_4_external_vs_internal/source_data/input/selected_coefficients_strict.csv.gz,3631462,fe768988c3ab88430185e0c7a42d6dcec4422e5084360434c1e674e392ae2fe7
results/section_5_4_external_vs_internal/tables/Table_5_4_Conditional_Block_Contrasts.csv,2710,30cdc68119e724a7e2c77d77f528f70504e439ff109444117db24409e0376b7c
results/section_5_4_external_vs_internal/tables/Table_5_4_Conditional_Model_Performance.csv,1955,09eb020fb77b993e3b524719c255fca1363630216779c7f32015a9170a42c52a
results/section_5_4_external_vs_internal/tables/Table_5_4_Main_Results.csv,488,a70a428816019613be48e0b504ed9421908815e56f8836cf728eb72dcf8cc42d
results/section_5_4_external_vs_internal/tables/Table_5_4_Manuscript_Ready.md,1045,d1e9ca686f8936aa97211045fa8d3d49181e0d2cedca26aaa20c0be2a2dd45e5
results/section_5_4_external_vs_internal/tables/Table_5_4_OOS_Block_Contrasts.csv,2351,75e1659f6dc7ed867d59132a858203ba8dabb11ca49f3e1ffbcba8dc1c1f28e4
results/section_5_4_external_vs_internal/tables/Table_5_4_OOS_Model_Performance.csv,3046,8eddac2cc87e2e4cda7b19ee0a8373f0d24ffda638b5816f251e9c4ac71f7d45
results/section_5_4_external_vs_internal/tables/Table_5_4_Timing_Contrasts.csv,782,273fb9e96e96703e7b53eb76e9639d9e43ff40cd28f0aa3e35f3e38c15c84bd2
results/section_5_4_external_vs_internal/tables/Table_S5_18_Conditional_GACV_Decomposition.csv,1428,42e6e01c4509507c36fd35df98209545908dc24ff7b2d6d90e6fcb89965e96d4
results/section_5_4_external_vs_internal/tables/Table_S5_19_Clean_Window_Robustness.csv,2170,cd9780fa49801bc297e96a7d1b9b33fb5956e0d41b4fdcb076bb3d718d4933d4
results/section_5_4_external_vs_internal/tables/Table_S5_20_Quantile_Calibration.csv,2197,6f53a421b276180f3524eed37ce317242473c7c655bb43ab398ba09dbc74ecdb
results/section_5_5_centrality/README_ZH.md,4294,4c8c0d8a49c070a176001641fa191693da3255660d3776db884a4bb296b7e8b0
results/section_5_5_centrality/STATISTICAL_REPORTING_AUDIT.md,1490,135b4854d8108524cf52439fc5b72773aeecd6e41f203385a878244f6c0a9abd
results/section_5_5_centrality/Section_5_5_Manuscript_Ready_EN.md,3277,d6191ac562272da63d8f28a97ac8a7166efa5b78190b5e627d251b79eb6214cd
results/section_5_5_centrality/code/section_5_5_centrality.R,13128,afba5307e5e3e112a0cf0b3233940c68384631ee7adb69f521d072f3f213f925
results/section_5_5_centrality/code/section_5_5_onchain_crosscheck.R,3559,1be6597e09fd86d38e92c7351df1cf708f033ff93167b9a715e9cd8ec6f35809
results/section_5_5_centrality/figures/Figure_5_5_Network_Roles.pdf,5691,c836cea1c5edac4fa59a8fdbc699d5d218d3753265e97f33319ad3f597c57f0e
results/section_5_5_centrality/figures/Figure_5_5_Network_Roles.png,70935,d37e07836a7d773bcd20087595d3dca8e8698586919ecf01a153e32e2f028ce7
results/section_5_5_centrality/figures/Figure_5_5_Network_Roles.svg,8761,e5d2d4a54e84b753c0f29128c4556bd9d81ba24fbf94e58cc24a132bbbb3524b
results/section_5_5_centrality/qa/R_session_info.txt,743,f785debf74a6267c172d10571bf65de07c01c41d1e540f80956e7232dd4436a2
results/section_5_5_centrality/qa/analysis_QA.csv,217,15cab7f08c5a5f9c147b6356f18b58a5de7697d7ebe6decbda9a20d75b4b2246
results/section_5_5_centrality/qa/input_md5.csv,306,4abf2371c10f061c79f7591db5d07e548d21d725ac07b7681318db00e843cd33
results/section_5_5_centrality/source_data/Daily_Network_Summary.csv,153119,e2ed10b8aee6fab93663ef9b791f4e9268efdb1b0cee089fd70e89dd64894320
results/section_5_5_centrality/source_data/Daily_Node_Centrality.csv,2306678,9959fcfd97777dcbb6315382ec8b40ae4a7da3a0555e5411830ad4cb5a79be3f
results/section_5_5_centrality/source_data/Figure_5_5_Source_Data.csv,1468,909d66410042dabb8b0a65a9dac8b9a7dedd8a4d94e1aad9caa47d33427d9140
results/section_5_5_centrality/source_data/SVB_Onchain_Crosscheck_Daily.csv,868,bbe6239c082de6d983814d10c77ea9fde711d883666465d66cda56d6e0afa73f
results/section_5_5_centrality/source_data/input/dpi_primary_robust_mad_strict.csv,375975,57ac8dedab753c31f7f183ce5ed496756a4d591d020ea960c5f1bdca3285c85f
results/section_5_5_centrality/source_data/input/output_window_imputation_flags.csv,47722,76bb9931340773f3fdb9b40b01df1aac08274e2ae4082ccba67b3d470284db8f
results/section_5_5_centrality/source_data/input/selected_coefficients_raw_strict.csv.gz,3212362,8cc4afc69a84fec63ef3e62cfa3f1b0b10a234ee800843c40f64b93c6050af19
results/section_5_5_centrality/source_data/input/selected_coefficients_strict.csv.gz,3631462,fe768988c3ab88430185e0c7a42d6dcec4422e5084360434c1e674e392ae2fe7
results/section_5_5_centrality/tables/Table_5_5_Network_Roles.csv,1468,909d66410042dabb8b0a65a9dac8b9a7dedd8a4d94e1aad9caa47d33427d9140
results/section_5_5_centrality/tables/Table_S5_5_All_Node_Centralities.csv,6792,8dbb390ca7b044fd1ede5a076db5f7a37e3b053f7ba0983e9bfffb1f0b80f4fa
results/section_5_5_centrality/tables/Table_S5_5_Node_Sensitivity.csv,4479,158c7cedb042c956c15ef4360df17e7c4857c457e26c8500623bacdee66d29ff
results/section_5_5_centrality/tables/Table_S5_5_Out_Minus_In_HAC90.csv,1320,b48ca159aec8f53b9c259aaccf7e6d5b599ef79883c7fa9128eb542d71660e1b
results/section_5_5_centrality/tables/Table_S5_5_SVB_Onchain_Crosscheck.csv,1043,ee317ebc451978ed42378f20d333b7d1cd82f3484801c2279191521d8a21992c
results/section_5_5_centrality/tables/Table_S5_5_Specification_Rank_Sensitivity.csv,538,0169362f3a1b53a5ed445baf2de26fa990ddd60fb9f3432520b45d1ecab23a2f
results/section_5_6_microstructure_extension/CODE_PROVENANCE.md,1473,81dc012397c84e091039ab23d2f477b46a04e624356a1d2ea6098e8e7fab2fbc
results/section_5_6_microstructure_extension/README_ZH.md,5174,50b87245a7af5d2f8a9c543f62f4966c4ed9a39bb1ae02492df3352844a4023a
results/section_5_6_microstructure_extension/STATISTICAL_REPORTING_AUDIT.md,3083,43220466e7bfc9344c227661a5171187014b1b37f72503715ba3df33cf05cd65
results/section_5_6_microstructure_extension/Section_5_6_Manuscript_Ready_EN.md,2614,25b9bec9ef9dd683f68178d6d5d31037382d72cc8f7a3a90b70a88d709e476c9
results/section_5_6_microstructure_extension/code/01_estimate_micro_extension.R,14210,5c78a98551f2872f6cedc328ab1f2556c41fba9721221743eb391810468d7345
results/section_5_6_microstructure_extension/code/02_analyse_micro_extension.R,14087,213f693b5ffb69a4c25f38fe28453a5a2060fb2337b19d24825975ac9e4b6918
results/section_5_6_microstructure_extension/code/03_input_manifest.R,1839,0fb1c666ee55519307ab69edf3596cd88d80f722764b49ae7673231300570f5b
results/section_5_6_microstructure_extension/code/04_build_comparison_workbook.mjs,3475,8c27497e7705ee3d38b895aa9cfab0037f7886a55c1febdedfa77b66aa9f1a77
results/section_5_6_microstructure_extension/code/05_build_package.py,1077,ec9f0783be9c80e0d9a4679c323d86f3e848732912d61e962db60919bed823cb
results/section_5_6_microstructure_extension/qa/comparison_QA.csv,249,5474d7abde51e67b7fbd59b775784314812037fc7c4b7c95151f3db90e9ebf15
results/section_5_6_microstructure_extension/qa/estimation_QA.csv,285,5c6869bb942aa30e864412ed0f0b25460baa3c6f4055bfdfab2ac246f38503e1
results/section_5_6_microstructure_extension/qa/input_coverage.csv,257,b5bbe19b8724ae072dee46c9ad6fc4393c8bc0b620ad15842932d48132ee39e3
results/section_5_6_microstructure_extension/qa/input_manifest_md5.csv,1238,791e7466dd1ce62ee6b37df800bc7b977db8f5d6ed41ba8cc5ae8e2a873ca710
results/section_5_6_microstructure_extension/qa/session_info.txt,603,5b7d890ea8b887d4e61cc4d848bf9b006f633e34db9dad5423fe0b428dbc7dfc
results/section_5_6_microstructure_extension/qa/session_info_analysis.txt,588,0c8dc801f0c316f6a0e14b6e9284ab231199ac89f453cc6e26f228fefc11e3e5
results/section_5_6_microstructure_extension/reference_code/onchain_cleaning/README.md,4741,6137e489bec27bd4988c3506f8c8660c00cfd64acb40ae5ac82a37f1ccf7765a
results/section_5_6_microstructure_extension/reference_code/onchain_cleaning/build_onchain_daily.py,14338,54cb90e74521cc35bb45e2e401b9d8e7642943a4c0eda9e22ce793f11d4e1d69
results/section_5_6_microstructure_extension/reference_code/onchain_cleaning/onchain_data_quality_checks.csv,3550,5df3630fb9693f8355ed8419895df82e5d9b6cf8241d8eaf2a346df5a3aae9a4
results/section_5_6_microstructure_extension/reference_code/section5_4/00_config.R,3218,81a68216a8a3d6ec7876ba13390185f2eb64698e36d6928ba7e25468642292a2
results/section_5_6_microstructure_extension/reference_code/section5_4/01_estimate_block_models.R,16101,c22319de30c5c0dcef89463ff5c8f0fc1fe73d41bd76f88906e18a4b6eb25c1e
results/section_5_6_microstructure_extension/source_data/Augmented_Predictions.csv.gz,2377615,3eec98df11e06e7b4b762512362ce50faae2edcdf663a10b27ffa7677d1a1b1b
results/section_5_6_microstructure_extension/source_data/Augmented_Predictions.rds,1724656,ff332a3a9e5c7d912da9c7842336971ba7b9f011b58409fda55cc627257d90df
results/section_5_6_microstructure_extension/source_data/Daily_Auxiliary_Lambda_Index.csv,111749,4677b80dfd43848a89b9c2296f9637b5a54b8407f3c2e01b38a5b66bee03101f
results/section_5_6_microstructure_extension/source_data/Daily_Matched_Model_Comparison.csv,747482,12e3d58bd587888ee96e93ae2a40fac4aa777689c7dd13e49b3958b2003e9aec
results/section_5_6_microstructure_extension/source_data/Paired_Target_Diagnostics.csv,8890844,ced2883f37f847ec7671160292587187b9dc09dd3420cd0769c4c652b46fb820
results/section_5_6_microstructure_extension/source_data/input/FRM_Statistics_Algorithm.R,12427,284fc8c28f0698f0aac8178869dca7ce1d6bca6e93c19bfd5dab2bdddb35a8ce
results/section_5_6_microstructure_extension/source_data/input/OOS_Block_Model_Predictions.rds,5656204,008ea5b8752fe60175a867c932d9d975d681a087c45a57729ce5168b5299fce8
results/section_5_6_microstructure_extension/source_data/input/Stable_Macro_20260531.csv,142096,2933bb0c3fb2704b256833752f4d82435f8b1e9f15ba47dc9f76f4edbe19839b
results/section_5_6_microstructure_extension/source_data/input/dpi_primary_robust_mad_strict.csv,375975,57ac8dedab753c31f7f183ce5ed496756a4d591d020ea960c5f1bdca3285c85f
results/section_5_6_microstructure_extension/source_data/input/peg_panel_reference_adjusted.csv,1999688,18d4ba6c87cb6cbea5ee1bd010389645e8819df467d5c6a66c5c267c6b65fb46
results/section_5_6_microstructure_extension/source_data/input/stablecoin_onchain_daily_20200101_20260531.csv,450266,4d44fb093c5e1c1b9bbfe03b2c20faad5df01d197227bfc6011e735a89d50519
results/section_5_6_microstructure_extension/tables/Chapter_5_Microstructure_Comparison.xlsx,4997,a6430653fdece2c1643940f12f848a60274c389fb5ef27d69f36239506f80d84
results/section_5_6_microstructure_extension/tables/Chapter_5_Microstructure_Comparison.xlsx.inspect.ndjson,23473,ae57e5a2107b331275722bc635cead2f1b147a255462248bffa0618637880589
results/section_5_6_microstructure_extension/tables/Comparison_Workbook_Preview.png,121883,7dbf8819cb2c5658fa040ed160cbc53df504c1f8d85143ccb03311bf3920fb19
results/section_5_6_microstructure_extension/tables/Table_5_6_Manuscript_Comparison.csv,923,7325badbb7296c4884050dadc8d64fd600c63e41e7c3dc0088137a4ed490c2cd
results/section_5_6_microstructure_extension/tables/Table_5_6_Manuscript_Ready.md,1419,faa20424d7fc7304cf2b83f11afe3d78ff08e37fca69e6ea980168bf333dfbdc
results/section_5_6_microstructure_extension/tables/Table_5_6_Matched_Model_Comparison.csv,1556,ab83de8f5e407b73ddf562c1e6602edc29529064e782e87b4775babc91a0271e
results/section_5_6_microstructure_extension/tables/Table_S5_6_Auxiliary_Index.csv,303,5e438468fa5381295fc420cc68d89bf3d209e246c6e6b954ff9849a3c7b1e9ce
results/section_5_6_microstructure_extension/tables/Table_S5_6_Micro_Selection.csv,926,876ea958e21dc4403439280b5efa66064c9df4ef74f80460fd390f34f6a1cef5
results/section_5_6_microstructure_extension/tables/Table_S5_6_Pool_Coverage_Contrast.csv,350,373e04c287a118db94779070cfef34a93c158f07c85ac3bb6889bb09c32ecc7f
results/section_5_6_microstructure_extension/tables/Table_S5_6_Pool_Coverage_Groups.csv,557,6482e83e919832878b2b8aa75f10dad477ebb0c1542fc338bd2d735f1c45c028
results/section_5_6_microstructure_extension/tables/Table_S5_6_Target_Level_Micro_Selection.csv,2890,a6afff926e7143f9e732ec027c2fe896c7486080282c7d418dee6be4660fe26e
results/section_5_6_microstructure_extension/tables/Table_S5_6_Target_Level_Performance.csv,3241,207a91f8b25c80f249316d68b8070021b42740f2f5d2096d04678c1c046b8920
results/section_6_1_market_concentration/LITERATURE_VERIFICATION.md,1019,fa75be41003f6da3fe480acb7763cb5118722cafb0aa26b35f7e8b01f3608341
results/section_6_1_market_concentration/README_ZH.md,1604,97a8d0f7ad3ff1f6da70291be40736d8a8c5375ea2218c6d7841191f5b071519
results/section_6_1_market_concentration/References_Section_6_1.bib,678,31932e3bd2356134d1ada0bb84d9565607b3f018e1014177e6b6b76a134e0e30
results/section_6_1_market_concentration/STATISTICAL_REPORTING_AUDIT.md,1960,9067ce8314e0f00e9b16e032e6ca6777ea019204454ea44a0400c5b5aa1835d2
results/section_6_1_market_concentration/Section_6_1_Manuscript_Ready_EN.md,2916,3c5d95430faab7332508a74cb86bf687fd140052f9dc30fd793ec3c4dc8d64d7
results/section_6_1_market_concentration/Section_6_1_Writing_Logic_ZH.md,3213,01fcc2abe377a6f9584cdbefdd9b0f0a4a2486e03343d981febe9371f1f5460f
results/section_6_1_market_concentration/code/01_build_market_concentration.R,15512,ba82f3f404d06e4e87c2f8ef5c444d0d784eb0171d992b405ef1bc23814b3e8b
results/section_6_1_market_concentration/figures/Figure_6_1_Stablecoin_Market_Concentration.pdf,25159,ae7d0cb3e3bd782b1b4091988869167ece253d2c23a2bbd3681f4c93921b1cae
results/section_6_1_market_concentration/figures/Figure_6_1_Stablecoin_Market_Concentration.png,72863,1d3ac0e555363e755c07a2d10b70886f97ca5ff6845699a9db749e2cf409eadf
results/section_6_1_market_concentration/figures/Figure_6_1_Stablecoin_Market_Concentration.svg,68602,5385c7df62b23f4b5f656f67591035074388e8a83d2765a93701afd742bbce54
results/section_6_1_market_concentration/figures/Figure_6_1_source_data.csv,224386,a03a5c2c049a1a88bd6acb8f3ca9d3ca5c0e86ab5e65bfa16dbc6e2d67df80d8
results/section_6_1_market_concentration/qa/concentration_QA.csv,481,9766cbe1cac0aa31721b7c33857839434bd9568cd00c9b90e958487ae9113fbd
results/section_6_1_market_concentration/qa/session_info.txt,1142,e5763759f3ec18a7a6970252ce61385a2f06b79a5cecb2514ee17f14bf3a185d
results/section_6_1_market_concentration/qa/source_manifest.csv,5355,04461bee042014b2fc7575682362b4b699fac97c43b27f82630617486e22f6f6
results/section_6_1_market_concentration/source_data/input/paxg_market_chart_20260407_20260531.json,136140,7d64cd409a85aa8a69a175e79e46de1320a07be1526339c4a3eb1494f745873c
results/section_6_1_market_concentration/source_data/market_cap_calendar_panel.csv,1768369,31e0469aa3b3fa4db2f02ae2a99ca2ee85497579767eda8a85c24efaad2ff853
results/section_6_1_market_concentration/source_data/market_cap_selected_long.csv,2094012,58fff8c2efb7299cab902c10164d4f8c77d8dfe7a1606602e3ae909ecd691714
results/section_6_1_market_concentration/source_data/market_cap_share_panel.csv,2701621,7b9cb95546389b9c2c8b17ab47df0c669c503703c255466013537fd4d681cb81
results/section_6_1_market_concentration/tables/Table_6_1_Daily_Concentration.csv,379717,b94bfaca4f760ecc7f94580e026084ba08a1787c420671d77ea4a8bd501ef484
results/section_6_1_market_concentration/tables/Table_S6_1_Annual_Concentration.csv,1189,b7e60c5682917aa42281dbfd1f97f475a9a428a9e5c21fe66b8758501fa24c68
results/section_6_1_market_concentration/tables/Table_S6_1_Coin_Shares.csv,1146,c244babe7f9b519f4866a17ef2de551c67e1732af246c65ea33859991c88d04b
results/section_6_1_market_concentration/tables/Table_S6_1_Overall_Summary.csv,483,61f2b2b8a6d27b1c26bacb5d86af3b5df203064e8fefe4885587c2f3daaef0e6
results/section_6_2_concentration_dpi/README_ZH.md,1311,72dddc9fff146060f64a8f09127cdc06455ccdf8fb8db65b826cebfaf027b185
results/section_6_2_concentration_dpi/STATISTICAL_REPORTING_AUDIT.md,1741,533d24074f8fc3acb053f981d59636782f7f17b8a0d8c3c53733a876b91aab3e
results/section_6_2_concentration_dpi/Section_6_2_Manuscript_Ready_EN.md,4899,4505466e9c6a3fc9012da90d1c9d21c7af8eb0181f75403e142aa35d249c2366
results/section_6_2_concentration_dpi/Section_6_2_Writing_Logic_ZH.md,1727,415433f96612073e764097ac61bd1e7a11ec41d45fe26ccee816d068a8231db4
results/section_6_2_concentration_dpi/TERMINOLOGY_LEDGER.md,882,64be993a6505074d04494aa541b54f1b961098dfb302021032e94b3551bb43a5
results/section_6_2_concentration_dpi/code/01_estimate_concentration_dpi.R,20554,a416169cee8ec5c73f0da0a848a603ce152d902466bac15070cda25e0a898bd2
results/section_6_2_concentration_dpi/figures/Figure_6_2_Concentration_and_Depegging_Pressure.pdf,5762,a8c12433538c2e9ba0cf7b6d09cf772c6c28416eec0060cdade5d7f562075638
results/section_6_2_concentration_dpi/figures/Figure_6_2_Concentration_and_Depegging_Pressure.png,67431,99df2c16f6f95eacefb46f2a2f697f526e5103aeb2e5d065c6406d28f99dd8d3
results/section_6_2_concentration_dpi/figures/Figure_6_2_Concentration_and_Depegging_Pressure.svg,12085,7289530d5caae4385aa6f725369b23c3ce3fcf4c4e4e4f4fcc06ac52d2e55a24
results/section_6_2_concentration_dpi/figures/Figure_6_2_caption.txt,903,1a12cc74a7a1cdf18b0b8099ece05f7951606e999d937c6336908a6612bb5143
results/section_6_2_concentration_dpi/figures/Figure_6_2_source_data.csv,4404,e8d863ecab95b2ab9680e0b6725e2fbd8e0b10b8df7f33ec203069209b410f37
results/section_6_2_concentration_dpi/qa/analysis_QA.csv,693,f8f34931db6e5bf3180494068f726a34cb9662a139188a1d22ff8be4500e60d8
results/section_6_2_concentration_dpi/qa/figure_QA.md,660,9dc3a8f0a3d8ff41b884e82676f30077b984260a14cc48839a56f985d25d6f4e
results/section_6_2_concentration_dpi/qa/figure_contract.txt,607,61f4870bf5cdb9c702d9b9e67eec9214342af6ba16f0fcb4c24910d428759184
results/section_6_2_concentration_dpi/qa/input_manifest_md5.csv,478,ec32d509bd8b2bcc5b21395cc63d3526532f82c2a26ec05656e137e4f6c50916
results/section_6_2_concentration_dpi/qa/session_info.txt,1204,136315131cf64377b2c8865cd2a9cebf8c4de75e09c55426f8a3787456993d58
results/section_6_2_concentration_dpi/source_data/Section_6_2_analysis_panel.csv,1417307,35e5b66fa5eaeadeb9089d4596d7aeaca8c5a834720365811c577313e787f29e
results/section_6_2_concentration_dpi/source_data/input/Section_4_5_daily_analysis_panel.csv,687294,75ea1c8aec4c6b1e46e3d34c79283315f759e17554cfa3b89491570f30f3968e
results/section_6_2_concentration_dpi/source_data/input/Stable_Macro_20260531.csv,142096,2933bb0c3fb2704b256833752f4d82435f8b1e9f15ba47dc9f76f4edbe19839b
results/section_6_2_concentration_dpi/source_data/input/Table_6_1_Daily_Concentration.csv,379717,b94bfaca4f760ecc7f94580e026084ba08a1787c420671d77ea4a8bd501ef484
results/section_6_2_concentration_dpi/source_data/input/dpi_primary_robust_mad_strict.csv,375975,57ac8dedab753c31f7f183ce5ed496756a4d591d020ea960c5f1bdca3285c85f
results/section_6_2_concentration_dpi/source_data/input/stablecoin_onchain_daily_20200101_20260531.csv,450266,4d44fb093c5e1c1b9bbfe03b2c20faad5df01d197227bfc6011e735a89d50519
results/section_6_2_concentration_dpi/tables/Table_6_2_Manuscript_Ready.md,1434,8b8a505b569a47b49cfdf7149d700ce46bf61a1b1f89825803a70ae175237521
results/section_6_2_concentration_dpi/tables/Table_6_2_Primary_Models.csv,2647,977f0371167ab48b7fcbf77bcb52d36954a04c11497be0c3fb2ee030bd8ce851
results/section_6_2_concentration_dpi/tables/Table_S6_2_All_Specifications.csv,6151,8e847d6a261530f008e5c518acdf7c006e694bf8032ddbe3557e3ef554d8bdc8
results/section_6_2_concentration_dpi/tables/Table_S6_2_Block_Bootstrap.csv,504,da2b16659857219ce0071f54203728be6ecccb1aa6456af62c4e91dffb420ae2
results/section_6_2_concentration_dpi/tables/Table_S6_2_Descriptive_Diagnostics.csv,308,65af80c888d7b885a9e71c03233dd42f9e566406329bcf89d51bd36dc3728fb0
results/section_6_3_portfolio_protocol/MANUSCRIPT_CONTEXT_AUDIT_ZH.md,1023,6f310ed8b2527c8120b8e903c162360cedff6e62da06b45c614dcb7e13c75057
results/section_6_3_portfolio_protocol/README_ZH.md,1235,73e51430486bcd7e655655eeb8da154fe23fe70094254afedd0d900a0c1851d7
results/section_6_3_portfolio_protocol/Results_Preview_for_Section_6_4_EN.md,1557,8835b78af75b0501f955ba1d3545e03dde8eed029d6cef263b32d701a42b8f9c
results/section_6_3_portfolio_protocol/STATISTICAL_REPORTING_AUDIT.md,1709,3efb09cf850a7c4b4b200ce6767adfa61154ff047ea1e164e32135f3df4516f0
results/section_6_3_portfolio_protocol/Section_6_3_Manuscript_Ready_EN.md,4401,ae8998d53305f4dc052b2c7ef48d1475b4054a436a63c90223059d06e6280a87
results/section_6_3_portfolio_protocol/Section_6_3_Writing_Logic_ZH.md,1403,51ea7dcca08d7499ed19c2d2540c337deb7f80a3c4729a3cecff40b3ee374922
results/section_6_3_portfolio_protocol/TERMINOLOGY_LEDGER.md,908,9e2606689c69435791d668b9ed90409dad3cb0d92967a6e3ae491c8e62e65c4a
results/section_6_3_portfolio_protocol/code/01_run_portfolio_protocol.R,18625,60863341a1907646849fed6c7398e02ab48738c1e863a4b1cee916d544c2306e
results/section_6_3_portfolio_protocol/qa/analysis_QA.csv,491,ade91647623d7b24aa1d46673c524ffc0e6a57c8ac04e31cdd7e4869673b9a37
results/section_6_3_portfolio_protocol/qa/input_manifest_md5.csv,295,4e492f54cbce8a6bef2d7182fbd1a969975e3c90c39f06c45cd74a50dc00a9e9
results/section_6_3_portfolio_protocol/qa/session_info.txt,603,80af1541480022151172d48ea7a01691206b86ba6197d59e5b875cd36625a808
results/section_6_3_portfolio_protocol/source_data/Portfolio_Daily_Returns.csv,241109,8e67833ef9c5156f0e7d6cdbcc2764ab4b7d4b841ad74340cbb81f9b00ecb5b3
results/section_6_3_portfolio_protocol/source_data/Portfolio_Weights_Long.csv,4314529,c6d3c77b385a4806b3f70d572b432179cdfe7cc2de533150deaa36a19ebe4566
results/section_6_3_portfolio_protocol/source_data/input/Stable_Price_reference_adjusted_11.csv,474446,3f80c4b323662e776f7faafda8ce0ef2ef5833c79ce3ca27cc56279530e14b6c
results/section_6_3_portfolio_protocol/source_data/input/lambdas_strict.csv,456082,c3a5f11a83c3ea765c26ad2e8e6d84945752ffc307423b20712d40edbd4d0ef9
results/section_6_3_portfolio_protocol/tables/Table_6_3_Manuscript_Ready.md,778,acdcaba18f05119042ae6f1d2949e9e42a4eaaca9b52c83b077dcc0923b85810
results/section_6_3_portfolio_protocol/tables/Table_6_3_OOS_Performance.csv,947,87eb633ae336b71392c4028b7a39379829a77ca1e6f2892b3730657e0b05aeae
results/section_6_3_portfolio_protocol/tables/Table_6_3_Portfolio_Design.csv,679,8481fa96f2137b1271ebae8e2bfee459f09e660fa8770c4107500a111e43ac7a
results/section_6_3_portfolio_protocol/tables/Table_S6_3_Block_Bootstrap.csv,950,103575270d11bf67eb9f6dc26cf925a24139653607d7e426c7d9ea6f61d252e8
results/section_6_3_portfolio_protocol/tables/Table_S6_3_Inference_Manuscript.md,1264,a456bc0bb212209de1b027f85934fa05ee957da67cb6e4f15386fc3dfe15a384
results/section_6_3_portfolio_protocol/tables/Table_S6_3_OOS_Performance.csv,952,c0727500a6dcfcafd72d08d27ce6e15c639e7d110ccc0dd7137f7b6571ec7c1c
results/section_6_3_portfolio_protocol/tables/Table_S6_3_Weight_Diagnostics.csv,761,f53c3e64aab00193f92d20e26f7a1dcce94990ab15d15b0b902bda67142d7e56
results/section_6_4_oos_portfolio_performance/FIGURE_CONTRACT_AND_QA.md,1017,6794333feaef08c3ade98806358d183081e57721107fdd5f4be6182651885c08
results/section_6_4_oos_portfolio_performance/MANUSCRIPT_CONTEXT_AUDIT_ZH.md,956,362bc80e639f748e7a15f932aff94a4fbe8b1ef8c028471bbbde8914e3445c06
results/section_6_4_oos_portfolio_performance/README_ZH.md,949,1ef0dcc2616037d33ebba1894907f06fbb6edebf4b42db7e72d25bd05f6da09d
results/section_6_4_oos_portfolio_performance/STATISTICAL_REPORTING_AUDIT.md,1092,1ff1a4b9a6fa89f525c54896000cfc7040a62d2d6209fb829d6d312cb628706c
results/section_6_4_oos_portfolio_performance/Section_6_4_Manuscript_Ready_EN.md,2768,75293d7741ab7ccf13ff48aa0bf658f2fe6b4e0dbf4b850d27c38c73de9445f7
results/section_6_4_oos_portfolio_performance/Section_6_4_Writing_Logic_ZH.md,1082,8a65a377737f1c7d222f158f93aa38a8b90dee136d1278375ed2ca6dc093a821
results/section_6_4_oos_portfolio_performance/TERMINOLOGY_LEDGER.md,675,34b457c50a3b10d4c48a5121b9bfb267d9742221b779eb6ada3ad95620c707e7
results/section_6_4_oos_portfolio_performance/code/01_build_oos_performance.R,12400,501433d76d6fde537a2cf1c03dba2be65e097b96bae2d83677c6bd1a1b89cd1a
results/section_6_4_oos_portfolio_performance/figures/Figure_6_4_Out_of_Sample_Portfolio_Risk.pdf,5368,3e6a17b5f9bc6426721968b4cfcd93d8179b7c6d2223329307ba59e84d1217c4
results/section_6_4_oos_portfolio_performance/figures/Figure_6_4_Out_of_Sample_Portfolio_Risk.png,38325,8dce9942b33c55f677913769f33027250d403b557f773c2881ae65d9669c3079
results/section_6_4_oos_portfolio_performance/figures/Figure_6_4_Out_of_Sample_Portfolio_Risk.svg,7932,5c8237263cd2cd31dca55d822d9751618835d839db81f3e221dba6563b517ab9
results/section_6_4_oos_portfolio_performance/figures/Figure_6_4_caption.txt,743,2aa24d2e72516cd920d890f19c0a7a75957366ef569e3189e33c0d9b3635c274
results/section_6_4_oos_portfolio_performance/figures/Figure_6_4_source_data.csv,1121,765eba64821ab08bd2602d289b201207a62061056a22547fd5303fc1be959785
results/section_6_4_oos_portfolio_performance/qa/analysis_QA.csv,400,a342a4524052f17ba7e74f1820864e0bd848d42bc7a756f09812b56769d4443d
results/section_6_4_oos_portfolio_performance/qa/figure_validation.json,2590,50730704414a875575397345edd272cf02d857219d762e45619dad9c06db8732
results/section_6_4_oos_portfolio_performance/qa/input_manifest_md5.csv,596,c1b5e94d0bd243f78b60dac7c11a3fb7afacbc8bcae6867db3099e2526524d1c
results/section_6_4_oos_portfolio_performance/qa/session_info.txt,1142,29824ce372bb7814e053bffb3913faa60341750b3b2e0c9cc617accdf742a552
results/section_6_4_oos_portfolio_performance/source_data/input/Block_Bootstrap_Differences.csv,950,103575270d11bf67eb9f6dc26cf925a24139653607d7e426c7d9ea6f61d252e8
results/section_6_4_oos_portfolio_performance/source_data/input/OOS_Performance.csv,952,c0727500a6dcfcafd72d08d27ce6e15c639e7d110ccc0dd7137f7b6571ec7c1c
results/section_6_4_oos_portfolio_performance/source_data/input/Portfolio_Daily_Returns.csv,241366,7a0e37d09f5fa4de929870fde178f9495afa35562aa686c77d16e3d4fde81620
results/section_6_4_oos_portfolio_performance/source_data/input/Portfolio_Weights_Long.csv,4068347,826234619518db0031bcda10349edc2bb3077151f7aa03debad1c45cc78c9ec6
results/section_6_4_oos_portfolio_performance/tables/Table_6_4_Manuscript_Ready.md,633,752240c77d2ad99d077c3e2083890a67ee67a32b54c50e0be842d74547e5892d
results/section_6_4_oos_portfolio_performance/tables/Table_6_4_OOS_Performance.csv,326,8ab645642dff40ec2b3f7b902834c8a75898d4448743c228885b162f1ea91b44
results/section_6_5_event_resilience/FIGURE_CONTRACT_AND_QA.md,1064,12bcb9dd48c163ad9f9f80ec24cea63d4e64f50a903036b2ab5acfd4b0e29700
results/section_6_5_event_resilience/MANUSCRIPT_CONTEXT_AUDIT_ZH.md,1011,8e5cee29b94ddefc8d0adcf0709bbb29660a7eb38163b3f48c75764fd1f31b33
results/section_6_5_event_resilience/README_ZH.md,1115,3ec24e26f668192ed21d76b956b599aa02cf8638d1f5e54027c2be6c182c1646
results/section_6_5_event_resilience/STATISTICAL_REPORTING_AUDIT.md,1212,35d4bb15d377088e5257e315cbb158604e3e57af30d7c7ca27751b2f0d4a774d
results/section_6_5_event_resilience/Section_6_5_Manuscript_Ready_EN.md,3273,f05936b2c3b8c74a53c94c6c3bc0be5c68047e314a5e98683354ac4f0dcefb1e
results/section_6_5_event_resilience/Section_6_5_Writing_Logic_ZH.md,1065,4af62d43b83921b89d7f3c7e02a7cc11ea1302572f8f8ae95c806bb07f8f3c2d
results/section_6_5_event_resilience/TERMINOLOGY_LEDGER.md,939,d8fd0719a76cd3b2fdde744a8e5d3411e594b5d50418a7727d2315f2cc4e7d22
results/section_6_5_event_resilience/code/01_run_event_resilience.R,17074,1ba029b1ea16785d695cf974d3eb237572219f249ef24bcd2381d6d6ea5c27ee
results/section_6_5_event_resilience/figures/Figure_6_5_Portfolio_Drawdowns_Tail_Events.pdf,5445,3ce81b24fa7663210de1a815a9fb501ebf8182d632396a34e90cea7b78eee7fe
results/section_6_5_event_resilience/figures/Figure_6_5_Portfolio_Drawdowns_Tail_Events.png,50181,db638fa959ac737c387657b44140dc484a80b4c561684be84e2459f7259a6bdf
results/section_6_5_event_resilience/figures/Figure_6_5_Portfolio_Drawdowns_Tail_Events.svg,7104,8c335d7b0bd8a49baa506cfb44669fe72e1da03c5865c909692364d3fad7cd70
results/section_6_5_event_resilience/figures/Figure_6_5_caption.txt,591,53b9b3a652b58b7b307e63d46b3231462ac6cb4afaff387af7bf60b72750e065
results/section_6_5_event_resilience/figures/Figure_6_5_source_data.csv,3020,2bbff65d7a58b0d289d753c32d74e0f05008d00f0fbff93698a61928300562dd
results/section_6_5_event_resilience/qa/analysis_QA.csv,518,551a7ef5c4c545398734a8e876f6635cc8317dbb32869c77bfb0be0090c0d829
results/section_6_5_event_resilience/qa/event_window_coverage.csv,208,3aba578214d5d51edfc3eacdfc4ce5b8b716001d2e8b2221a2c2500820f330cd
results/section_6_5_event_resilience/qa/figure_validation.json,2580,b5982de3346559affe0fc678a8cb751f4f98d9ecc8fb1aa28b6765431b354a7d
results/section_6_5_event_resilience/qa/input_manifest_md5.csv,280,401fc10c50b0454ec8f6db79177de9b0630d6459fbc55c9f55bafb82fbf7f860
results/section_6_5_event_resilience/qa/session_info.txt,1161,fe5fe498e5a676388ea859e6b1ba534717a954d6f77589d158cf16319f3ec69a
results/section_6_5_event_resilience/source_data/Pooled_Event_Window_Returns.csv,17525,40c0c14499898377ac15fc2cbd2701e7e347d284588f264f5b0c7d69776ff935
results/section_6_5_event_resilience/source_data/input/Portfolio_Daily_Returns.csv,241366,7a0e37d09f5fa4de929870fde178f9495afa35562aa686c77d16e3d4fde81620
results/section_6_5_event_resilience/source_data/input/events_primary.csv,1086,b43a91b274ad30eab2b7acc9f74f73fd31eabf7aa00a0e5c03bdb241c0f55a3a
results/section_6_5_event_resilience/tables/Table_6_5_Manuscript_Ready.md,894,a219ccc86b4831b73e975a2154ac2e5996825ae581a4b0b8d37474ce0e7a261c
results/section_6_5_event_resilience/tables/Table_6_5_Pooled_Event_Inference.csv,635,96455695208e52d6d244e7c017595a4a2ee0e38348d10443a89095554c63f099
results/section_6_5_event_resilience/tables/Table_6_5_Pooled_Event_Performance.csv,823,373007076fa17720775547d5f800cb4eaef028f7d2a019b16b8d3890d92f3e11
results/section_6_5_event_resilience/tables/Table_S6_5_Block_Length_Sensitivity.csv,1160,9ed33372ca0d065f3a7798c566010e7f4c6a7b5cd8748f5bf39415d29a27b69a
results/section_6_5_event_resilience/tables/Table_S6_5_Event_Level_Performance.csv,5381,6be1a9c0e15a805d803acd0dd50f38a4cc9e594aa4d730392ce4e3dceee3fff9
results/section_6_5_event_resilience/tables/Table_S6_5_Leave_One_Event_Out.csv,4601,1662ce86cdf2cd473561b0f2f3c03f08822c2d54b77b34788212366449da2c2c
run_all.R,3775,e8416aaeffbc7a90ed26cd663aea88164d66188af95aa4d3c72d44acc9ff313d
scripts/build_manifest.py,3994,3017a51dd25db358a1c63a8b57108d7b88ad564969f52f1351d0b35ed727902a
scripts/validate_repository.R,2301,0a6760411638ec9b5a6373610fcc362685b540032953632dad2bde974fed73f9
work/FRM_SC_Study/FRM_SC_adj_heatmap.R,1428,41a33095b2287fd17680ed2fecf6b7c3c1123c83cf6326c876b0548328f944f1
work/FRM_SC_Study/FRM_SC_build_fixed_from_csv.R,4240,4fb76ae0bcc0ead0cc69d7a91d8a2d8e6fb512f2f13ca57104c3f68d498791b9
work/FRM_SC_Study/FRM_SC_centrality.R,9926,e9fab74ecf1f3decdde2fc015e50798428b75f4e08bdbde9bb3a6838b8f073b8
work/FRM_SC_Study/FRM_SC_centrality_indicators.R,16841,f2b3f8960ec5a3437ae8b0c276fff6b3095d1b7a4e5d68c84b3f929d77d5c7c2
work/FRM_SC_Study/FRM_SC_centrality_models.R,5463,573f3f403e0c4601e999822c674b45bc87805e831ee7135859b923368b580b06
work/FRM_SC_Study/FRM_SC_compare_crypto.R,3232,a8706b055f77a0a77dcc900bf7701605be640280b823bcbd5114d77fefba178b
work/FRM_SC_Study/FRM_SC_config.R,1908,75f1db859bc5d4dca53602925f4070eb8ab5c4127cba1f59375f410149ae618d
work/FRM_SC_Study/FRM_SC_crypto_compare.R,4252,b7d36dcdbc4d8d3fdd6d90aded668f2a773c7c3d8a5339ccf45fd2f36c4e9475
work/FRM_SC_Study/FRM_SC_estimation.R,4574,f55e50242cc0665b91f0bd40898e0187d95a25a33a395dd130d3e0532d639a48
work/FRM_SC_Study/FRM_SC_estimation_varying.R,1912,18ed6e1921ed57c64e72673d8d99ab214069d8edfd8295bd001d31e41eb0f409
work/FRM_SC_Study/FRM_SC_frm_plot_stable.R,497,067af05c2cbe693c44e010e3128673570ca083c5ea7de254e7521a73948f6241
work/FRM_SC_Study/FRM_SC_helpers.R,2633,d20e4a0681e333037a5ab962dc8c93a339ce5f6c4821300622b16be899598871
work/FRM_SC_Study/FRM_SC_hhi.R,5241,22981e6f3a35cae0bacbe08980b2bcab34fc24968510be913d607c303eb27b3f
work/FRM_SC_Study/FRM_SC_hhi_vs_frm.R,8838,601c9719486055f0f7d34ee71141eff6d3a41bf5ae076aae50d61260f3e6057a
work/FRM_SC_Study/FRM_SC_history_outputs.R,2382,4646043e432cf7ebab45442a725dc741ed66fe7392b27927f33d83cc8afeda1f
work/FRM_SC_Study/FRM_SC_index_and_charts.R,2104,67867e7f1e96a7f85b4e1f465ee8a26d0398741ffb087585c93febfc95efdf8a
work/FRM_SC_Study/FRM_SC_load_data.R,2617,966c9255012468d187907c91da2421ef1a2d393bed4b7c7e21c6828e4a04e1d4
work/FRM_SC_Study/FRM_SC_macro.R,2728,7df935aecb436e15bc8eb26164b8647d361544630d33b0025a1ed5f432b0337d
work/FRM_SC_Study/FRM_SC_network.R,3836,b73e5b2132014c8ea9bada1d6ac6248f8bc1ad169d1bcf9206d4a22ca0eca1d7
work/FRM_SC_Study/FRM_SC_network_gif.R,7441,41b2b3ff06c0ee29e59fdc69ddd21a8dd8715b1f40f1822940573c80df468ba4
work/FRM_SC_Study/FRM_SC_portfolio_LTEC.R,16122,8a39d14a0220927fb4107dc9a421b92ed50ca1b5eb0cde2afefc501d97f34ea0
work/FRM_SC_Study/FRM_SC_portfolio_dynamic.R,16741,a75ea43676e02e2e9ae79ba560edcaaf58c4f0a72ea4063d1b09e2f533e097af
work/FRM_SC_Study/FRM_SC_portfolios.R,6353,0dd55bdfbf08d98d6b6f157fd785367baa6e58e75726fc0fe1dcef9ba435a514
work/FRM_SC_Study/FRM_SC_preprocess.R,2086,5fdd643faa08d425f02146e717b889df5e765035068a36d6714917403f69b9e5
work/FRM_SC_Study/FRM_SC_run_all.R,575,199f8f7fc4bc524ef39d046e378b14ec65a3dc757fa2fe93023ecd8e79e0834c
work/FRM_SC_Study/FRM_SC_utils.R,4209,0cc51a381e01a7cd4603fba930f40fdfa2e8e079123bbb5b1b022ddaf25f33f0
work/FRM_SC_Study/FRM_Statistics_Algorithm.R,12427,284fc8c28f0698f0aac8178869dca7ce1d6bca6e93c19bfd5dab2bdddb35a8ce
work/FRM_SC_Study/README.md,3932,386f8a543b6f54d10058271af6790a20bcb7e773c78fab586cbcad8df716d6bf
work/master-thesis-code/00_config.R,2894,beadcf8d1d0178044e75fc1fa4e8b5f79e0b3e92e98eb88e41589a15bda1f034
work/master-thesis-code/00_rebuild_input_panels_optional.R,9726,95911104d70fb43e5fb3aee5206bb301cc23f252b85afdac0ca36b601450625b
work/master-thesis-code/01_validate_inputs.R,6765,af553726f28e4188821a069fe1a5fc6a5821506dbcdbe8fb8d24b2fe9b7b3f40
work/master-thesis-code/02_estimate_frm.R,15937,bfe44c03b3aeb414f33d90a24d070ec1c99efe72980d37c340cc81ae702a6118
work/master-thesis-code/03_plot_frm.R,6246,7984805770d5f158a4e70a28e50f1466b13fd8fca4c2276a6ffe48096c728731
work/master-thesis-code/04_finalize_audit.R,4066,461a479aba0b47728878ed71594d3b350b0e2cb75f4eb50632e3f8a884ede4ff
work/master-thesis-code/05_plot_figure_4_4_redesign.R,15995,8f32433a807705dd92f8ec2f902439f40b816a24b4f401e7345cb7870b97b8c6
work/master-thesis-code/11 Stable coins_cap.ipynb,95946,8898b899d5b074e46e21bfaecbf095e4c847587d68c5df2d374de2a40a1b7eee
work/master-thesis-code/FRM_SC_peg_descriptives.R,37323,0d6c483fcfc202c3b5c4b94450a7b7da78226154f07c747eed925578d8ea8687
work/master-thesis-code/Input/Stable/Benchmarks/EURUSD.csv,28865,739df593df437ed749363735660b346b6e50302496ab2c406bc099cea5cbd696
work/master-thesis-code/Input/Stable/Benchmarks/IDRUSD.csv,46301,e006f20631a60db8493c6587e9e4c8567e5c0316a5a7410a456351e44d70a2be
work/master-thesis-code/Input/Stable/Benchmarks/XAUUSD.csv,30582,0ed69ffc0c11a96a68da2aa88855878a216a2986d7ed3c84caf7c17a0e61e2e1
work/master-thesis-code/Input/Stable/CoinGecko_Local_README.md,378,b9381c741dbab170545bd855aab717ed12517c25468d91aa652bdc75af4b69f8
work/master-thesis-code/Maintain info.md,1,01ba4719c80b6fe911b091a7c05124b64eeece964e09c058ef8f9805daca546b
work/master-thesis-code/deviation from prg USDT_USD (figure 2.2) .ipynb,3622,7b331bdf97007537a5160eecdb4de4e12c699df7b1bfc1b4af6fdb14158c838a
work/master-thesis-code/figure 2.3 Mean and Quantile Regression of Stable coins Peg Deviations.ipynb,98026,4c6ce540f22f0662a65ce6210bb55d035fa2f228e9e3e6d0d53902acf21f4a66
work/master-thesis-code/stablecoin_11_market_caps_panel.csv,517509,6383d9e842b40b4953b8c0002658147dc9dc9ae28d0e7bb4b7f6c393f6cbc6d9
work/master-thesis-code/stablecoin_11_marketcap_stacked_area.png,296768,28f477b671b80cd3c54cfaea6c954899638c72154032adf15f7b75429a4d1c6e
