"specification","outcome","horizon_days","scheme","model","forecasts","oos_r_squared","rmse","mae"
"strict_both","stable_downside",10,"expanding","stable",2115,0.00843094403670241,0.863907435330402,0.636878235923071
"strict_both","stable_downside",10,"expanding","crypto",2115,0.0963569951537802,0.824715533836458,0.602256691277269
"strict_both","stable_downside",10,"expanding","joint",2115,0.0844213327859715,0.830144245591429,0.618650224923499
"strict_both","crypto_volatility",10,"expanding","stable",2115,0.067754837655036,0.461389844995413,0.36063590776033
"strict_both","crypto_volatility",10,"expanding","crypto",2115,0.212662719825449,0.424017098883512,0.331318057028337
"strict_both","crypto_volatility",10,"expanding","joint",2115,0.190197955778752,0.43002370516062,0.334552813582937
"strict_both","stable_downside",10,"rolling_63","stable",2115,-0.0251273267355314,0.618147463187314,0.474646542749635
"strict_both","stable_downside",10,"rolling_63","crypto",2115,-0.0222089982449232,0.617266966193645,0.47330275546385
"strict_both","stable_downside",10,"rolling_63","joint",2115,-0.016532880384365,0.615550801782323,0.473617463043718
"strict_both","crypto_volatility",10,"rolling_63","stable",2115,-0.0799324316444086,0.462877083707034,0.359083881661445
"strict_both","crypto_volatility",10,"rolling_63","crypto",2115,-0.104687179005161,0.468152174581306,0.37049742136255
"strict_both","crypto_volatility",10,"rolling_63","joint",2115,-0.176022173637149,0.483031155232341,0.381562887155777
"strict_both","stable_downside",35,"expanding","stable",2065,-0.000278192797217747,0.791891056090867,0.572824271813671
"strict_both","stable_downside",35,"expanding","crypto",2065,0.0699396240031465,0.763590661800523,0.548534850822341
"strict_both","stable_downside",35,"expanding","joint",2065,0.0452143057254235,0.773673976658919,0.558595121985756
"strict_both","crypto_volatility",35,"expanding","stable",2065,-0.0405460791307055,0.361197389345696,0.28173551984349
"strict_both","crypto_volatility",35,"expanding","crypto",2065,0.26925047636255,0.30269009842403,0.243731025611645
"strict_both","crypto_volatility",35,"expanding","joint",2065,0.174628786400776,0.3216907721176,0.257044603752926
"strict_both","stable_downside",35,"rolling_63","stable",2065,-0.0250257527735818,0.584945553509315,0.460781380217813
"strict_both","stable_downside",35,"rolling_63","crypto",2065,-0.145141252394704,0.618269162384387,0.47669115862424
"strict_both","stable_downside",35,"rolling_63","joint",2065,-0.108570116276592,0.608316559895781,0.47624386605968
"strict_both","crypto_volatility",35,"rolling_63","stable",2065,-0.338472874814125,0.365745301895382,0.304014481745608
"strict_both","crypto_volatility",35,"rolling_63","crypto",2065,-0.120004370293506,0.334567558959956,0.285009856572563
"strict_both","crypto_volatility",35,"rolling_63","joint",2065,-0.346722725614393,0.366870729632533,0.30761687540101
"strict_both","stable_downside",90,"expanding","stable",1955,0.013972035360916,0.719697611132956,0.545553795832571
"strict_both","stable_downside",90,"expanding","crypto",1955,0.0498019649590381,0.706500557839985,0.530585508827306
"strict_both","stable_downside",90,"expanding","joint",1955,0.0273099792818798,0.714813383502618,0.540027922875128
"strict_both","crypto_volatility",90,"expanding","stable",1955,0.0556031890962466,0.316186037925066,0.242553464345738
"strict_both","crypto_volatility",90,"expanding","crypto",1955,0.294023280598209,0.273376149705453,0.207940973362718
"strict_both","crypto_volatility",90,"expanding","joint",1955,0.24700334750133,0.282333203155697,0.225101261667926
"strict_both","stable_downside",90,"rolling_63","stable",1955,-0.00236301231393377,0.561626031616604,0.447544593166539
"strict_both","stable_downside",90,"rolling_63","crypto",1955,-0.310097827151295,0.642076206048338,0.493379932498816
"strict_both","stable_downside",90,"rolling_63","joint",1955,-0.273346970732652,0.633006388038898,0.493955836583555
"strict_both","crypto_volatility",90,"rolling_63","stable",1955,-0.119918246822492,0.269430272684894,0.222329474450496
"strict_both","crypto_volatility",90,"rolling_63","crypto",1955,-0.417206157895122,0.303088700508327,0.254375772947161
"strict_both","crypto_volatility",90,"rolling_63","joint",1955,-0.444356652237521,0.305978177360205,0.256403980273266
"strict_both","stable_downside",150,"expanding","stable",1835,0.0521294641304761,0.664717603713503,0.507928716956744
"strict_both","stable_downside",150,"expanding","crypto",1835,0.0947102174238095,0.649615648367276,0.49085399122544
"strict_both","stable_downside",150,"expanding","joint",1835,0.07271327518719,0.657460536403756,0.506312030422425
"strict_both","crypto_volatility",150,"expanding","stable",1835,0.0375348099069844,0.323429990476894,0.243685774683535
"strict_both","crypto_volatility",150,"expanding","crypto",1835,0.174272810937511,0.299575342777416,0.228783927309736
"strict_both","crypto_volatility",150,"expanding","joint",1835,0.126818575725377,0.308063337705517,0.246418076098007
"strict_both","stable_downside",150,"rolling_63","stable",1835,-0.0417686749271311,0.50842722354471,0.407340653510179
"strict_both","stable_downside",150,"rolling_63","crypto",1835,-0.0819306126922656,0.518134909476168,0.431129741925488
"strict_both","stable_downside",150,"rolling_63","joint",1835,-0.102909424602457,0.523134152201293,0.432641560679878
"strict_both","crypto_volatility",150,"rolling_63","stable",1835,0.0301132769377367,0.270489066700671,0.225928746260631
"strict_both","crypto_volatility",150,"rolling_63","crypto",1835,-0.268041051204328,0.30928286877495,0.262141263518714
"strict_both","crypto_volatility",150,"rolling_63","joint",1835,-0.155012898336038,0.295177075324301,0.251275555413622
"balanced9_crypto","stable_downside",10,"expanding","stable",2115,0.00803300907185112,0.864080768941688,0.637068346685608
"balanced9_crypto","stable_downside",10,"expanding","crypto",2115,0.007015721776924,0.86452372377166,0.629658168908036
"balanced9_crypto","stable_downside",10,"expanding","joint",2115,0.000179107723560334,0.867494705720091,0.64113016416033
"balanced9_crypto","crypto_volatility",10,"expanding","stable",2115,0.0681269448996,0.461297753533593,0.360683044920567
"balanced9_crypto","crypto_volatility",10,"expanding","crypto",2115,0.178376406943078,0.4331510916408,0.340998265982129
"balanced9_crypto","crypto_volatility",10,"expanding","joint",2115,0.157297697547217,0.438672139401391,0.34477743559541
"balanced9_crypto","stable_downside",10,"rolling_63","stable",2115,-0.0258989948208632,0.618380075724303,0.475262106473038
"balanced9_crypto","stable_downside",10,"rolling_63","crypto",2115,0.0500762817401338,0.595041905474914,0.452745337101852
"balanced9_crypto","stable_downside",10,"rolling_63","joint",2115,0.00895875254229594,0.607783703466395,0.465996952769074
"balanced9_crypto","crypto_volatility",10,"rolling_63","stable",2115,-0.0805514733238217,0.463009730504092,0.35933603319791
"balanced9_crypto","crypto_volatility",10,"rolling_63","crypto",2115,-0.0278092914987764,0.451568519395498,0.360024208850435
"balanced9_crypto","crypto_volatility",10,"rolling_63","joint",2115,-0.0899083109763765,0.465010083411929,0.369036702281051
"balanced9_crypto","stable_downside",35,"expanding","stable",2065,-0.000352153808260924,0.791920331936803,0.572772266373756
"balanced9_crypto","stable_downside",35,"expanding","crypto",2065,0.00592627574240268,0.789431287484492,0.570265478918274
"balanced9_crypto","stable_downside",35,"expanding","joint",2065,-0.0104156438484992,0.795893702407654,0.577177287850348
"balanced9_crypto","crypto_volatility",35,"expanding","stable",2065,-0.0422548038362134,0.361493836444851,0.281915322192016
"balanced9_crypto","crypto_volatility",35,"expanding","crypto",2065,0.159821230676654,0.32456358789849,0.261285219165798
"balanced9_crypto","crypto_volatility",35,"expanding","joint",2065,0.106403068458352,0.334722401327462,0.267031987457259
"balanced9_crypto","stable_downside",35,"rolling_63","stable",2065,-0.0191489447963977,0.583266301012063,0.458620748525945
"balanced9_crypto","stable_downside",35,"rolling_63","crypto",2065,-0.016745795428373,0.5825782252837,0.466332684757843
"balanced9_crypto","stable_downside",35,"rolling_63","joint",2065,-0.00400145171505528,0.578915564529246,0.458519396768712
"balanced9_crypto","crypto_volatility",35,"rolling_63","stable",2065,-0.335388166040572,0.365323601706609,0.303064656822568
"balanced9_crypto","crypto_volatility",35,"rolling_63","crypto",2065,-0.127253869743275,0.335648597224661,0.282057005046932
"balanced9_crypto","crypto_volatility",35,"rolling_63","joint",2065,-0.366196719463949,0.369513736842196,0.308344162583326
"balanced9_crypto","stable_downside",90,"expanding","stable",1955,0.0129304542847652,0.720077633596475,0.545967592637866
"balanced9_crypto","stable_downside",90,"expanding","crypto",1955,0.00337931907108124,0.723553073412949,0.539031719874295
"balanced9_crypto","stable_downside",90,"expanding","joint",1955,0.00137355470579115,0.724280806408656,0.550754737728937
"balanced9_crypto","crypto_volatility",90,"expanding","stable",1955,0.0564703744062086,0.316040836852426,0.242414294186922
"balanced9_crypto","crypto_volatility",90,"expanding","crypto",1955,0.200532503456484,0.290914814938322,0.216393633713096
"balanced9_crypto","crypto_volatility",90,"expanding","joint",1955,0.168682312491177,0.296653135518463,0.22706140766077
"balanced9_crypto","stable_downside",90,"rolling_63","stable",1955,-0.00238032764468854,0.56163088250315,0.447374006602339
"balanced9_crypto","stable_downside",90,"rolling_63","crypto",1955,-0.115191952824491,0.592392465898382,0.452538884703842
"balanced9_crypto","stable_downside",90,"rolling_63","joint",1955,-0.0592212367762228,0.577335220809062,0.457176710507427
"balanced9_crypto","crypto_volatility",90,"rolling_63","stable",1955,-0.122088171020666,0.269691166882636,0.222392474430217
"balanced9_crypto","crypto_volatility",90,"rolling_63","crypto",1955,-0.0935940228540064,0.266244898023215,0.224467427187158
"balanced9_crypto","crypto_volatility",90,"rolling_63","joint",1955,-0.18497867652483,0.277145925416058,0.231574085839517
"balanced9_crypto","stable_downside",150,"expanding","stable",1835,0.0509587358644031,0.665127978081033,0.508285147039095
"balanced9_crypto","stable_downside",150,"expanding","crypto",1835,0.0345583342254759,0.670850406769399,0.502691753607047
"balanced9_crypto","stable_downside",150,"expanding","joint",1835,0.0366814151881971,0.670112374809542,0.51637810243501
"balanced9_crypto","crypto_volatility",150,"expanding","stable",1835,0.0385603882607201,0.323257625174119,0.243522407444131
"balanced9_crypto","crypto_volatility",150,"expanding","crypto",1835,0.0890381136106912,0.314657346455978,0.237457249520452
"balanced9_crypto","crypto_volatility",150,"expanding","joint",1835,0.0771568007252977,0.316702674155182,0.245138453283289
"balanced9_crypto","stable_downside",150,"rolling_63","stable",1835,-0.04013260923068,0.508027832008287,0.406921232172523
"balanced9_crypto","stable_downside",150,"rolling_63","crypto",1835,-0.0358947075224543,0.506991824922889,0.411897357969254
"balanced9_crypto","stable_downside",150,"rolling_63","joint",1835,-0.0683453422529545,0.514871650753671,0.417193254737443
"balanced9_crypto","crypto_volatility",150,"rolling_63","stable",1835,0.030820330307205,0.270390454630921,0.225664168628133
"balanced9_crypto","crypto_volatility",150,"rolling_63","crypto",1835,-0.0146714896430817,0.276663544808804,0.231127843874453
"balanced9_crypto","crypto_volatility",150,"rolling_63","joint",1835,0.0514623757678305,0.267495505490701,0.224557595829659
