"event_id","series_id","hac_lag","contrast","window_complete","estimate_log","se_log","z","p_value","effect_pct","ci95_low_pct","ci95_high_pct","p_holm_six_events","event_label","event_date","shock_type","origin"
"kucoin","stable_adjusted_screened",90,"acute_to_transmission_0_30_vs_baseline",TRUE,-0.253167902371209,0.144305283771721,-1.75439107809593,0.079363519049429,-22.3662478030617,-41.4916707382454,3.01096538258729,0.079363519049429,"KuCoin security incident",2020-09-26,"Operational/infrastructure","Crypto-native"
"kucoin","stable_minus_crypto_screened",90,"acute_to_transmission_0_30_vs_baseline",TRUE,-0.688305003198075,0.151103853589216,-4.55517835481066,0.00000523411487609773,-49.7573040176117,-62.6360224998715,-32.439513443931,0.0000157023446282932,"KuCoin security incident",2020-09-26,"Operational/infrastructure","Crypto-native"
"kucoin","crypto_dynamic15_screened",90,"acute_to_transmission_0_30_vs_baseline",TRUE,0.435137100826866,0.0571308312536394,7.61650218067055,0.0000000000000260642188182289,54.5174889184916,38.1490141349406,72.8253692665155,0.000000000000130321094091145,"KuCoin security incident",2020-09-26,"Operational/infrastructure","Crypto-native"
"china_crash","stable_adjusted_screened",90,"acute_to_transmission_0_30_vs_baseline",TRUE,0.124411636316641,0.03548794274316,3.50574383015258,0.000455333227275874,13.2481945762761,5.63890612604797,21.4055885762691,0.00136599968182762,"2021 crypto crash and China warning",2021-05-19,"Market-wide/regulatory","Crypto-native"
"china_crash","crypto_dynamic15_screened",90,"acute_to_transmission_0_30_vs_baseline",TRUE,0.505229926798014,0.0432870986685591,11.6716052204483,0.000000000000000000000000000000178031922061537,65.7366549638656,52.2553367316778,80.4116649587127,0.00000000000000000000000000000106819153236922,"2021 crypto crash and China warning",2021-05-19,"Market-wide/regulatory","Crypto-native"
"china_crash","stable_minus_crypto_screened",90,"acute_to_transmission_0_30_vs_baseline",TRUE,-0.380818290481372,0.0645337318970259,-5.90107342759953,0.00000000361144121144881,-31.6697959175254,-39.7882145227913,-22.4567623605857,0.0000000144457648457952,"2021 crypto crash and China warning",2021-05-19,"Market-wide/regulatory","Crypto-native"
"terra","stable_adjusted_screened",90,"acute_to_transmission_0_30_vs_baseline",TRUE,-0.219097202737816,0.027633241631577,-7.92875499946595,0.00000000000000221353751447185,-19.6756363121807,-23.9103062853843,-15.205291454423,0.0000000000000132812250868311,"Terra/UST collapse",2022-05-09,"Endogenous design failure","Crypto-native"
"terra","crypto_dynamic15_screened",90,"acute_to_transmission_0_30_vs_baseline",TRUE,0.199121034463185,0.0294839450857192,6.75354108428425,0.0000000000144279624097866,22.0329658906895,15.1808785828669,29.2926824947259,0.0000000000577118496391463,"Terra/UST collapse",2022-05-09,"Endogenous design failure","Crypto-native"
"terra","stable_minus_crypto_screened",90,"acute_to_transmission_0_30_vs_baseline",TRUE,-0.418218237201002,0.0354407530955748,-11.8004895684122,0.0000000000000000000000000000000388047243092226,-34.1781435028225,-38.5951176474192,-29.4434477073314,0.000000000000000000000000000000232828345855336,"Terra/UST collapse",2022-05-09,"Endogenous design failure","Crypto-native"
"ftx","stable_adjusted_screened",90,"acute_to_transmission_0_30_vs_baseline",TRUE,0.202598330433134,0.0296938334929833,6.82290922393054,0.00000000000892150351580065,22.4580492732209,15.5345560982349,29.7964378644607,0.0000000000446075175790032,"FTX liquidity crisis",2022-11-08,"Intermediary/liquidity","Crypto-native"
"ftx","stable_minus_crypto_screened",90,"acute_to_transmission_0_30_vs_baseline",TRUE,0.128508000679496,0.0342201314338888,3.7553333460383,0.000173110919292501,13.7130519071649,6.33643271808625,21.6013913906882,0.000346221838585002,"FTX liquidity crisis",2022-11-08,"Intermediary/liquidity","Crypto-native"
"ftx","crypto_dynamic15_screened",90,"acute_to_transmission_0_30_vs_baseline",TRUE,0.0740903297536377,0.036682531897084,2.01977142585208,0.0434071023551631,7.69040775828915,0.219629670759263,15.7180879758356,0.0434071023551631,"FTX liquidity crisis",2022-11-08,"Intermediary/liquidity","Crypto-native"
"svb","stable_adjusted_screened",90,"acute_to_transmission_0_30_vs_baseline",TRUE,0.384113371649979,0.0619762106393527,6.19775503677019,0.00000000057274186996446,46.8311897188611,30.0361406587537,65.7954332160107,0.00000000229096747985784,"SVB-linked USDC depeg",2023-03-11,"Reserve/custody","TradFi-to-crypto"
"svb","crypto_dynamic15_screened",90,"acute_to_transmission_0_30_vs_baseline",TRUE,0.141355668360718,0.0494642377038457,2.85773469727865,0.00426676967553021,15.1834246138018,4.54083179063958,26.9094676071946,0.00853353935106042,"SVB-linked USDC depeg",2023-03-11,"Reserve/custody","TradFi-to-crypto"
"svb","stable_minus_crypto_screened",90,"acute_to_transmission_0_30_vs_baseline",TRUE,0.242757703289261,0.0386248439993967,6.2850144661569,0.000000000327823164368152,27.4759716610018,18.1818554656822,37.501000359867,0.00000000163911582184076,"SVB-linked USDC depeg",2023-03-11,"Reserve/custody","TradFi-to-crypto"
"hormuz","stable_adjusted_screened",90,"acute_to_transmission_0_30_vs_baseline",TRUE,-0.281072255976103,0.110529371022212,-2.54296440282483,0.0109916426501361,-24.5026217858231,-39.2076266017989,-6.24063844523075,0.0219832853002722,"Iran-Hormuz shock",2026-02-28,"External geopolitical/macro","External"
"hormuz","crypto_dynamic15_screened",90,"acute_to_transmission_0_30_vs_baseline",TRUE,-0.194056782596549,0.0328541736822766,-5.90660974989714,0.00000000349219678339281,-17.6388863838076,-22.7752187450775,-12.1609290972648,0.0000000104765903501784,"Iran-Hormuz shock",2026-02-28,"External geopolitical/macro","External"
"hormuz","stable_minus_crypto_screened",90,"acute_to_transmission_0_30_vs_baseline",TRUE,-0.0870154733795535,0.130473022282413,-0.666923106841242,0.504821250495169,-8.33370883497391,-29.0175766473058,18.3773184834835,0.504821250495169,"Iran-Hormuz shock",2026-02-28,"External geopolitical/macro","External"
