"timing","target","n_dates","any_micro_active_frequency","mean_active_micro","curve_imbalance_frequency","curve_swap_count_frequency","uni_near_inventory_frequency"
"same_day_conditional","BUSD",1521,0.886916502301118,1.55292570677186,0.378698224852071,0.577909270216962,0.596318211702827
"same_day_conditional","DAI",1521,0.860618014464168,1.34385272846811,0.27810650887574,0.531886916502301,0.533859303090072
"same_day_conditional","EURS",1521,0.89086127547666,1.57790927021696,0.43129520052597,0.549638395792242,0.596975673898751
"same_day_conditional","GUSD",1521,0.879684418145957,1.52794214332676,0.506245890861275,0.433925049309665,0.587771203155819
"same_day_conditional","IDRT",1521,0.926364234056542,1.7922419460881,0.541748849441157,0.634451019066404,0.616042077580539
"same_day_conditional","PAXG",1521,0.954635108481262,1.76134122287968,0.514792899408284,0.537804076265615,0.708744247205786
"same_day_conditional","sUSD",1521,0.930966469428008,1.69230769230769,0.52465483234714,0.525969756738987,0.641683103221565
"same_day_conditional","TUSD",1521,0.902695595003287,1.4155161078238,0.382642998027613,0.453648915187377,0.57922419460881
"same_day_conditional","USDC",1521,0.879684418145957,1.47994740302433,0.400394477317554,0.450361604207758,0.629191321499014
"same_day_conditional","USDP",1521,0.88034188034188,1.49375410913872,0.499013806706114,0.378698224852071,0.616042077580539
"same_day_conditional","USDT",1521,0.978303747534517,1.76002629848784,0.808678500986193,0.416173570019724,0.53517422748192
"all_predictors_lagged","BUSD",1521,0.932281393819855,1.63116370808678,0.368836291913215,0.658119658119658,0.604207758053912
"all_predictors_lagged","DAI",1521,0.920447074293228,1.6732412886259,0.389875082182775,0.654174884944116,0.629191321499014
"all_predictors_lagged","EURS",1521,0.911242603550296,1.71334648257725,0.548323471400395,0.517422748191979,0.647600262984878
"all_predictors_lagged","GUSD",1521,0.934253780407627,1.68244575936884,0.521367521367521,0.569362261669954,0.591715976331361
"all_predictors_lagged","IDRT",1521,0.948060486522025,1.78172255095332,0.522682445759369,0.648915187376726,0.610124917817226
"all_predictors_lagged","PAXG",1521,0.942143326758711,1.76857330703485,0.462853385930309,0.636423405654175,0.669296515450362
"all_predictors_lagged","sUSD",1521,0.930966469428008,1.71071663379356,0.543063773833005,0.49112426035503,0.676528599605523
"all_predictors_lagged","TUSD",1521,0.95069033530572,1.80473372781065,0.539119000657462,0.547008547008547,0.718606180144642
"all_predictors_lagged","USDC",1521,0.899408284023669,1.54437869822485,0.378040762656147,0.512820512820513,0.653517422748192
"all_predictors_lagged","USDP",1521,0.889546351084813,1.58382642998028,0.506245890861275,0.473372781065089,0.604207758053912
"all_predictors_lagged","USDT",1521,0.994082840236686,1.95923734385273,0.840894148586456,0.508218277449047,0.610124917817226
