"specification","target","check_loss_base","check_loss_aug","loss_reduction","selected_gacv_base","selected_gacv_aug","relative_loss_improvement_pct"
"all_predictors_lagged","BUSD",0.526924548408874,0.520200733709022,0.00672381469985186,0.211066014804099,0.203469811585184,1.27604886129435
"all_predictors_lagged","DAI",0.27549040343418,0.271607821466737,0.00388258196744325,0.143180702145713,0.120199310450525,1.40933474235188
"all_predictors_lagged","EURS",0.220304239522013,0.216390749171345,0.00391349035066741,0.102595303590374,0.0989908561784683,1.77640265078802
"all_predictors_lagged","GUSD",0.339118390313388,0.33682401922361,0.00229437108977861,0.169546162242119,0.159439267579122,0.676569350207849
"all_predictors_lagged","IDRT",0.48672193214883,0.463068940714443,0.0236529914343869,0.161634214539604,0.158472545833077,4.8596518611687
"all_predictors_lagged","PAXG",0.194603642274276,0.195899966442897,-0.00129632416862163,0.0865608995048045,0.0830860360843893,-0.666135614663668
"all_predictors_lagged","sUSD",0.368504770890067,0.370174739594795,-0.00166996870472891,0.124979679158393,0.11608130840671,-0.453174242682221
"all_predictors_lagged","TUSD",0.268543056190458,0.260771563258603,0.00777149293185569,0.117528017001562,0.105959101455602,2.8939467071321
"all_predictors_lagged","USDC",0.286698033593706,0.28113949750927,0.00555853608443689,0.149677727860632,0.127661677678192,1.9388120716287
"all_predictors_lagged","USDP",0.250299477661197,0.252422060147924,-0.00212258248672728,0.114583074619284,0.109842251628499,-0.848017145924846
"all_predictors_lagged","USDT",0.226971835672342,0.201398403416345,0.0255734322559972,0.103907457111754,0.0902365042823939,11.2672271342578
"same_day_conditional","BUSD",0.504274288160529,0.534365296538493,-0.0300910083779638,0.204043541453285,0.196499324370916,-5.96719069055227
"same_day_conditional","DAI",0.245068037850312,0.240980204949301,0.00408783290101134,0.0973863088380965,0.0956731361905856,1.66804000100095
"same_day_conditional","EURS",0.220900060029298,0.229070979071954,-0.00817091904265602,0.100988871774236,0.0976097448301832,-3.69892115084637
"same_day_conditional","GUSD",0.325548783527842,0.345182596616941,-0.0196338130890996,0.155505967569871,0.150527661419731,-6.03098954213126
"same_day_conditional","IDRT",0.386728679365376,0.385991588475549,0.000737090889827148,0.169394845036444,0.166437220448475,0.190596386861383
"same_day_conditional","PAXG",0.198997373282177,0.200778805693643,-0.00178143241146601,0.0852106716350718,0.0816106334050874,-0.895203982888736
"same_day_conditional","sUSD",0.367321353028268,0.372677937528773,-0.00535658450050427,0.116100409546569,0.107951299555437,-1.4582829057836
"same_day_conditional","TUSD",0.22843775259822,0.2260315390923,0.00240621350591942,0.0998257648129395,0.0913983516113334,1.05333443292603
"same_day_conditional","USDC",0.236999680471992,0.235318055845239,0.00168162462675236,0.0931472300420948,0.0888346673259999,0.709547212639001
"same_day_conditional","USDP",0.21848140879502,0.218431293764687,0.0000501150303336787,0.100576960916741,0.0974225350782301,0.0229378923406232
"same_day_conditional","USDT",0.18034468671137,0.157494771374435,0.0228499153369349,0.0796354250803366,0.069068726231683,12.6701350361958
