metric,value
source_release_tag,data-2026-09-19
thesis_panel_sha256,3f80c4b323662e776f7faafda8ce0ef2ef5833c79ce3ca27cc56279530e14b6c
output_sha256,4d44fb093c5e1c1b9bbfe03b2c20faad5df01d197227bfc6011e735a89d50519
total_calendar_days,2343
curve_original_first_timestamp_utc,2020-09-06 21:00:00+00:00
curve_actual_first_hour_utc,2020-09-06 20:00:00+00:00
curve_hourly_volume_positive_with_no_swap_after_shift,51
curve_shifted_log_volume_correlation,0.9964993574714853
curve_unshifted_log_volume_correlation,0.46452758656675697
curve_swap_events_missing_price,0
curve_events_used,551685
curve_full_24h_days,2093
curve_full_days_with_missing_price,0
curve_parquet_sha256,78582c5432cd57a7f91e9a3857fbffaa06e5c3b56af5486b12dd93507eb41978
curve_events_parquet_sha256,636e8d19a994115951fdef5f3735d81ea8dad8aab26b171b201bd10759711b9f
uni_usdc_usdt_pool_id,0x3416cf6c708da44db2624d63ea0aaef7113527c6
uni_usdc_usdt_fee_tier,100
uni_usdc_usdt_full_24h_days,1612
uni_usdc_usdt_days_without_recent_tvl,0
uni_usdc_usdt_parquet_sha256,2d752fa9e0ad7a478e73dcaa801c41866ca2156bb5939c8ca839d22fcef495f0
uni_dai_usdc_pool_id,0x5777d92f208679db4b9778590fa3cab3ac9e2168
uni_dai_usdc_fee_tier,100
uni_dai_usdc_full_24h_days,1612
uni_dai_usdc_days_without_recent_tvl,0
uni_dai_usdc_parquet_sha256,ca5b49fb10ee92baa25979d966b684804d352120c86b1372babf4ed48800993c
uniswap_liquidity_hourly_snapshots,38688
uniswap_liquidity_negative_buckets,0
uniswap_liquidity_full_24h_days,1612
uniswap_liquidity_parquet_sha256,54c6af132985fab8cde9c3e5ac729c021d64591d3376488122dbcc0b924e0d73
curve_3pool_hours_nonmissing_days,2094
curve_3pool_hours_first_valid_day,2020-09-06
curve_3pool_tvl_usd_eod_nonmissing_days,2093
curve_3pool_tvl_usd_eod_first_valid_day,2020-09-07
curve_3pool_dai_share_eod_nonmissing_days,2093
curve_3pool_dai_share_eod_first_valid_day,2020-09-07
curve_3pool_imbalance_eod_nonmissing_days,2093
curve_3pool_imbalance_eod_first_valid_day,2020-09-07
curve_3pool_swap_count_nonmissing_days,2093
curve_3pool_swap_count_first_valid_day,2020-09-07
curve_3pool_swap_notional_units_nonmissing_days,2093
curve_3pool_swap_notional_units_first_valid_day,2020-09-07
curve_3pool_swap_volume_usd_est_nonmissing_days,2093
curve_3pool_swap_volume_usd_est_first_valid_day,2020-09-07
uni_usdc_usdt_hours_nonmissing_days,1612
uni_usdc_usdt_hours_first_valid_day,2022-01-01
uni_usdc_usdt_swap_volume_usd_nonmissing_days,1612
uni_usdc_usdt_swap_volume_usd_first_valid_day,2022-01-01
uni_usdc_usdt_swap_count_nonmissing_days,1612
uni_usdc_usdt_swap_count_first_valid_day,2022-01-01
uni_usdc_usdt_tvl_usd_eod_nonmissing_days,1612
uni_usdc_usdt_tvl_usd_eod_first_valid_day,2022-01-01
uni_dai_usdc_hours_nonmissing_days,1612
uni_dai_usdc_hours_first_valid_day,2022-01-01
uni_dai_usdc_swap_volume_usd_nonmissing_days,1612
uni_dai_usdc_swap_volume_usd_first_valid_day,2022-01-01
uni_dai_usdc_swap_count_nonmissing_days,1612
uni_dai_usdc_swap_count_first_valid_day,2022-01-01
uni_dai_usdc_tvl_usd_eod_nonmissing_days,1612
uni_dai_usdc_tvl_usd_eod_first_valid_day,2022-01-01
uni_usdc_usdt_liquidity_snapshot_hours_nonmissing_days,1612
uni_usdc_usdt_liquidity_snapshot_hours_first_valid_day,2022-01-01
uni_usdc_usdt_inventory_pm10ticks_usd_eod_nonmissing_days,1612
uni_usdc_usdt_inventory_pm10ticks_usd_eod_first_valid_day,2022-01-01
uni_usdc_usdt_inventory_pm25ticks_usd_eod_nonmissing_days,1612
uni_usdc_usdt_inventory_pm25ticks_usd_eod_first_valid_day,2022-01-01
uni_usdc_usdt_inventory_pm50ticks_usd_eod_nonmissing_days,1612
uni_usdc_usdt_inventory_pm50ticks_usd_eod_first_valid_day,2022-01-01
