"strategy","metric","estimate","ci95_low","ci95_high","p_value","p_holm_primary","lower_is_better","block_length","bootstrap_repetitions"
"GMV","AnnVol",-7.7963564593602,-11.924270956075,-2.40541295428827,0.001,0.006,TRUE,90,1999
"LTEC","AnnVol",-0.176341950107366,-4.65785677912495,4.12456482200703,0.851,1,TRUE,90,1999
"QTEC","AnnVol",-0.0436687066397088,-1.19530043652812,2.233634742957,0.638,1,TRUE,90,1999
"GMV","ES5",-62.3573002002517,-94.7835588219545,-27.7019817895726,0.001,0.006,TRUE,90,1999
"LTEC","ES5",24.3505204067778,-5.70669099783027,51.4104445059383,0.094,0.282,TRUE,90,1999
"QTEC","ES5",16.8246933641282,4.49234900647997,33.3070485478712,0.016,0.064,TRUE,90,1999
"GMV","MaxDD",-13.0251011145113,-16.025338086748,-2.2289395218089,0.001,NA,TRUE,90,1999
"LTEC","MaxDD",0.843385826600649,-5.56034371473527,13.3185204300437,0.499,NA,TRUE,90,1999
"QTEC","MaxDD",-0.299664875001904,-3.13980467286106,8.10350972960593,0.478,NA,TRUE,90,1999
