date,frm,effective_coins
2020-04-01,0.0120984846332333,8
2020-04-02,0.0122239466510545,8
2020-04-03,0.0120397132871967,8
2020-04-04,0.0169732433775488,8
2020-04-05,0.0166192945858883,8
2020-04-06,0.0164794171137524,8
2020-04-07,0.0147328109802374,8
2020-04-08,0.0144516489984415,8
2020-04-09,0.0138932360887824,8
2020-04-10,0.0138092469118087,8
2020-04-11,0.0132175338410729,8
2020-04-12,0.0130701781819247,8
2020-04-13,0.0105169324383619,8
2020-04-14,0.0102327011115676,8
2020-04-15,0.00927903660473329,8
2020-04-16,0.0100462891005145,8
2020-04-17,0.0101581818931184,8
2020-04-18,0.00986018910051038,8
2020-04-19,0.00980707785279737,8
2020-04-20,0.00962176440504423,8
2020-04-21,0.0101553453281243,8
2020-04-22,0.0197877928630287,8
2020-04-23,0.0198233666352948,8
2020-04-24,0.0103877138727714,8
2020-04-25,0.00844354819496715,8
2020-04-26,0.00729987848401065,8
2020-04-27,0.0191084334699521,8
2020-04-28,0.0210863896046547,8
2020-04-29,0.00877464000828096,8
2020-04-30,0.00675983388823581,8
2020-05-01,0.00727929591434326,8
2020-05-02,0.00733425227535204,8
2020-05-03,0.00779235146819075,8
2020-05-04,0.0075456009778402,8
2020-05-05,0.00817418665069201,8
2020-05-06,0.00778846212366137,8
2020-05-07,0.00943005730909018,8
2020-05-08,0.0104358310828391,8
2020-05-09,0.0101935950348083,8
2020-05-10,0.00895538436739739,8
2020-05-11,0.00931007289695268,8
2020-05-12,0.0101511175027094,8
2020-05-13,0.0103934754777818,8
2020-05-14,0.0113331069836119,8
2020-05-15,0.0113379235770024,8
2020-05-16,0.0108662512897929,8
2020-05-17,0.0103670024853781,8
2020-05-18,0.0106101726043725,8
2020-05-19,0.00776638251921619,8
2020-05-20,0.0081780199334859,8
2020-05-21,0.00753579534292963,8
2020-05-22,0.0077290360350103,8
2020-05-23,0.0076683279607616,8
2020-05-24,0.00758418743666193,8
2020-05-25,0.00836710340150551,8
2020-05-26,0.00853141808753911,8
2020-05-27,0.0103332571651802,8
2020-05-28,0.010463543796968,8
2020-05-29,0.00896370024802415,8
2020-05-30,0.00817082841459938,8
2020-05-31,0.00831209580173308,8
2020-06-01,0.00978845081402975,8
2020-06-02,0.00966960269317026,8
2020-06-03,0.0100839922756636,8
2020-06-04,0.0094241741726815,8
2020-06-05,0.00860307608413604,8
2020-06-06,0.00898456633995843,8
2020-06-07,0.0092764357198264,8
2020-06-08,0.00882075687991176,8
2020-06-09,0.00888488491770253,8
2020-06-10,0.00841964051112104,8
2020-06-11,0.00735377617833055,8
2020-06-12,0.00864861651182966,8
2020-06-13,0.00772456276796403,8
2020-06-14,0.0080716893221763,8
2020-06-15,0.00827892498077539,8
2020-06-16,0.0050311022271615,8
2020-06-17,0.00570505858909185,8
2020-06-18,0.00757346248271207,8
2020-06-19,0.00680355781496,8
2020-06-20,0.00678744097684091,8
2020-06-21,0.0058238464080413,8
2020-06-22,0.00514228082295461,8
2020-06-23,0.0049572023248824,8
2020-06-24,0.00504892842143763,8
2020-06-25,0.0060629769900936,8
2020-06-26,0.00584365785297565,8
2020-06-27,0.00601976034433451,8
2020-06-28,0.00556170156490963,8
2020-06-29,0.00453250247156588,8
2020-06-30,0.00486344161549452,8
2020-07-01,0.00396292163259586,8
2020-07-02,0.00386295038209571,8
2020-07-03,0.00358294794769955,8
2020-07-04,0.00429737687895268,8
2020-07-05,0.00341510338689232,8
2020-07-06,0.00408720405929328,8
2020-07-07,0.00368465004864661,8
2020-07-08,0.00492996363415886,8
2020-07-09,0.00366123972328479,8
2020-07-10,0.00403673655563995,8
2020-07-11,0.00482110868757852,8
2020-07-12,0.00444777287318302,8
2020-07-13,0.00378236062319392,8
2020-07-14,0.00422602131614409,8
2020-07-15,0.00436122376869862,8
2020-07-16,0.00349157384764962,8
2020-07-17,0.00273481609937896,8
2020-07-18,0.0034381636069668,8
2020-07-19,0.00364059946458781,8
2020-07-20,0.00397708906149093,8
2020-07-21,0.00328638676070613,8
2020-07-22,0.00300964297330538,8
2020-07-23,0.00321790401295902,8
2020-07-24,0.00341688435287215,8
2020-07-25,0.00281729508934248,8
2020-07-26,0.00284433569894375,8
2020-07-27,0.00284318817290289,8
2020-07-28,0.00378332940953774,8
2020-07-29,0.00395165926024757,8
2020-07-30,0.00392012081424174,8
2020-07-31,0.00436566555881463,8
2020-08-01,0.00419356170058121,8
2020-08-02,0.00500982077766115,8
2020-08-03,0.00503424955341567,8
2020-08-04,0.00420741967461772,8
2020-08-05,0.00273282655754428,8
2020-08-06,0.00550638374935337,8
2020-08-07,0.00417645190009055,8
2020-08-08,0.00143462142885927,8
2020-08-09,0.00175576398724502,8
2020-08-10,0.00142024881270465,8
2020-08-11,0.00152207492936941,8
2020-08-12,0.00177410623059294,8
2020-08-13,0.00184033694519931,8
2020-08-14,0.00170898605378447,8
2020-08-15,0.00148586951175984,8
2020-08-16,0.00155277576715001,8
2020-08-17,0.00211674221785798,8
2020-08-18,0.00236462103664151,8
2020-08-19,0.00245522533861185,8
2020-08-20,0.00279685448680768,8
2020-08-21,0.0025205847837153,8
2020-08-22,0.0077410705296529,8
2020-08-23,0.00193586753310655,8
2020-08-24,0.00224493710891297,8
2020-08-25,0.00228614944999583,8
2020-08-26,0.00218260513363319,8
2020-08-27,0.00183022466323849,8
2020-08-28,0.00260720531965907,8
2020-08-29,0.00191742412982109,8
2020-08-30,0.00227797537821057,8
2020-08-31,0.0012410827055783,8
2020-09-01,0.00146538881988787,8
2020-09-02,0.00229036914971373,8
2020-09-03,0.00189054248708947,8
2020-09-04,0.00226977530051081,8
2020-09-05,0.00216674594466383,8
2020-09-06,0.00214491684912442,8
2020-09-07,0.00201960411555506,8
2020-09-08,0.00264150791319783,8
2020-09-09,0.00224211207004605,8
2020-09-10,0.00193238529009856,8
2020-09-11,0.00228236183901667,8
2020-09-12,0.00165523326515235,8
2020-09-13,0.00201458059346417,8
2020-09-14,0.00201384912876602,8
2020-09-15,0.00205585750116071,8
2020-09-16,0.00263688296324552,8
2020-09-17,0.00232108198797742,8
2020-09-18,0.00238605975648211,8
2020-09-19,0.00226935773624204,8
2020-09-20,0.00240940242187364,8
2020-09-21,0.00269737545937098,8
2020-09-22,0.00259024041789705,8
2020-09-23,0.00251710630021128,8
2020-09-24,0.00230431626183141,8
2020-09-25,0.00226250939308535,8
2020-09-26,0.0022593091735096,8
2020-09-27,0.0022152329969883,8
2020-09-28,0.00303734494733767,8
2020-09-29,0.00230290594646076,8
2020-09-30,0.00163736427016331,8
2020-10-01,0.00283159265541507,8
2020-10-02,0.00207016144723523,8
2020-10-03,0.00176476184952773,8
2020-10-04,0.00205763693580323,8
2020-10-05,0.00207734978513056,8
2020-10-06,0.00627178941132975,8
2020-10-07,0.00340112675094314,8
2020-10-08,0.00346899837634996,8
2020-10-09,0.00486840395397537,8
2020-10-10,0.00501808284624316,8
2020-10-11,0.0049254913744092,8
2020-10-12,0.00323527054122949,8
2020-10-13,0.002988942853132,8
2020-10-14,0.00346327411560927,8
2020-10-15,0.00215626908526769,8
2020-10-16,0.00268400557983843,8
2020-10-17,0.00267051876841512,8
2020-10-18,0.00294370385218223,8
2020-10-19,0.00252028195818497,8
2020-10-20,0.00221382949401865,8
2020-10-21,0.00220379190900949,8
2020-10-22,0.00240390792138593,8
2020-10-23,0.00386531703386457,8
2020-10-24,0.00345745337872443,8
2020-10-25,0.00348493772663987,8
2020-10-26,0.00330568035059444,8
2020-10-27,0.00291888025101777,8
2020-10-28,0.00336210032642702,8
2020-10-29,0.00286373311594087,8
2020-10-30,0.0040779756529604,8
2020-10-31,0.00364731546580381,8
2020-11-01,0.00320402712112265,8
2020-11-02,0.00392399573299578,8
2020-11-03,0.00586117154928788,8
2020-11-04,0.0032863497348794,8
2020-11-05,0.00338037925055717,8
2020-11-06,0.00252850707063289,8
2020-11-07,0.00298799239239695,8
2020-11-08,0.00302729638845932,8
2020-11-09,0.00236410332402489,8
2020-11-10,0.00264151875082554,8
2020-11-11,0.00277805157779284,8
2020-11-12,0.0026840452304847,8
2020-11-13,0.00292188850257021,8
2020-11-14,0.00253375367638303,8
2020-11-15,0.00306019871038113,8
2020-11-16,0.0023036219383338,8
2020-11-17,0.00271925658956097,8
2020-11-18,0.00257859030229786,8
2020-11-19,0.00455714300111487,8
2020-11-20,0.00260674139084597,8
2020-11-21,0.00672347418310579,8
2020-11-22,0.0063987682435262,8
2020-11-23,0.00562110520977873,8
2020-11-24,0.00541016388127713,8
2020-11-25,0.00597564955831254,8
2020-11-26,0.00479567266474235,8
2020-11-27,0.00463534550928628,8
2020-11-28,0.00493121105939426,8
2020-11-29,0.00310838529628305,8
2020-11-30,0.00243397771712675,8
2020-12-01,0.00271377031959231,8
2020-12-02,0.00313736489538524,8
2020-12-03,0.00369046498231916,8
2020-12-04,0.00274646671833014,8
2020-12-05,0.00307845183262287,8
2020-12-06,0.00285691742013329,8
2020-12-07,0.00245377631896506,8
2020-12-08,0.00284245196032099,8
2020-12-09,0.00301364001218773,8
2020-12-10,0.00229824159346481,8
2020-12-11,0.00351521874991902,8
2020-12-12,0.00284111768283578,8
2020-12-13,0.00367124599859224,8
2020-12-14,0.00333384973937844,8
2020-12-15,0.00380534130841828,8
2020-12-16,0.00611297875759254,8
2020-12-17,0.00554441279405392,8
2020-12-18,0.00545997421294099,8
2020-12-19,0.00324644064418877,8
2020-12-20,0.00328311620205587,8
2020-12-21,0.00285550900748978,8
2020-12-22,0.00344674067719164,8
2020-12-23,0.00262674408648958,8
2020-12-24,0.00297541761008562,8
2020-12-25,0.00332096695713976,8
2020-12-26,0.00323935903874127,8
2020-12-27,0.00304447426675513,8
2020-12-28,0.00333079313563703,8
2020-12-29,0.00272207483049623,8
2020-12-30,0.00441872194746481,8
2020-12-31,0.00412593484020727,8
2021-01-01,0.00292266483208154,8
2021-01-02,0.00413417863087809,8
2021-01-03,0.00424911732421973,8
2021-01-04,0.00317356111452245,8
2021-01-05,0.004749736019941,8
2021-01-06,0.00366967154087126,8
2021-01-07,0.00425715012620596,8
2021-01-08,0.00376880663782616,8
2021-01-09,0.00478645085353439,8
2021-01-10,0.00471861265315365,8
2021-01-11,0.00539970145432418,8
2021-01-12,0.00498954927551168,8
2021-01-13,0.00645750062989225,8
2021-01-14,0.00574764479988571,8
2021-01-15,0.00528239413238394,8
2021-01-16,0.00556715090011855,8
2021-01-17,0.00465153021329278,8
2021-01-18,0.00576999221522459,8
2021-01-19,0.0059241161580958,8
2021-01-20,0.00478570054310542,8
2021-01-21,0.00410477050197645,8
2021-01-22,0.00427433310040999,8
2021-01-23,0.00425499284049966,8
2021-01-24,0.00452250451697836,8
2021-01-25,0.00466938147644981,8
2021-01-26,0.00396453140322553,8
2021-01-27,0.004397510536058,8
2021-01-28,0.00354338002259041,8
2021-01-29,0.00443713248484576,8
2021-01-30,0.00479262516620734,8
2021-01-31,0.00531641335736916,8
2021-02-01,0.00567790788788586,8
2021-02-02,0.00481333166948175,8
2021-02-03,0.00468779051051175,8
2021-02-04,0.00458032085919874,8
2021-02-05,0.00608333577827321,8
2021-02-06,0.0052643035715344,8
2021-02-07,0.0050723561928631,8
2021-02-08,0.00402895237220915,8
2021-02-09,0.00388558011871443,8
2021-02-10,0.00385951084471119,8
2021-02-11,0.00426325040449638,8
2021-02-12,0.00417487874703416,8
2021-02-13,0.00422005940480576,8
2021-02-14,0.00430582234686414,8
2021-02-15,0.00440162854639128,8
2021-02-16,0.00399766041524207,8
2021-02-17,0.00504393137785122,8
2021-02-18,0.00464548179034861,8
2021-02-19,0.0044962102089728,8
2021-02-20,0.0046653170819633,8
2021-02-21,0.00452158971473168,8
2021-02-22,0.00358430457185607,8
2021-02-23,0.00471471580741441,8
2021-02-24,0.00464098727918202,8
2021-02-25,0.00357530070029455,8
2021-02-26,0.00418793413156938,8
2021-02-27,0.00510520902909183,8
2021-02-28,0.00489548277111334,8
2021-03-01,0.00614346030487674,8
2021-03-02,0.00564588567190224,8
2021-03-03,0.00609805592388857,8
2021-03-04,0.00575433794307986,8
2021-03-05,0.00529014811243042,8
2021-03-06,0.00804690850043354,8
2021-03-07,0.00662296555768461,8
2021-03-08,0.00599481680270981,8
2021-03-09,0.00815873006201421,8
2021-03-10,0.0075093398680249,8
2021-03-11,0.00743504486521864,8
2021-03-12,0.00729119863955044,8
2021-03-13,0.00784422352607614,8
2021-03-14,0.00728097591133576,8
2021-03-15,0.00622593463341709,8
2021-03-16,0.00643068544723093,8
2021-03-17,0.00575425041277169,8
2021-03-18,0.00580666206942376,8
2021-03-19,0.00542396128686195,8
2021-03-20,0.00649194985987313,8
2021-03-21,0.00626134763894048,8
2021-03-22,0.00720897029862414,8
2021-03-23,0.00668018734454399,8
2021-03-24,0.00631446162409012,8
2021-03-25,0.00590825764129206,8
2021-03-26,0.00608278823758056,8
2021-03-27,0.00664796911141189,8
2021-03-28,0.00612679889083243,8
2021-03-29,0.00552956979346973,8
2021-03-30,0.00714039787941865,8
2021-03-31,0.00588466383893686,8
2021-04-01,0.00726099838117588,8
2021-04-02,0.00586309657047672,8
2021-04-03,0.00594187411475942,8
2021-04-04,0.00666812836769099,8
2021-04-05,0.00712574686516297,8
2021-04-06,0.00630689359973462,8
2021-04-07,0.00705864314624657,8
2021-04-08,0.00649593862575029,8
2021-04-09,0.00678664338606595,8
2021-04-10,0.00631312834999684,8
2021-04-11,0.00664807266958638,8
2021-04-12,0.00688367391113593,8
2021-04-13,0.00867755727235844,8
2021-04-14,0.00858209503994613,8
2021-04-15,0.00822871634615905,8
2021-04-16,0.00667331158225505,8
2021-04-17,0.00886594647946845,8
2021-04-18,0.00687063364424153,8
2021-04-19,0.00710474660691938,8
2021-04-20,0.00752617446729006,8
2021-04-21,0.00667080852806097,8
2021-04-22,0.00622714850263466,8
2021-04-23,0.00596188072518483,8
2021-04-24,0.00599690493373845,8
2021-04-25,0.0067851340772961,8
2021-04-26,0.00679014274636015,8
2021-04-27,0.00619449765003072,8
2021-04-28,0.00679686187415399,8
2021-04-29,0.00825052335530009,8
2021-04-30,0.00902784675137929,8
2021-05-01,0.00891572910529205,8
2021-05-02,0.00795916325422945,8
2021-05-03,0.0105838652731085,8
2021-05-04,0.00770498847737687,8
2021-05-05,0.00741267063190271,8
2021-05-06,0.00553626535221613,8
2021-05-07,0.00664397144920747,8
2021-05-08,0.00658322088155653,8
2021-05-09,0.00678246534699115,8
2021-05-10,0.00604340162560052,8
2021-05-11,0.00976846572374752,8
2021-05-12,0.00712313526420912,8
2021-05-13,0.00659693172513095,8
2021-05-14,0.00549435609382319,8
2021-05-15,0.00780230332602231,8
2021-05-16,0.00753671109824145,8
2021-05-17,0.00874557769668527,8
2021-05-18,0.00770994417463315,8
2021-05-19,0.00775662012288352,8
2021-05-20,0.00881672759661922,8
2021-05-21,0.00828188171592662,8
2021-05-22,0.008431117513903,8
2021-05-23,0.00767948158756935,8
2021-05-24,0.0077572463947327,8
2021-05-25,0.00631399941797674,8
2021-05-26,0.00705980782839251,8
2021-05-27,0.00741940896466544,8
2021-05-28,0.00711343524470583,8
2021-05-29,0.00727308501645268,8
2021-05-30,0.00511987132330858,8
2021-05-31,0.0054177843245038,8
2021-06-01,0.00452836917994529,8
2021-06-02,0.00544549632148972,8
2021-06-03,0.00427436898258838,8
2021-06-04,0.00551456036385034,8
2021-06-05,0.0043075472556151,8
2021-06-06,0.00544905242820965,8
2021-06-07,0.00579289665451109,8
2021-06-08,0.00460702940344307,8
2021-06-09,0.00451294150109701,8
2021-06-10,0.00425321140640172,8
2021-06-11,0.00503813205868785,8
2021-06-12,0.00444961640604664,8
2021-06-13,0.00555922275118458,8
2021-06-14,0.00540392147066881,8
2021-06-15,0.00563042402967988,8
2021-06-16,0.00605274169164831,8
2021-06-17,0.00446529254349536,8
2021-06-18,0.00499857997242061,8
2021-06-19,0.00550371095893267,8
2021-06-20,0.00609787282421279,8
2021-06-21,0.00477697487233446,8
2021-06-22,0.00527445055173937,8
2021-06-23,0.0159379451308879,8
2021-06-24,0.00714411262502411,8
2021-06-25,0.00685811196303956,8
2021-06-26,0.00632792731961229,8
2021-06-27,0.00658666346511109,8
2021-06-28,0.00597078856474767,8
2021-06-29,0.00601865539692529,8
2021-06-30,0.00408695184354992,8
2021-07-01,0.00413644093466833,8
2021-07-02,0.00480926158597534,8
2021-07-03,0.00544987210033961,8
2021-07-04,0.00561445636567625,8
2021-07-05,0.00460020535058344,8
2021-07-06,0.00453658639956027,8
2021-07-07,0.00426901746261751,8
2021-07-08,0.00412178646024895,8
2021-07-09,0.0042230930539341,8
2021-07-10,0.00401181092848168,8
2021-07-11,0.00499011062344087,8
2021-07-12,0.00410367946843669,8
2021-07-13,0.00412206822604905,8
2021-07-14,0.00471664224441068,8
2021-07-15,0.00471660165775778,8
2021-07-16,0.0055359024445111,8
2021-07-17,0.00546730760343173,8
2021-07-18,0.00426631603364125,8
2021-07-19,0.00465603667953652,8
2021-07-20,0.004843152829909,8
2021-07-21,0.00482330372265369,8
2021-07-22,0.0050968525578293,8
2021-07-23,0.00540490082489353,8
2021-07-24,0.0041855434988087,8
2021-07-25,0.00495445927428959,8
2021-07-26,0.00372940622007707,8
2021-07-27,0.00477230739355825,8
2021-07-28,0.00466309042115059,8
2021-07-29,0.00535258033360525,8
2021-07-30,0.00524245079122574,8
2021-07-31,0.00445985606422348,8
2021-08-01,0.00436041655852058,8
2021-08-02,0.00451566959500978,8
2021-08-03,0.00561434933399497,8
2021-08-04,0.0048654806196701,8
2021-08-05,0.00576960411340049,8
2021-08-06,0.00492731492474273,8
2021-08-07,0.00468372248035414,8
2021-08-08,0.00585602744575811,8
2021-08-09,0.0052910598154976,8
2021-08-10,0.00433018034807683,8
2021-08-11,0.00502696193109539,8
2021-08-12,0.00454682742064739,8
2021-08-13,0.0045379678188143,8
2021-08-14,0.00487440183961332,8
2021-08-15,0.00411706399848141,8
2021-08-16,0.00366508015472688,8
2021-08-17,0.00435985402207602,8
2021-08-18,0.0040405685526354,8
2021-08-19,0.00345480042428794,8
2021-08-20,0.00331359692914238,8
2021-08-21,0.0041436867022781,8
2021-08-22,0.0039001822499544,8
2021-08-23,0.00352549221546223,8
2021-08-24,0.00412377650770212,8
2021-08-25,0.00395613596304741,8
2021-08-26,0.00330126965276985,8
2021-08-27,0.00331536377292191,8
2021-08-28,0.00398374610381383,8
2021-08-29,0.00269009484926529,8
2021-08-30,0.00226860407417794,8
2021-08-31,0.00455101443331645,8
2021-09-01,0.00625195443212754,8
2021-09-02,0.00641438814816111,8
2021-09-03,0.00558105727800648,8
2021-09-04,0.00542870663206397,8
2021-09-05,0.00583912430467121,8
2021-09-06,0.00461361688335779,8
2021-09-07,0.00450165476833056,8
2021-09-08,0.00398950305372825,8
2021-09-09,0.00562699846055146,8
2021-09-10,0.00411985271170748,8
2021-09-11,0.00478304396151305,8
2021-09-12,0.00453113683498436,8
2021-09-13,0.00676231165465013,8
2021-09-14,0.00539846325603971,8
2021-09-15,0.00589190259146219,8
2021-09-16,0.00626475922027228,8
2021-09-17,0.00603195770033384,8
2021-09-18,0.00550374495560468,8
2021-09-19,0.00476543474191792,8
2021-09-20,0.00489419213488106,8
2021-09-21,0.00556812119013741,8
2021-09-22,0.00450109305448258,8
2021-09-23,0.00490605026149854,8
2021-09-24,0.00566442385914426,8
2021-09-25,0.00549710680715262,8
2021-09-26,0.00524836333056051,8
2021-09-27,0.00594898411238681,8
2021-09-28,0.00497369916475774,8
2021-09-29,0.00518256464472323,8
2021-09-30,0.00502262089978184,8
2021-10-01,0.00614268811771573,8
2021-10-02,0.00535543317376032,8
2021-10-03,0.00595469936755519,8
2021-10-04,0.00626338782780016,8
2021-10-05,0.00595013741029114,8
2021-10-06,0.00625890591328023,8
2021-10-07,0.00574490064250221,8
2021-10-08,0.00535104579372155,8
2021-10-09,0.00663064499821713,8
2021-10-10,0.00647720925119791,8
2021-10-11,0.00582735061326065,8
2021-10-12,0.0061853778005611,8
2021-10-13,0.00585738303573902,8
2021-10-14,0.00440437217964832,8
2021-10-15,0.00454582921739091,8
2021-10-16,0.00486486453415893,8
2021-10-17,0.00470421003111238,8
2021-10-18,0.00485722415087876,8
2021-10-19,0.00475051342598187,8
2021-10-20,0.00442875243473548,8
2021-10-21,0.00481622191065963,8
2021-10-22,0.00456536485451693,8
2021-10-23,0.00517564673910818,8
2021-10-24,0.00513516871238135,8
2021-10-25,0.00473870643448994,8
2021-10-26,0.00529160571851931,8
2021-10-27,0.00402133288598126,8
2021-10-28,0.00375053664951962,8
2021-10-29,0.0029736308751739,8
2021-10-30,0.00430194775744148,8
2021-10-31,0.00413012404085938,8
2021-11-01,0.00484365957502475,8
2021-11-02,0.00538321023131089,8
2021-11-03,0.00433206928284466,8
2021-11-04,0.00397661739022931,8
2021-11-05,0.0037596075060357,8
2021-11-06,0.00333454177451651,8
2021-11-07,0.00364728828506692,8
2021-11-08,0.00369719128458287,8
2021-11-09,0.00422691811844985,8
2021-11-10,0.00381871803492978,8
2021-11-11,0.00400189550947861,8
2021-11-12,0.00291358692390686,8
2021-11-13,0.00319007708272124,8
2021-11-14,0.00390056816254312,8
2021-11-15,0.00360951099604084,8
2021-11-16,0.005013617357304,8
2021-11-17,0.00502229194174542,8
2021-11-18,0.00387230472850254,8
2021-11-19,0.00498095370765412,8
2021-11-20,0.00454855938432967,8
2021-11-21,0.00445179456962153,8
2021-11-22,0.00368763301501188,8
2021-11-23,0.00407546908522288,8
2021-11-24,0.00416722054778002,8
2021-11-25,0.00373096701514972,8
2021-11-26,0.0040062586109476,8
2021-11-27,0.00390309681618942,8
2021-11-28,0.00389333030325582,8
2021-11-29,0.00400805099530834,8
2021-11-30,0.00429439479113598,8
2021-12-01,0.00393207529412365,8
2021-12-02,0.00447190641796335,8
2021-12-03,0.00397401321200561,8
2021-12-04,0.00464718999733247,8
2021-12-05,0.00468454109671065,8
2021-12-06,0.00467253324148061,8
2021-12-07,0.00482211305413387,8
2021-12-08,0.00461670734776225,8
2021-12-09,0.00431704663327621,8
2021-12-10,0.00381083486748584,8
2021-12-11,0.00348349385136604,8
2021-12-12,0.00440118518432362,8
2021-12-13,0.00504571352799699,8
2021-12-14,0.00436037755909108,8
2021-12-15,0.00521336187297878,8
2021-12-16,0.00500347061917096,8
2021-12-17,0.00443791670258849,8
2021-12-18,0.00389070939331546,8
2021-12-19,0.00489228004071998,8
2021-12-20,0.00438846681247792,8
2021-12-21,0.00437853608563483,8
2021-12-22,0.0059108469749206,8
2021-12-23,0.00417485675593822,8
2021-12-24,0.00407488856275256,8
2021-12-25,0.00450887482598308,8
2021-12-26,0.00569209101748945,8
2021-12-27,0.00394519518086304,8
2021-12-28,0.00413057538554337,8
2021-12-29,0.00408143871592224,8
2021-12-30,0.00325932206268268,8
2021-12-31,0.00359489091765889,8
2022-01-01,0.00399486152678653,8
2022-01-02,0.00427417297801951,8
2022-01-03,0.0039125937933035,8
2022-01-04,0.00402853516956949,8
2022-01-05,0.00457123750178039,8
2022-01-06,0.00432366350441485,8
2022-01-07,0.00459145500352292,8
2022-01-08,0.00339946851028074,8
2022-01-09,0.00434221540923626,8
2022-01-10,0.0046965933038252,8
2022-01-11,0.00494792323493279,8
2022-01-12,0.0050426774766594,8
2022-01-13,0.00480858788711299,8
2022-01-14,0.00482382868343453,8
2022-01-15,0.00461041070517166,8
2022-01-16,0.00484672336163899,8
2022-01-17,0.00496560092329139,8
2022-01-18,0.00514222091250498,8
2022-01-19,0.00522353843558831,8
2022-01-20,0.00491291345923584,8
2022-01-21,0.00489298500537709,8
2022-01-22,0.00465905970650559,8
2022-01-23,0.00352765091120275,8
2022-01-24,0.00455725909965965,8
2022-01-25,0.00395212474485017,8
2022-01-26,0.00406862716743552,8
2022-01-27,0.00511989212648334,8
2022-01-28,0.00448535345175267,8
2022-01-29,0.00464474101497036,8
2022-01-30,0.00439205021128132,8
2022-01-31,0.00484444410819488,8
2022-02-01,0.00428042176283817,8
2022-02-02,0.00512703513123455,8
2022-02-03,0.00445503845773959,8
2022-02-04,0.017720409922624,8
2022-02-05,0.0218729167999295,8
2022-02-06,0.00352386707963733,8
2022-02-07,0.00391142500780429,8
2022-02-08,0.00442197490922449,8
2022-02-09,0.0043596593468264,8
2022-02-10,0.0048136502088088,8
2022-02-11,0.00462382236580141,8
2022-02-12,0.00472043583019696,8
2022-02-13,0.0046092561843197,8
2022-02-14,0.0045444831919028,8
2022-02-15,0.00995707647529343,8
2022-02-16,0.00488691791992617,8
2022-02-17,0.00366658939085897,8
2022-02-18,0.00363073110464434,8
2022-02-19,0.00284913192855872,8
2022-02-20,0.00369704452493838,8
2022-02-21,0.0036350384310501,8
2022-02-22,0.00367255723506547,8
2022-02-23,0.00266015314398054,8
2022-02-24,0.00233359358650878,8
2022-02-25,0.00261030089213488,8
2022-02-26,0.00204800443821243,8
2022-02-27,0.00241894096931538,8
2022-02-28,0.00287479552926132,8
2022-03-01,0.00349528597596112,8
2022-03-02,0.00321132815422747,8
2022-03-03,0.00429596544773505,8
2022-03-04,0.00276644215058523,8
2022-03-05,0.00316588132693835,8
2022-03-06,0.00354753421508694,8
2022-03-07,0.00343851747425331,8
2022-03-08,0.00367252131634671,8
2022-03-09,0.00399436110276942,8
2022-03-10,0.00424334814647987,8
2022-03-11,0.00378639994418445,8
2022-03-12,0.00319467181809092,8
2022-03-13,0.00322301634288294,8
2022-03-14,0.00335049017319448,8
2022-03-15,0.00354920091813308,8
2022-03-16,0.0029992566653604,8
2022-03-17,0.00357521282243995,8
2022-03-18,0.00377804928041719,8
2022-03-19,0.0027869571648105,8
2022-03-20,0.00335151114701725,8
2022-03-21,0.00283921789363031,8
2022-03-22,0.00314110784458351,8
2022-03-23,0.00289519763585927,8
2022-03-24,0.00274206446726703,8
2022-03-25,0.00384996688943671,8
2022-03-26,0.00464977293446111,8
2022-03-27,0.0050290544619389,8
2022-03-28,0.00434138057905244,8
2022-03-29,0.00358812260933752,8
2022-03-30,0.0025077524200049,8
2022-03-31,0.00302428769785431,8
2022-04-01,0.00362768510337286,8
2022-04-02,0.00223545154203998,8
2022-04-03,0.00197264358284188,8
2022-04-04,0.00223399493045673,8
2022-04-05,0.00279711483737766,8
2022-04-06,0.00324855435078855,8
2022-04-07,0.00392015984869494,8
2022-04-08,0.00310894635954598,8
2022-04-09,0.00276394086508409,8
2022-04-10,0.00273910806307246,8
2022-04-11,0.00294144132455463,8
2022-04-12,0.00271751337657278,8
2022-04-13,0.00350096392402042,8
2022-04-14,0.00276350839247652,8
2022-04-15,0.00373744211515115,8
2022-04-16,0.00252527452254287,8
2022-04-17,0.00371088697722853,8
2022-04-18,0.00247618140792311,8
2022-04-19,0.00318269204506852,8
2022-04-20,0.00249772359163196,8
2022-04-21,0.00262464127754079,8
2022-04-22,0.00289345973952377,8
2022-04-23,0.00330579532148382,8
2022-04-24,0.00292433952746549,8
2022-04-25,0.00352741234476958,8
2022-04-26,0.00560050898317028,8
2022-04-27,0.00353808318823173,8
2022-04-28,0.00394774144880069,8
2022-04-29,0.00470753566281842,8
2022-04-30,0.00433143888243276,8
2022-05-01,0.00551036426956444,8
2022-05-02,0.00419766541004137,8
2022-05-03,0.00366710076298361,8
2022-05-04,0.00324313028205376,8
2022-05-05,0.00295941366704096,8
2022-05-06,0.0025781836611641,8
2022-05-07,0.00147565244421426,8
2022-05-08,0.00162019452747795,8
2022-05-09,0.00163679250742562,8
2022-05-10,0.00177091314264593,8
2022-05-11,0.00186060895149748,8
2022-05-12,0.00415611735622794,8
2022-05-13,0.00218463505722028,8
2022-05-14,0.00313473094813285,8
2022-05-15,0.0028330331966163,8
2022-05-16,0.00184843117380787,8
2022-05-17,0.00229140048987159,8
2022-05-18,0.00236576805851411,8
2022-05-19,0.0031830644999592,8
2022-05-20,0.00306184308840359,8
2022-05-21,0.00323671513465253,8
2022-05-22,0.00211158252530491,8
2022-05-23,0.00223843823313841,8
2022-05-24,0.00239470928043213,8
2022-05-25,0.0024973708380826,8
2022-05-26,0.00248213900176092,8
2022-05-27,0.00248814655250597,8
2022-05-28,0.00267633632306636,8
2022-05-29,0.00275260010934942,8
2022-05-30,0.00205349785633301,8
2022-05-31,0.00179944069888637,8
2022-06-01,0.0022030694276336,8
2022-06-02,0.00229467137174891,8
2022-06-03,0.00230353007034249,8
2022-06-04,0.00227923271333741,8
2022-06-05,0.00249974425755081,8
2022-06-06,0.00207386874355873,8
2022-06-07,0.00199680227897795,8
2022-06-08,0.00193913148015804,8
2022-06-09,0.00239560716288243,8
2022-06-10,0.00199381951288646,8
2022-06-11,0.00155740853692,8
2022-06-12,0.00207010691655055,8
2022-06-13,0.00144193897184858,8
2022-06-14,0.00190148673726415,8
2022-06-15,0.00160118095505967,8
2022-06-16,0.00190181821299358,8
2022-06-17,0.00252975689487147,8
2022-06-18,0.00243446222459201,8
2022-06-19,0.00253321752057213,8
2022-06-20,0.00241270859971501,8
2022-06-21,0.0028495977586695,8
2022-06-22,0.00238922533485933,8
2022-06-23,0.00209227888217167,8
2022-06-24,0.00244409744120362,8
2022-06-25,0.00240664467558984,8
2022-06-26,0.00454979400548007,8
2022-06-27,0.0047563675828791,8
2022-06-28,0.00510980209816103,8
2022-06-29,0.00453064409582365,8
2022-06-30,0.00479667472511251,8
2022-07-01,0.00319644877154456,8
2022-07-02,0.00300743229615021,8
2022-07-03,0.00278873376575191,8
2022-07-04,0.00381721968101641,8
2022-07-05,0.00255417016446023,8
2022-07-06,0.00252280979534336,8
2022-07-07,0.00285275417602751,8
2022-07-08,0.0037024755120469,8
2022-07-09,0.00287504390593947,8
2022-07-10,0.00479953961051963,8
2022-07-11,0.00496428069655684,8
2022-07-12,0.00418187377848282,8
2022-07-13,0.00484471402062146,8
2022-07-14,0.00503150264527827,8
2022-07-15,0.00434067711322304,8
2022-07-16,0.00501758387889067,8
2022-07-17,0.00396455008636794,8
2022-07-18,0.00327734350391066,8
2022-07-19,0.0034598071892095,8
2022-07-20,0.00286138633099901,8
2022-07-21,0.00292423473628182,8
2022-07-22,0.00398858173342469,8
2022-07-23,0.00293115018893541,8
2022-07-24,0.00354065269351644,8
2022-07-25,0.00337372163777774,8
2022-07-26,0.00238954272459025,8
2022-07-27,0.00304030122162477,8
2022-07-28,0.00291000243926501,8
2022-07-29,0.00323112605043867,8
2022-07-30,0.00324107087599435,8
2022-07-31,0.00369732359640409,8
2022-08-01,0.00390750894305586,8
2022-08-02,0.00320035049400957,8
2022-08-03,0.00364763695749657,8
2022-08-04,0.00422068691739465,8
2022-08-05,0.0036137466894947,8
2022-08-06,0.00367668489935984,8
2022-08-07,0.00410595098497219,8
2022-08-08,0.00396330428570121,8
2022-08-09,0.00455920232334162,8
2022-08-10,0.00448504485350583,8
2022-08-11,0.0041163998859644,8
2022-08-12,0.00269095865286471,8
2022-08-13,0.00288773829129574,8
2022-08-14,0.00328796867015587,8
2022-08-15,0.00327534600395014,8
2022-08-16,0.00394160479375507,8
2022-08-17,0.00321090480520321,8
2022-08-18,0.00310016993325709,8
2022-08-19,0.00319552987180552,8
2022-08-20,0.00295632268292288,8
2022-08-21,0.00315973842647919,8
2022-08-22,0.00285260590279609,8
2022-08-23,0.00253395269750571,8
2022-08-24,0.00264596221227172,8
2022-08-25,0.00230773570412703,8
2022-08-26,0.00224238304902507,8
2022-08-27,0.00217780073516295,8
2022-08-28,0.00214850004017601,8
2022-08-29,0.00212716310845434,8
2022-08-30,0.00225160176465043,8
2022-08-31,0.00260772223628922,8
2022-09-01,0.00239373843696694,8
2022-09-02,0.00212938942032106,8
2022-09-03,0.00203383427116022,8
2022-09-04,0.00226329115337956,8
2022-09-05,0.00236020959279474,8
2022-09-06,0.00269999299258141,8
2022-09-07,0.00245112212866629,8
2022-09-08,0.00364823364012636,8
2022-09-09,0.0029380017618586,8
2022-09-10,0.00327529090312646,8
2022-09-11,0.00299859840545333,8
2022-09-12,0.00369442139104042,8
2022-09-13,0.0033274626575744,8
2022-09-14,0.00461219019605121,8
2022-09-15,0.00416901167725206,8
2022-09-16,0.00447436439503297,8
2022-09-17,0.00453308513066271,8
2022-09-18,0.00481672617033343,8
2022-09-19,0.00369887029710395,8
2022-09-20,0.00348861592546259,8
2022-09-21,0.0035530675380045,8
2022-09-22,0.00335116965838062,8
2022-09-23,0.00336913432426772,8
2022-09-24,0.00370024568666719,8
2022-09-25,0.00400405406923025,8
2022-09-26,0.00362651932830912,8
2022-09-27,0.00365309789625175,8
2022-09-28,0.00361414602944057,8
2022-09-29,0.00306780814093365,8
2022-09-30,0.00283429789449098,8
2022-10-01,0.00261787051786235,8
2022-10-02,0.002629674427574,8
2022-10-03,0.00259118034435544,8
2022-10-04,0.0028361154628316,8
2022-10-05,0.00279937014355283,8
2022-10-06,0.00232469412145333,8
2022-10-07,0.00302590124706577,8
2022-10-08,0.00373906050963366,8
2022-10-09,0.00260094923519243,8
2022-10-10,0.00328397944142962,8
2022-10-11,0.00294894346568662,8
2022-10-12,0.00296652971352346,8
2022-10-13,0.00320658589982862,8
2022-10-14,0.00258285880984221,8
2022-10-15,0.00231911803898855,8
2022-10-16,0.00231811816916281,8
2022-10-17,0.00327821837439806,8
2022-10-18,0.00177628454314736,8
2022-10-19,0.00265586968245016,8
2022-10-20,0.00272581732514602,8
2022-10-21,0.00249390641449817,8
2022-10-22,0.002598209294798,8
2022-10-23,0.00215481957304824,8
2022-10-24,0.00230575227335662,8
2022-10-25,0.00227853848949074,8
2022-10-26,0.00227193751738802,8
2022-10-27,0.00255875341018454,8
2022-10-28,0.00234724320012286,8
2022-10-29,0.00234724075552344,8
2022-10-30,0.00271208819108155,8
2022-10-31,0.00310715613275552,8
2022-11-01,0.00347104999793954,8
2022-11-02,0.00316367121969679,8
2022-11-03,0.00276539736787402,8
2022-11-04,0.00283711515727995,8
2022-11-05,0.00292112496642261,8
2022-11-06,0.00268066374263642,8
2022-11-07,0.00249248261765406,8
2022-11-08,0.00250957918732242,8
2022-11-09,0.00218735783274965,8
2022-11-10,0.00352609749967838,8
2022-11-11,0.00381609753180438,8
2022-11-12,0.00411598092284704,8
2022-11-13,0.00391657066698005,8
2022-11-14,0.00358891121885878,8
2022-11-15,0.00396580979727054,8
2022-11-16,0.00348827241599225,8
2022-11-17,0.0035789575534814,8
2022-11-18,0.00421954275140371,8
2022-11-19,0.0035514573125419,8
2022-11-20,0.0035791865892063,8
2022-11-21,0.00411993271769746,8
2022-11-22,0.0037285447902942,8
2022-11-23,0.00339907479497131,8
2022-11-24,0.00377934832219587,8
2022-11-25,0.00359556265749151,8
2022-11-26,0.0033175726934904,8
2022-11-27,0.00317498212839561,8
2022-11-28,0.00368121764169141,8
2022-11-29,0.00398137822651892,8
2022-11-30,0.00361768799495463,8
2022-12-01,0.00311107782054285,8
2022-12-02,0.00340508016024135,8
2022-12-03,0.00333596716991711,8
2022-12-04,0.00310187960965996,8
2022-12-05,0.00295707323012059,8
2022-12-06,0.00264517226237928,8
2022-12-07,0.00287249255226052,8
2022-12-08,0.00281060124240539,8
2022-12-09,0.00296760575431557,8
2022-12-10,0.00293189430210325,8
2022-12-11,0.00283598741942581,8
2022-12-12,0.0029883671044749,8
2022-12-13,0.00254392739930022,8
2022-12-14,0.00337478587342518,8
2022-12-15,0.00314021752782665,8
2022-12-16,0.00336751428818782,8
2022-12-17,0.0029127659381976,8
2022-12-18,0.00350927915125933,8
2022-12-19,0.00324789162222395,8
2022-12-20,0.00515050814679857,8
2022-12-21,0.00259919263417757,8
2022-12-22,0.00327927892097915,8
2022-12-23,0.00277229970947823,8
2022-12-24,0.00286267846156715,8
2022-12-25,0.00297098049679302,8
2022-12-26,0.00321559229120209,8
2022-12-27,0.00332118976550061,8
2022-12-28,0.00304937411634826,8
2022-12-29,0.00244053101313144,8
2022-12-30,0.00225693811328846,8
2022-12-31,0.00241416154507486,8
2023-01-01,0.00306900530727821,8
2023-01-02,0.00287706857536862,8
2023-01-03,0.00275338837854101,8
2023-01-04,0.00222962315033414,8
2023-01-05,0.00256534815157517,8
2023-01-06,0.00281963549998205,8
2023-01-07,0.00186812783010375,8
2023-01-08,0.00177966299657579,8
2023-01-09,0.00187020263261858,8
2023-01-10,0.0018822326565819,8
2023-01-11,0.00223344456022679,8
2023-01-12,0.00254451785990565,8
2023-01-13,0.00256065272415307,8
2023-01-14,0.00241908746449005,8
2023-01-15,0.00248180960899867,8
2023-01-16,0.00269013816463828,8
2023-01-17,0.00221938772280105,8
2023-01-18,0.00214972620455229,8
2023-01-19,0.00174135469667557,8
2023-01-20,0.00187470291528845,8
2023-01-21,0.00200570906107715,8
2023-01-22,0.00180120760510502,8
2023-01-23,0.00199432144953629,8
2023-01-24,0.00193702745715111,8
2023-01-25,0.0025432534564744,8
2023-01-26,0.00214124538092514,8
2023-01-27,0.00216895218478344,8
2023-01-28,0.00220506483440111,8
2023-01-29,0.00280524054440696,8
2023-01-30,0.00297510423552594,8
2023-01-31,0.00241236556887491,8
2023-02-01,0.00280275386240956,8
2023-02-02,0.00233004001472358,8
2023-02-03,0.00317145411964446,8
2023-02-04,0.00303624802608015,8
2023-02-05,0.00325176251895054,8
2023-02-06,0.00268179044569076,8
2023-02-07,0.0026917331868138,8
2023-02-08,0.0023978226803717,8
2023-02-09,0.0015218061872822,8
2023-02-10,0.00147424073210499,8
2023-02-11,0.00134141857208239,8
2023-02-12,0.00112395040784424,8
2023-02-13,0.00105331448686059,8
2023-02-14,0.001554414290744,8
2023-02-15,0.00155063458531012,8
2023-02-16,0.00142956914075079,8
2023-02-17,0.00127055112036323,8
2023-02-18,0.00142741707957319,8
2023-02-19,0.00152073633459875,8
2023-02-20,0.00199595731424895,8
2023-02-21,0.00172933275596534,8
2023-02-22,0.0018823766076894,8
2023-02-23,0.00221225452504021,8
2023-02-24,0.00223643613035001,8
2023-02-25,0.00223662443664997,8
2023-02-26,0.00189194745978362,8
2023-02-27,0.00171683810580227,8
2023-02-28,0.00196440225034928,8
2023-03-01,0.00148442119358294,8
2023-03-02,0.00146683786977934,8
2023-03-03,0.00151561596719202,8
2023-03-04,0.00155952041333171,8
2023-03-05,0.00193054053637952,8
2023-03-06,0.00185088339312364,8
2023-03-07,0.00178787642404251,8
2023-03-08,0.00180700929573438,8
2023-03-09,0.00212953714887604,8
2023-03-10,0.00198100313510716,8
2023-03-11,0.00308100645775216,8
2023-03-12,0.00255733287936259,8
2023-03-13,0.0022756591694468,8
2023-03-14,0.00240062452647774,8
2023-03-15,0.00259479233913941,8
2023-03-16,0.00194199473900814,8
2023-03-17,0.00193186125521443,8
2023-03-18,0.0021940024623959,8
2023-03-19,0.00210305311086589,8
2023-03-20,0.00236130513029269,8
2023-03-21,0.00210210940654275,8
2023-03-22,0.00263129999183749,8
2023-03-23,0.00207480858180805,8
2023-03-24,0.00171865074479729,8
2023-03-25,0.00287540286966156,8
2023-03-26,0.00218106172505778,8
2023-03-27,0.00402810270776446,8
2023-03-28,0.00410763143090712,8
2023-03-29,0.00426700958619962,8
2023-03-30,0.00396124769748546,8
2023-03-31,0.00310792058255135,8
2023-04-01,0.00322445187329396,8
2023-04-02,0.00362277055131746,8
2023-04-03,0.00516427756057536,8
2023-04-04,0.00504748878048023,8
2023-04-05,0.00503304240283526,8
2023-04-06,0.00405648231274935,8
2023-04-07,0.0038409611323604,8
2023-04-08,0.00410861558402536,8
2023-04-09,0.00432502846219154,8
2023-04-10,0.00434210751410833,8
2023-04-11,0.00480398678414362,8
2023-04-12,0.00436165151526603,8
2023-04-13,0.00458449939349601,8
2023-04-14,0.00438853934945303,8
2023-04-15,0.00474064043872959,8
2023-04-16,0.00583708398734882,8
2023-04-17,0.00574108921995877,8
2023-04-18,0.00635058603288057,8
2023-04-19,0.00539893994727226,8
2023-04-20,0.00508203862321309,8
2023-04-21,0.00564704302617172,8
2023-04-22,0.00499307224636357,8
2023-04-23,0.00525982922376206,8
2023-04-24,0.00550508711422681,8
2023-04-25,0.00693243716340167,8
2023-04-26,0.00570123499416501,8
2023-04-27,0.00652592435798818,8
2023-04-28,0.00613435609867376,8
2023-04-29,0.0059612611469859,8
2023-04-30,0.00617076671598213,8
2023-05-01,0.00549529065266428,8
2023-05-02,0.00445309503791644,8
2023-05-03,0.00430660652976308,8
2023-05-04,0.00425974837525335,8
2023-05-05,0.00529840253403,8
2023-05-06,0.00485991443823255,8
2023-05-07,0.004638351467856,8
2023-05-08,0.00372338993865924,8
2023-05-09,0.00305213433036275,8
2023-05-10,0.00287609736249189,8
2023-05-11,0.00265083616313022,8
2023-05-12,0.00303329863102857,8
2023-05-13,0.00270381891903561,8
2023-05-14,0.00332224711795482,8
2023-05-15,0.0036925604232819,8
2023-05-16,0.00327581685578934,8
2023-05-17,0.00295832588000259,8
2023-05-18,0.00278463805824573,8
2023-05-19,0.00277278993391467,8
2023-05-20,0.00271356420920381,8
2023-05-21,0.00204958358268863,8
2023-05-22,0.00246631558275285,8
2023-05-23,0.00277388648515629,8
2023-05-24,0.00281373087757413,8
2023-05-25,0.00287768376858092,8
2023-05-26,0.00265885764656425,8
2023-05-27,0.00239597978442577,8
2023-05-28,0.00269385426901803,8
2023-05-29,0.00266339276817847,8
2023-05-30,0.00257781983386907,8
2023-05-31,0.0034159764151234,8
2023-06-01,0.00338683002356455,8
2023-06-02,0.00273281814268333,8
2023-06-03,0.00281669690151228,8
2023-06-04,0.0025831223934947,8
2023-06-05,0.00258554173967551,8
2023-06-06,0.00232185473081742,8
2023-06-07,0.00282446026886458,8
2023-06-08,0.00264187466687052,8
2023-06-09,0.00218626026327634,8
2023-06-10,0.00280472860598643,8
2023-06-11,0.00221942649448105,8
2023-06-12,0.00357880013021892,8
2023-06-13,0.00314904277658649,8
2023-06-14,0.00354509184418788,8
2023-06-15,0.00324818016983164,8
2023-06-16,0.00273862970795249,8
2023-06-17,0.00290795094373429,8
2023-06-18,0.00293509699964792,8
2023-06-19,0.00241830099725997,8
2023-06-20,0.00226515950384916,8
2023-06-21,0.00211389886981409,8
2023-06-22,0.00357153795692992,8
2023-06-23,0.00147644762011172,8
2023-06-24,0.00143119029233207,8
2023-06-25,0.00077369210909869,8
2023-06-26,0.000978009036766063,8
2023-06-27,0.00101474343191938,8
2023-06-28,0.00104095358080353,8
2023-06-29,0.00112550054528965,8
2023-06-30,0.00147762104409758,8
2023-07-01,0.00117883446418808,8
2023-07-02,0.00160692847390287,8
2023-07-03,0.00116040210224882,8
2023-07-04,0.00116387106830632,8
2023-07-05,0.00132790116322405,8
2023-07-06,0.00124495758856514,8
2023-07-07,0.00109857329760209,8
2023-07-08,0.00110757111363275,8
2023-07-09,0.00104023004305813,8
2023-07-10,0.0010457109291301,8
2023-07-11,0.000929626744672549,8
2023-07-12,0.00105384072985105,8
2023-07-13,0.000969272945739339,8
2023-07-14,0.000895951830480428,8
2023-07-15,0.00101902650613569,8
2023-07-16,0.00113198351631278,8
2023-07-17,0.000963076850507051,8
2023-07-18,0.000942137154309869,8
2023-07-19,0.00108286775481565,8
2023-07-20,0.00125575288155787,8
2023-07-21,0.00113692765495157,8
2023-07-22,0.000972757480012233,8
2023-07-23,0.0013270565089878,8
2023-07-24,0.00103738003586308,8
2023-07-25,0.000970354084280439,8
2023-07-26,0.000979221644109423,8
2023-07-27,0.000942918838623621,8
2023-07-28,0.00123474431314617,8
2023-07-29,0.00139231443103735,8
2023-07-30,0.00124632004406624,8
2023-07-31,0.00140683045891026,8
2023-08-01,0.00135689403102828,8
2023-08-02,0.00163978971796791,8
2023-08-03,0.00157934205864676,8
2023-08-04,0.00147154177505128,8
2023-08-05,0.00145874007796612,8
2023-08-06,0.00114582696100755,8
2023-08-07,0.00114570551204981,8
2023-08-08,0.00104215011251084,8
2023-08-09,0.00094319176077986,8
2023-08-10,0.00107154910461246,8
2023-08-11,0.000783507149132952,8
2023-08-12,0.000941381470987535,8
2023-08-13,0.000806486629209921,8
2023-08-14,0.000859281537226742,8
2023-08-15,0.00116307241548311,8
2023-08-16,0.000984705654989693,8
2023-08-17,0.00124858394115972,8
2023-08-18,0.00191495149918196,8
2023-08-19,0.00210298956508359,8
2023-08-20,0.00207478207711127,8
2023-08-21,0.00214007012007161,8
2023-08-22,0.00218605940860054,8
2023-08-23,0.00158764261408785,8
2023-08-24,0.00156728350988176,8
2023-08-25,0.00136634496691315,8
2023-08-26,0.00197965680691776,8
2023-08-27,0.00188094867540079,8
2023-08-28,0.00183984127496122,8
2023-08-29,0.00172930804723584,8
2023-08-30,0.00217330487847828,8
2023-08-31,0.00193683441557686,8
2023-09-01,0.00229138886793785,8
2023-09-02,0.00211174111371418,8
2023-09-03,0.0022555219275648,8
2023-09-04,0.00160740515189441,8
2023-09-05,0.00145108629549864,8
2023-09-06,0.00140078941970491,8
2023-09-07,0.00162559561099079,8
2023-09-08,0.00157082033809771,8
2023-09-09,0.00158687931581292,8
2023-09-10,0.00151255236411847,8
2023-09-11,0.00165951926877282,8
2023-09-12,0.00143173763687714,8
2023-09-13,0.00128054211322513,8
2023-09-14,0.00155010686409107,8
2023-09-15,0.00151126069157991,8
2023-09-16,0.00152145843835732,8
2023-09-17,0.00483854284187564,8
2023-09-18,0.00140154870432951,8
2023-09-19,0.00146869137220768,8
2023-09-20,0.00130268150872606,8
2023-09-21,0.0013215370092198,8
2023-09-22,0.00142434744039355,8
2023-09-23,0.00152105975777194,8
2023-09-24,0.00179148766103383,8
2023-09-25,0.00197886123695958,8
2023-09-26,0.00143329132283911,8
2023-09-27,0.00196148515147981,8
2023-09-28,0.00160841740841224,8
2023-09-29,0.00196902616121891,8
2023-09-30,0.00209810692189824,8
2023-10-01,0.00190267574864325,8
2023-10-02,0.00145701075942288,8
2023-10-03,0.00218047118798789,8
2023-10-04,0.0013901584981837,8
2023-10-05,0.00359675184948899,8
2023-10-06,0.00161055796949138,8
2023-10-07,0.00176070259144495,8
2023-10-08,0.00169286309994774,8
2023-10-09,0.00164770848754757,8
2023-10-10,0.00173588777036613,8
2023-10-11,0.0011856298543072,8
2023-10-12,0.00149152153404652,8
2023-10-13,0.00156539774263609,8
2023-10-14,0.00141848262126997,8
2023-10-15,0.00154363199247358,8
2023-10-16,0.00164417982920402,8
2023-10-17,0.00159488632883556,8
2023-10-18,0.00161301258795187,8
2023-10-19,0.0018083348694166,8
2023-10-20,0.0018120828533014,8
2023-10-21,0.00184937070781128,8
2023-10-22,0.0017276324176904,8
2023-10-23,0.00180081063385875,8
2023-10-24,0.00184127568993005,8
2023-10-25,0.00187376879255381,8
2023-10-26,0.00181423361663605,8
2023-10-27,0.0016775241349409,8
2023-10-28,0.00156512895537806,8
2023-10-29,0.00181169944285429,8
2023-10-30,0.00182220575477065,8
2023-10-31,0.00162565914482035,8
2023-11-01,0.00161106274668401,8
2023-11-02,0.0017374146880584,8
2023-11-03,0.00150830690057148,8
2023-11-04,0.00146408168892418,8
2023-11-05,0.00150706897720813,8
2023-11-06,0.0022672228642578,8
2023-11-07,0.00261781326553691,8
2023-11-08,0.00224055770448433,8
2023-11-09,0.00162764770167819,8
2023-11-10,0.00158413862237825,8
2023-11-11,0.00146421733859969,8
2023-11-12,0.00177942652572353,8
2023-11-13,0.00142404095206545,8
2023-11-14,0.00134950295239787,8
2023-11-15,0.00147673839775604,8
2023-11-16,0.00112350413340205,8
2023-11-17,0.000875934317700779,8
2023-11-18,0.00108045336147671,8
2023-11-19,0.000875153232870881,8
2023-11-20,0.0012584779343502,8
2023-11-21,0.00105088847238499,8
2023-11-22,0.00140879297144922,8
2023-11-23,0.00136760678105357,8
2023-11-24,0.00144970119596785,8
2023-11-25,0.00137920059529597,8
2023-11-26,0.00139362763157401,8
2023-11-27,0.00129877597246271,8
2023-11-28,0.00108115837404494,8
2023-11-29,0.00129015958638654,8
2023-11-30,0.00116224656580677,8
2023-12-01,0.00109169759456515,8
2023-12-02,0.00120547862977285,8
2023-12-03,0.00132794932264994,8
2023-12-04,0.0011923373230742,8
2023-12-05,0.00121228842633819,8
2023-12-06,0.000938880247986755,8
2023-12-07,0.00102590278631277,8
2023-12-08,0.000843638648038396,8
2023-12-09,0.00077922251791244,8
2023-12-10,0.00107399564108355,8
2023-12-11,0.00107292565365799,8
2023-12-12,0.0011968156773335,8
2023-12-13,0.00136326705353932,8
2023-12-14,0.00109947806685903,8
2023-12-15,0.00113920747252291,8
2023-12-16,0.00113945555715987,8
2023-12-17,0.00126155763827696,8
2023-12-18,0.00138544631431023,8
2023-12-19,0.00147267930344473,8
2023-12-20,0.00122819892112487,8
2023-12-21,0.00163160304489681,8
2023-12-22,0.00135156340037607,8
2023-12-23,0.0013046408915244,8
2023-12-24,0.00125533806888,8
2023-12-25,0.00136885061646975,8
2023-12-26,0.00123265126748004,8
2023-12-27,0.00149568881635758,8
2023-12-28,0.00137184410073558,8
2023-12-29,0.00127383147185261,8
2023-12-30,0.00113461276850204,8
2023-12-31,0.0013187959782856,8
2024-01-01,0.00126788909618612,8
2024-01-02,0.001327488852844,8
2024-01-03,0.0011162251102709,8
2024-01-04,0.0010659884484921,8
2024-01-05,0.000887862886690937,8
2024-01-06,0.000924681892443677,8
2024-01-07,0.000926041163841188,8
2024-01-08,0.000887863613186346,8
2024-01-09,0.00127107830992944,8
2024-01-10,0.00115940489495974,8
2024-01-11,0.00100390517360799,8
2024-01-12,0.00104503255614722,8
2024-01-13,0.00107212786668802,8
2024-01-14,0.00131308332880398,8
2024-01-15,0.00182017150721385,8
2024-01-16,0.00138658415767389,8
2024-01-17,0.00188303320551285,8
2024-01-18,0.00154984153075421,8
2024-01-19,0.00162875819884102,8
2024-01-20,0.00160955698323429,8
2024-01-21,0.0016196731695563,8
2024-01-22,0.0016195724745843,8
2024-01-23,0.00174265801803563,8
2024-01-24,0.00174778388823703,8
2024-01-25,0.00154703973383679,8
2024-01-26,0.00158119555867914,8
2024-01-27,0.00168316653357979,8
2024-01-28,0.00167734044904668,8
2024-01-29,0.00131497498041541,8
2024-01-30,0.00128156085652642,8
2024-01-31,0.000804254614907221,8
2024-02-01,0.00114365493533483,8
2024-02-02,0.00121275691270843,8
2024-02-03,0.00103883484457616,8
2024-02-04,0.00119815179687003,8
2024-02-05,0.000845110504293463,8
2024-02-06,0.00081569307546051,8
2024-02-07,0.00140260280791805,8
2024-02-08,0.00131504292129094,8
2024-02-09,0.00121029683462944,8
2024-02-10,0.00120832288795781,8
2024-02-11,0.00105877223984569,8
2024-02-12,0.00134429361155822,8
2024-02-13,0.000990518481155208,8
2024-02-14,0.00129915822585224,8
2024-02-15,0.00134849983283758,8
2024-02-16,0.000809263420729819,8
2024-02-17,0.00105242292534117,8
2024-02-18,0.00129627832661929,8
2024-02-19,0.00133460063899006,8
2024-02-20,0.00129081225871607,8
2024-02-21,0.000971848666571579,8
2024-02-22,0.00127466107239545,8
2024-02-23,0.00122363887143695,8
2024-02-24,0.00115780634018367,8
2024-02-25,0.00146533205308233,8
2024-02-26,0.00123102508075156,8
2024-02-27,0.00143395930425213,8
2024-02-28,0.00134455376865488,8
2024-02-29,0.00142037784217409,8
2024-03-01,0.00129362715466006,8
2024-03-02,0.00168577612523928,8
2024-03-03,0.00152218545351933,8
2024-03-04,0.00188431172066559,8
2024-03-05,0.00131563745157033,8
2024-03-06,0.00185689801330042,8
2024-03-07,0.00122710298546665,8
2024-03-08,0.00195827960342595,8
2024-03-09,0.0012778012200471,8
2024-03-10,0.00140104285210377,8
2024-03-11,0.00150088271234618,8
2024-03-12,0.00138783571033727,8
2024-03-13,0.00125756394049769,8
2024-03-14,0.00112041978117514,8
2024-03-15,0.00110115950424578,8
2024-03-16,0.00123625887447272,8
2024-03-17,0.0013401230584088,8
2024-03-18,0.00119870159301435,8
2024-03-19,0.00120592822025358,8
2024-03-20,0.00100903391012969,8
2024-03-21,0.000837740488826708,8
2024-03-22,0.00072263053776331,8
2024-03-23,0.000887310487354967,8
2024-03-24,0.00122396918849291,8
2024-03-25,0.00132302941564102,8
2024-03-26,0.00115712707413035,8
2024-03-27,0.00095103881447991,8
2024-03-28,0.00131124789131744,8
2024-03-29,0.00119321449682009,8
2024-03-30,0.00121665547438576,8
2024-03-31,0.00106606519818686,8
2024-04-01,0.00153337621085343,8
2024-04-02,0.00127258841372109,8
2024-04-03,0.00120638726410123,8
2024-04-04,0.00163001574209861,8
2024-04-05,0.00119708310340921,8
2024-04-06,0.00149035342957874,8
2024-04-07,0.00120421883693952,8
2024-04-08,0.00133108181432436,8
2024-04-09,0.00136701545424006,8
2024-04-10,0.00125867462563902,8
2024-04-11,0.00146198578065331,8
2024-04-12,0.00140381210836258,8
2024-04-13,0.00127370532117098,8
2024-04-14,0.00122135342358378,8
2024-04-15,0.00147960685786359,8
2024-04-16,0.00213181865974974,8
2024-04-17,0.00128861044127304,8
2024-04-18,0.00150075873269059,8
2024-04-19,0.00135738349549073,8
2024-04-20,0.00124598679961959,8
2024-04-21,0.00130391596955671,8
2024-04-22,0.00134001496866255,8
2024-04-23,0.00141889839944632,8
2024-04-24,0.00212098327394632,8
2024-04-25,0.00156500833513713,8
2024-04-26,0.000816596184090736,8
2024-04-27,0.00138173262783636,8
2024-04-28,0.00155266326653473,8
2024-04-29,0.000746779477873194,8
2024-04-30,0.000785994750177017,8
2024-05-01,0.000959528825767467,8
2024-05-02,0.0013316376290069,8
2024-05-03,0.00112080555424949,8
2024-05-04,0.00124010548340115,8
2024-05-05,0.00126355810166246,8
2024-05-06,0.00138805664807336,8
2024-05-07,0.00123677860242997,8
2024-05-08,0.00133272980767883,8
2024-05-09,0.001103010264017,8
2024-05-10,0.00122482891945406,8
2024-05-11,0.00116030162805266,8
2024-05-12,0.00116314106376686,8
2024-05-13,0.0012476637992547,8
2024-05-14,0.00134753298134138,8
2024-05-15,0.00145604051441098,8
2024-05-16,0.00144551523682393,8
2024-05-17,0.00170918831099432,8
2024-05-18,0.00177440360378074,8
2024-05-19,0.00174420887281836,8
2024-05-20,0.00182945762460622,8
2024-05-21,0.00186123063228183,8
2024-05-22,0.00170905060332264,8
2024-05-23,0.00194508367415371,8
2024-05-24,0.00172081883879214,8
2024-05-25,0.00184506672895086,8
2024-05-26,0.00151008168661233,8
2024-05-27,0.00167209788041078,8
2024-05-28,0.00172645642104065,8
2024-05-29,0.00325113196932692,8
2024-05-30,0.00332544619164911,8
2024-05-31,0.00305530790395568,8
2024-06-01,0.00329875755035546,8
2024-06-02,0.00116735358383396,8
2024-06-03,0.00132030640285381,8
2024-06-04,0.00129579129504806,8
2024-06-05,0.0016647704110022,8
2024-06-06,0.00180610863881343,8
2024-06-07,0.00161446847704827,8
2024-06-08,0.00140014802414314,8
2024-06-09,0.00161117953588364,8
2024-06-10,0.00150930269373042,8
2024-06-11,0.00136624643952759,8
2024-06-12,0.00173557721564381,8
2024-06-13,0.00177825509551819,8
2024-06-14,0.00159152058196423,8
2024-06-15,0.00131365555593593,8
2024-06-16,0.00128298459917299,8
2024-06-17,0.00110140851484828,8
2024-06-18,0.00114795341833383,8
2024-06-19,0.00107416420183408,8
2024-06-20,0.00169790213582478,8
2024-06-21,0.00154635610219587,8
2024-06-22,0.00163068329154805,8
2024-06-23,0.00173357140616834,8
2024-06-24,0.0012143577764569,8
2024-06-25,0.00116626920459257,8
2024-06-26,0.00114502593723561,8
2024-06-27,0.00111229043047023,8
2024-06-28,0.00106062211006821,8
2024-06-29,0.000996148261656494,8
2024-06-30,0.00100457125649131,8
2024-07-01,0.000994473590563191,8
2024-07-02,0.000767996834886822,8
2024-07-03,0.00106749116797346,8
2024-07-04,0.001009559950623,8
2024-07-05,0.00120858965015378,8
2024-07-06,0.00119730146463676,8
2024-07-07,0.00103863030955944,8
2024-07-08,0.00107769956203763,8
2024-07-09,0.00117799644823766,8
2024-07-10,0.00121597318570799,8
2024-07-11,0.000973596267181915,8
2024-07-12,0.000951283518500579,8
2024-07-13,0.000866562123660269,8
2024-07-14,0.000933302370033465,8
2024-07-15,0.000739756101833998,8
2024-07-16,0.00106971209071659,8
2024-07-17,0.00106988698997771,8
2024-07-18,0.00116123574138456,8
2024-07-19,0.000824127163823064,8
2024-07-20,0.00112067385746449,8
2024-07-21,0.000834575667196374,8
2024-07-22,0.001222230159891,8
2024-07-23,0.00183673756379625,8
2024-07-24,0.00144856072778529,8
2024-07-25,0.00150081074024246,8
2024-07-26,0.00151536707567701,8
2024-07-27,0.00192503682931851,8
2024-07-28,0.00200664234987992,8
2024-07-29,0.00129487824794744,8
2024-07-30,0.00150143419409733,8
2024-07-31,0.00150553472760446,8
2024-08-01,0.00150956884311162,8
2024-08-02,0.00117033368747306,8
2024-08-03,0.000973078406293503,8
2024-08-04,0.00105934143043652,8
2024-08-05,0.00108746262058232,8
2024-08-06,0.000867076047951349,8
2024-08-07,0.000967488726902914,8
2024-08-08,0.000891576056114727,8
2024-08-09,0.00138636575852833,8
2024-08-10,0.00110678520574266,8
2024-08-11,0.00192992270713685,8
2024-08-12,0.00143369735240401,8
2024-08-13,0.00111794556716034,8
2024-08-14,0.00110340539182517,8
2024-08-15,0.00112295858815468,8
2024-08-16,0.00132717340504061,8
2024-08-17,0.00142191323627732,8
2024-08-18,0.00109312478695334,8
2024-08-19,0.00131156854085108,8
2024-08-20,0.00182824774514399,8
2024-08-21,0.00180113122125307,8
2024-08-22,0.00141917983412792,8
2024-08-23,0.00171735713835834,8
2024-08-24,0.00158765167998104,8
2024-08-25,0.00170122056176081,8
2024-08-26,0.00156347712904114,8
2024-08-27,0.00159636566846661,8
2024-08-28,0.00206090688629265,8
2024-08-29,0.00149098236804978,8
2024-08-30,0.00101487953672497,8
2024-08-31,0.0015491398133563,8
2024-09-01,0.00116231428256282,8
2024-09-02,0.00129735643055847,8
2024-09-03,0.00381568377380971,8
2024-09-04,0.00148777423993483,8
2024-09-05,0.00178612723754119,8
2024-09-06,0.00172052455744753,8
2024-09-07,0.00178086885654819,8
2024-09-08,0.00199511519896674,8
2024-09-09,0.00166725634896468,8
2024-09-10,0.00158931447418012,8
2024-09-11,0.00176233805329163,8
2024-09-12,0.00204728615852206,8
2024-09-13,0.00183566703830024,8
2024-09-14,0.00213193013500746,8
2024-09-15,0.00250340736926259,8
2024-09-16,0.00234999978313783,8
2024-09-17,0.00233650886471222,8
2024-09-18,0.00201174413963211,8
2024-09-19,0.0021162337199904,8
2024-09-20,0.00219855949864303,8
2024-09-21,0.00244379447846637,8
2024-09-22,0.0023746689658781,8
2024-09-23,0.00258309752634772,8
2024-09-24,0.00232715898231824,8
2024-09-25,0.00255001163539562,8
2024-09-26,0.00244235440036699,8
2024-09-27,0.0028377846908818,8
2024-09-28,0.00285756151361503,8
2024-09-29,0.00274462215975296,8
2024-09-30,0.00286269959202292,8
2024-10-01,0.00287498896239536,8
2024-10-02,0.00314191211125019,8
2024-10-03,0.00278984397147601,8
2024-10-04,0.00251145773321706,8
2024-10-05,0.00254223534109602,8
2024-10-06,0.00293548429658776,8
2024-10-07,0.00188236832721231,8
2024-10-08,0.00182456365633645,8
2024-10-09,0.002158358288464,8
2024-10-10,0.00266932323509723,8
2024-10-11,0.00241109830102086,8
2024-10-12,0.00284635432607618,8
2024-10-13,0.00257108426997905,8
2024-10-14,0.00325862216527584,8
2024-10-15,0.00303464237792109,8
2024-10-16,0.00274505975399445,8
2024-10-17,0.00269863570272552,8
2024-10-18,0.0027168486631509,8
2024-10-19,0.00273290806671131,8
2024-10-20,0.00285373281150969,8
2024-10-21,0.00300916241548451,8
2024-10-22,0.00282389844755885,8
2024-10-23,0.00260554200025245,8
2024-10-24,0.00272920774272609,8
2024-10-25,0.0025425497992144,8
2024-10-26,0.00274715439313778,8
2024-10-27,0.00255763850606961,8
2024-10-28,0.00222634298785043,8
2024-10-29,0.00222911604827807,8
2024-10-30,0.00227368229466442,8
2024-10-31,0.00289566634109709,8
2024-11-01,0.00228310163794237,8
2024-11-02,0.00221681166253997,8
2024-11-03,0.00233505155657309,8
2024-11-04,0.0025055144057653,8
2024-11-05,0.00179579667165978,8
2024-11-06,0.00281709413780096,8
2024-11-07,0.00215902107031847,8
2024-11-08,0.00211388168846214,8
2024-11-09,0.00216376644674097,8
2024-11-10,0.00241067030928381,8
2024-11-11,0.00246918274615263,8
2024-11-12,0.00251833457817497,8
2024-11-13,0.00249668364794113,8
2024-11-14,0.00275295315519038,8
2024-11-15,0.0025630348725284,8
2024-11-16,0.00314813276600523,8
2024-11-17,0.00229971904494342,8
2024-11-18,0.00217248135029693,8
2024-11-19,0.00234426569274456,8
2024-11-20,0.00191045481497144,8
2024-11-21,0.00206379565764602,8
2024-11-22,0.00223382960016431,8
2024-11-23,0.00228596179629947,8
2024-11-24,0.00221478475516988,8
2024-11-25,0.0019914280523219,8
2024-11-26,0.00235191825951887,8
2024-11-27,0.00267050134093067,8
2024-11-28,0.0021906623448417,8
2024-11-29,0.00231084088427525,8
2024-11-30,0.00188645351743875,8
2024-12-01,0.00221692140016896,8
2024-12-02,0.00235271899106789,8
2024-12-03,0.00385108748566304,8
2024-12-04,0.00199962451476823,8
2024-12-05,0.00198369327838408,8
2024-12-06,0.00198965107042183,8
2024-12-07,0.00164705590928578,8
2024-12-08,0.00221184166758324,8
2024-12-09,0.00231080894604891,8
2024-12-10,0.00205645153341325,8
2024-12-11,0.002319176050062,8
2024-12-12,0.00318860062441405,8
2024-12-13,0.00323634136494443,8
2024-12-14,0.00317838218740567,8
2024-12-15,0.00328425343526706,8
2024-12-16,0.00326588859942543,8
2024-12-17,0.00325232837666629,8
2024-12-18,0.0025098618979922,8
2024-12-19,0.00251229312090082,8
2024-12-20,0.00241317103497817,8
2024-12-21,0.00289604647137001,8
2024-12-22,0.00288716251384551,8
2024-12-23,0.00283165931173297,8
2024-12-24,0.00295393422223708,8
2024-12-25,0.00258886754418964,8
2024-12-26,0.00229205930759635,8
2024-12-27,0.00209562369523205,8
2024-12-28,0.00230828060105418,8
2024-12-29,0.0022819392874987,8
2024-12-30,0.00214109121430466,8
2024-12-31,0.00245272187221475,8
2025-01-01,0.00212402147335383,8
2025-01-02,0.00365998434457928,8
2025-01-03,0.00336812965721975,8
2025-01-04,0.00302561373931177,8
2025-01-05,0.00288795815976655,8
2025-01-06,0.00231334923013182,8
2025-01-07,0.0023503442438381,8
2025-01-08,0.00254618206189791,8
2025-01-09,0.00245387436310104,8
2025-01-10,0.00218857356816868,8
2025-01-11,0.00185844164538506,8
2025-01-12,0.002313954111489,8
2025-01-13,0.00187058702160739,8
2025-01-14,0.00238824106270419,8
2025-01-15,0.00201703945240003,8
2025-01-16,0.0024442368723559,8
2025-01-17,0.00222692388174885,8
2025-01-18,0.00227691339598451,8
2025-01-19,0.00220068893284016,8
2025-01-20,0.00214880410095792,8
2025-01-21,0.00242081520632174,8
2025-01-22,0.00194429662408989,8
2025-01-23,0.00205046821083733,8
2025-01-24,0.00211579753225688,8
2025-01-25,0.00239721519824106,8
2025-01-26,0.00224805718015185,8
2025-01-27,0.00217719124631665,8
2025-01-28,0.00188048529158894,8
2025-01-29,0.00188427118066223,8
2025-01-30,0.00205356605116955,8
2025-01-31,0.001929961392285,8
2025-02-01,0.00200517024416936,8
2025-02-02,0.00185837742478747,8
2025-02-03,0.0024748057279956,8
2025-02-04,0.00137569229747195,8
2025-02-05,0.0017582144788055,8
2025-02-06,0.00203462606991242,8
2025-02-07,0.00225499308046739,8
2025-02-08,0.00224131906372021,8
2025-02-09,0.00225490921082282,8
2025-02-10,0.00178836148689416,8
2025-02-11,0.00138971342183267,8
2025-02-12,0.00178301227345228,8
2025-02-13,0.00179567191655905,8
2025-02-14,0.00175882906787214,8
2025-02-15,0.00178276616572449,8
2025-02-16,0.00172405638416518,8
2025-02-17,0.00174008137991949,8
2025-02-18,0.00180404370238961,8
2025-02-19,0.00189374890106446,8
2025-02-20,0.00158110376548537,8
2025-02-21,0.0017555883445853,8
2025-02-22,0.00160629423869777,8
2025-02-23,0.00161618293592809,8
2025-02-24,0.00161314609609757,8
2025-02-25,0.0018312336075699,8
2025-02-26,0.00152549991739927,8
2025-02-27,0.00150419330876921,8
2025-02-28,0.00153512537178194,8
2025-03-01,0.00151352249762089,8
2025-03-02,0.0016080807318927,8
2025-03-03,0.00139671084919778,8
2025-03-04,0.00148517708427244,8
2025-03-05,0.00153017077324101,8
2025-03-06,0.0017341101956645,8
2025-03-07,0.00169263384398234,8
2025-03-08,0.00173272323040914,8
2025-03-09,0.0010381197879861,8
2025-03-10,0.00137649288953332,8
2025-03-11,0.00151550073337562,8
2025-03-12,0.00132988619015591,8
2025-03-13,0.0016040626803982,8
2025-03-14,0.00127920904486947,8
2025-03-15,0.00157111320480903,8
2025-03-16,0.00138353944596575,8
2025-03-17,0.00106903260781625,8
2025-03-18,0.00141312176927925,8
2025-03-19,0.00135738085410305,8
2025-03-20,0.00109872749181141,8
2025-03-21,0.000899587419551747,8
2025-03-22,0.00100319838202981,8
2025-03-23,0.000999022350682119,8
2025-03-24,0.00123947072507823,8
2025-03-25,0.00101214931549042,8
2025-03-26,0.00107974156493293,8
2025-03-27,0.00091320441013427,8
2025-03-28,0.000931510183170378,8
2025-03-29,0.00121005344435897,8
2025-03-30,0.00105721995350843,8
2025-03-31,0.00087373322548627,8
2025-04-01,0.00101335446603073,8
2025-04-02,0.00170475957843602,8
2025-04-03,0.000960798045992389,8
2025-04-04,0.00144541638597362,8
2025-04-05,0.000911878775474867,8
2025-04-06,0.000955787828644423,8
2025-04-07,0.00131989816872981,8
2025-04-08,0.00137718925758965,8
2025-04-09,0.00142664194117709,8
2025-04-10,0.00123467661218495,8
2025-04-11,0.00343949870495073,8
2025-04-12,0.00364632136980753,8
2025-04-13,0.00160181231592712,8
2025-04-14,0.00138968570639956,8
2025-04-15,0.00158735858709017,8
2025-04-16,0.00161365635104894,8
2025-04-17,0.00109618081384962,8
2025-04-18,0.00275257333769811,8
2025-04-19,0.00102393383541732,8
2025-04-20,0.00295675101458421,8
2025-04-21,0.00305689236317062,8
2025-04-22,0.00254596354522008,8
2025-04-23,0.000798870618072881,8
2025-04-24,0.00154042865764657,8
2025-04-25,0.00288631265767209,8
2025-04-26,0.00133007428246518,8
2025-04-27,0.00101740447793083,8
2025-04-28,0.00152146258262089,8
2025-04-29,0.00273026230536732,8
2025-04-30,0.00289586108422253,8
2025-05-01,0.00301585602629908,8
2025-05-02,0.00169933359429897,8
2025-05-03,0.00151647472917158,8
2025-05-04,0.00141751736377401,8
2025-05-05,0.00159391460093476,8
2025-05-06,0.000948504574957461,8
2025-05-07,0.000831703465301373,8
2025-05-08,0.0014109889509845,8
2025-05-09,0.00145592240162427,8
2025-05-10,0.00164970198324291,8
2025-05-11,0.00132502471784088,8
2025-05-12,0.00108041269999694,8
2025-05-13,0.000782819904673578,8
2025-05-14,0.000822511234174672,8
2025-05-15,0.000837173138891394,8
2025-05-16,0.00112453842858517,8
2025-05-17,0.000530823165266989,8
2025-05-18,0.000675141015767206,8
2025-05-19,0.000596476327951826,8
2025-05-20,0.000413909634844495,8
2025-05-21,0.000402832080375084,8
2025-05-22,0.000870173722573881,8
2025-05-23,0.000980661486318662,8
2025-05-24,0.00096238080725164,8
2025-05-25,0.000846994479983776,8
2025-05-26,0.000571991090301716,8
2025-05-27,0.000564801127283199,8
2025-05-28,0.000584176012138499,8
2025-05-29,0.000645654336995795,8
2025-05-30,0.000717163147430823,8
2025-05-31,0.000646622610032994,8
2025-06-01,0.00076752213947256,8
2025-06-02,0.000760241520004214,8
2025-06-03,0.000615800996641764,8
2025-06-04,0.000738745263284538,8
2025-06-05,0.000706389032904838,8
2025-06-06,0.000563914636237755,8
2025-06-07,0.000525858708738287,8
2025-06-08,0.000536835391366562,8
2025-06-09,0.000507674040386348,8
2025-06-10,0.0004211480852139,8
2025-06-11,0.00101297147446385,8
2025-06-12,0.000444057839476698,8
2025-06-13,0.000348876611090596,8
2025-06-14,0.000361825180105298,8
2025-06-15,0.000572873342234424,8
2025-06-16,0.000448933424732559,8
2025-06-17,0.0012578193609456,8
2025-06-18,0.000872582160215092,8
2025-06-19,0.000963644749075913,8
2025-06-20,0.000895162071743853,8
2025-06-21,0.00052577573212391,8
2025-06-22,0.000908052034625247,8
2025-06-23,0.00104965105871621,8
2025-06-24,0.000977401085129738,8
2025-06-25,0.000993821702595798,8
2025-06-26,0.00127092437113558,8
2025-06-27,0.000928601874517797,8
2025-06-28,0.00151420775604153,8
2025-06-29,0.000980348456877304,8
2025-06-30,0.00142455886093464,8
2025-07-01,0.00131738011149635,8
2025-07-02,0.000772276155233927,8
2025-07-03,0.0011925750467347,8
2025-07-04,0.00115128633574424,8
2025-07-05,0.000349891970830002,8
2025-07-06,0.0019930117444634,8
2025-07-07,0.00204126934804338,8
2025-07-08,0.000296884674653093,8
2025-07-09,0.000337524010338993,8
2025-07-10,0.000974014124026221,8
2025-07-11,0.000822840710952796,8
2025-07-12,0.000904030576073663,8
2025-07-13,0.00127943867323312,8
2025-07-14,0.000556882396217294,8
2025-07-15,0.000633990172948037,8
2025-07-16,0.000931284690295055,8
2025-07-17,0.00102691934923376,8
2025-07-18,0.000867058091120818,8
2025-07-19,0.00113840000733701,8
2025-07-20,0.00118873847417005,8
2025-07-21,0.000984534220769571,8
2025-07-22,0.00185055880880473,8
2025-07-23,0.00241897772430005,8
2025-07-24,0.00171815341015479,8
2025-07-25,0.00199467527810574,8
2025-07-26,0.00187168106613974,8
2025-07-27,0.0020702257633168,8
2025-07-28,0.00184307290028342,8
2025-07-29,0.00105107030316132,8
2025-07-30,0.00105503671763781,8
2025-07-31,0.00103226745693275,8
2025-08-01,0.000572144082304164,8
2025-08-02,0.000934915218447664,8
2025-08-03,0.000493395417162711,8
2025-08-04,0.000740106796354314,8
2025-08-05,0.00106326687322781,8
2025-08-06,0.000499811667474178,8
2025-08-07,0.00190860238355554,8
2025-08-08,0.000593230481981057,8
2025-08-09,0.000651615441772713,8
2025-08-10,0.00107064499505314,8
2025-08-11,0.000582440727599783,8
2025-08-12,0.00054024519021995,8
2025-08-13,0.000803615435825813,8
2025-08-14,0.000585810441780336,8
2025-08-15,0.00174175333028038,8
2025-08-16,0.00103625306257304,8
2025-08-17,0.000564601389769724,8
2025-08-18,0.00131030860178982,8
2025-08-19,0.000683746648328307,8
2025-08-20,0.000673894787434652,8
2025-08-21,0.00204868259950768,8
2025-08-22,0.000432902244370697,8
2025-08-23,0.000452725419905627,8
2025-08-24,0.000568078477637204,8
2025-08-25,0.00113964805461843,8
2025-08-26,0.000867104672027598,8
2025-08-27,0.000977940358752058,8
2025-08-28,0.000869746049499334,8
2025-08-29,0.00103203874453176,8
2025-08-30,0.000950517289713613,8
2025-08-31,0.000870042547118361,8
2025-09-01,0.00139625725267435,8
2025-09-02,0.00141969789408686,8
2025-09-03,0.00154728641827324,8
2025-09-04,0.0017051435343822,8
2025-09-05,0.00173553887446431,8
2025-09-06,0.00175047583543162,8
2025-09-07,0.0016467551019192,8
2025-09-08,0.00129482713927782,8
2025-09-09,0.00224546875224398,8
2025-09-10,0.00129943069892048,8
2025-09-11,0.00131113303128772,8
2025-09-12,0.000650192711516271,8
2025-09-13,0.00110214742313376,8
2025-09-14,0.000593298879086203,8
2025-09-15,0.000794600551343168,8
2025-09-16,0.000744942619107532,8
2025-09-17,0.000812252786237374,8
2025-09-18,0.000861546686746684,8
2025-09-19,0.000804502949996269,8
2025-09-20,0.000725924152086193,8
2025-09-21,0.000786887093461306,8
2025-09-22,0.000463312796960654,8
2025-09-23,0.000551722703137873,8
2025-09-24,0.000626932062692003,8
2025-09-25,0.000488848217899112,8
2025-09-26,0.000568216219011547,8
2025-09-27,0.000577559791970816,8
2025-09-28,0.000491458565552157,8
2025-09-29,0.000524416841396311,8
2025-09-30,0.000450743218927836,8
2025-10-01,0.000434354408206997,8
2025-10-02,0.000693267594005638,8
2025-10-03,0.000768362275919214,8
2025-10-04,0.00071179271789599,8
2025-10-05,0.000730098371464179,8
2025-10-06,0.00110004062731191,8
2025-10-07,0.00128319221568133,8
2025-10-08,0.00136023491862887,8
2025-10-09,0.000837834618831636,8
2025-10-10,0.000769956770707176,8
2025-10-11,0.00118326969412381,8
2025-10-12,0.00054746000376291,8
2025-10-13,0.000605451489185723,8
2025-10-14,0.000716668411401196,8
2025-10-15,0.000468210264932502,8
2025-10-16,0.000500903094503618,8
2025-10-17,0.000886447593325527,8
2025-10-18,0.000510728814677018,8
2025-10-19,0.000508210123759851,8
2025-10-20,0.000551757452815159,8
2025-10-21,0.000474328910384701,8
2025-10-22,0.000463183685213753,8
2025-10-23,0.000716538218863424,8
2025-10-24,0.000376015561659099,8
2025-10-25,0.000353691009137706,8
2025-10-26,0.000567396193807352,8
2025-10-27,0.000449217790868568,8
2025-10-28,0.000802083198956808,8
2025-10-29,0.00063993860071097,8
2025-10-30,0.000523177981998889,8
2025-10-31,0.000451044084906123,8
2025-11-01,0.000479800492741074,8
2025-11-02,0.000451786861736754,8
2025-11-03,0.000504030706144549,8
2025-11-04,0.000392930427192656,8
2025-11-05,0.000918119272188417,8
2025-11-06,0.000859173233726563,8
2025-11-07,0.000430349108519416,8
2025-11-08,0.00061347661751831,8
2025-11-09,0.000374014064022677,8
2025-11-10,0.000219798805151937,8
2025-11-11,0.000193245746738063,8
2025-11-12,0.000489932343378092,8
2025-11-13,0.00064777667628483,8
2025-11-14,0.000658333092043983,8
2025-11-15,0.000778336600234879,8
2025-11-16,0.000679389801369678,8
2025-11-17,0.000848856888477156,8
2025-11-18,0.000637628958183926,8
2025-11-19,0.000778469747277288,8
2025-11-20,0.000829818670641399,8
2025-11-21,0.000968007403348446,8
2025-11-22,0.000945296983023741,8
2025-11-23,0.000949786925004618,8
2025-11-24,0.000904967435551458,8
2025-11-25,0.000976231187521281,8
2025-11-26,0.000916011001103441,8
2025-11-27,0.000857735834946913,8
2025-11-28,0.000946524117966505,8
2025-11-29,0.000957126607222163,8
2025-11-30,0.000866132827491087,8
2025-12-01,0.000994315503820525,8
2025-12-02,0.000864638932447769,8
2025-12-03,0.000723454635720948,8
2025-12-04,0.000668609123531459,8
2025-12-05,0.000628239081291449,8
2025-12-06,0.000593651068281304,8
2025-12-07,0.000820123416937118,8
2025-12-08,0.000792198060056671,8
2025-12-09,0.000817793892070562,8
2025-12-10,0.000896460138155555,8
2025-12-11,0.000809036932498212,8
2025-12-12,0.000907689422444424,8
2025-12-13,0.00117555148564398,8
2025-12-14,0.000840923931792777,8
2025-12-15,0.000435126159139917,8
2025-12-16,0.000535383484361096,8
2025-12-17,0.00030361432659172,8
2025-12-18,0.000376119426130374,8
2025-12-19,0.000223614841443363,8
2025-12-20,0.000335902424465604,8
2025-12-21,0.000238061989062664,8
2025-12-22,0.000408578112419653,8
2025-12-23,0.000589981785564458,8
2025-12-24,0.00130797369503081,8
2025-12-25,0.0013874243730306,8
2025-12-26,0.00154670540041525,8
2025-12-27,0.00169307663446553,8
2025-12-28,0.00172106909615485,8
2025-12-29,0.00146079459782466,8
2025-12-30,0.00138145494794939,8
2025-12-31,0.00123317865267193,8
2026-01-01,0.00148072762154778,8
2026-01-02,0.000497253555992507,8
2026-01-03,0.000572455775567236,8
2026-01-04,0.000936886970902494,8
2026-01-05,0.000314438707174029,8
2026-01-06,0.000570718319118064,8
2026-01-07,0.000538132829398341,8
2026-01-08,0.000705497281040834,8
2026-01-09,0.000654004897106129,8
2026-01-10,0.000651569021943188,8
2026-01-11,0.000706366075127714,8
2026-01-12,0.000721250045006867,8
2026-01-13,0.000979430992059984,8
2026-01-14,0.00112401662066436,8
2026-01-15,0.00105255395906948,8
2026-01-16,0.000887408341152658,8
2026-01-17,0.00122376304111176,8
2026-01-18,0.000622743585023347,8
2026-01-19,0.0010081868490764,8
2026-01-20,0.000917057410260109,8
2026-01-21,0.00133375215091481,8
2026-01-22,0.00144041896831263,8
2026-01-23,0.00141430427730514,8
2026-01-24,0.00140294521103897,8
2026-01-25,0.00147306489935638,8
2026-01-26,0.00173004652079745,8
2026-01-27,0.00141202194190543,8
2026-01-28,0.00176925272929279,8
2026-01-29,0.00163640802318186,8
2026-01-30,0.001527037406751,8
2026-01-31,0.00145174142484261,8
2026-02-01,0.00151591422118599,8
2026-02-02,0.00162842473474245,8
2026-02-03,0.00122619157699914,8
2026-02-04,0.00119619429009109,8
2026-02-05,0.00095441480491854,8
2026-02-06,0.00111719814473074,8
2026-02-07,0.000775288172973392,8
2026-02-08,0.00094783994718554,8
2026-02-09,0.00115999378487564,8
2026-02-10,0.00059860347703015,8
2026-02-11,0.000829293369640363,8
2026-02-12,0.000952501976596256,8
2026-02-13,0.000796548086182565,8
2026-02-14,0.000727258600650511,8
2026-02-15,0.000663729231253039,8
2026-02-16,0.000656021789387925,8
2026-02-17,0.00049999755152732,8
2026-02-18,0.00124311481726638,8
2026-02-19,0.00129180326796004,8
2026-02-20,0.00117299055343779,8
2026-02-21,0.00113817499812417,8
2026-02-22,0.000800532674757574,8
2026-02-23,0.000798430658737656,8
2026-02-24,0.00117490149522977,8
2026-02-25,0.00117275673372802,8
2026-02-26,0.00122703260383563,8
2026-02-27,0.000745411432801958,8
2026-02-28,0.000501363284700399,8
2026-03-01,0.000685060126314032,8
2026-03-02,0.0013881991914281,8
2026-03-03,0.00191220135441486,8
2026-03-04,0.00195386769549183,8
2026-03-05,0.00375786030004051,8
2026-03-06,0.000872196788543084,8
2026-03-07,0.0030373772695113,8
2026-03-08,0.00338563321528411,8
2026-03-09,0.00100519325593068,8
2026-03-10,0.000950824440293869,8
2026-03-11,0.00341210016060134,8
2026-03-12,0.00105785920150934,8
2026-03-13,0.00168587714048308,8
2026-03-14,0.00108948539403866,8
2026-03-15,0.00102482609937645,8
2026-03-16,0.000751774150456589,8
2026-03-17,0.00090282908638864,8
2026-03-18,0.000926426637714535,8
2026-03-19,0.00295433295109877,8
2026-03-20,0.00260267775627774,8
2026-03-21,0.00190383518384979,8
2026-03-22,0.0186906669341076,8
2026-03-23,0.019436232145477,8
2026-03-24,0.0186366916050334,8
2026-03-25,0.0189345343833024,8
2026-03-26,0.0187813096467786,8
2026-03-27,0.000963542318602334,8
2026-03-28,0.000919530981729261,8
2026-03-29,0.00102972460028869,8
2026-03-30,0.000841189575817804,8
2026-03-31,0.000881422597290155,8
2026-04-01,0.00142515306368416,8
2026-04-02,0.00168893460565887,8
2026-04-03,0.0018147816179591,8
2026-04-04,0.00171774736063508,8
2026-04-05,0.00168839047383833,8
2026-04-06,0.00163357388460756,8
2026-04-07,0.000897429096875272,8
2026-04-08,0.00116002463545336,8
2026-04-09,0.00113778285107667,8
2026-04-10,0.00156224889201325,8
2026-04-11,0.00143753035013029,8
2026-04-12,0.00198703843231535,8
2026-04-13,0.00136619581249853,8
2026-04-14,0.00151893975944275,8
2026-04-15,0.000943073439894564,8
2026-04-16,0.000774754362970195,8
2026-04-17,0.00121543351779963,8
2026-04-18,0.00142983607350313,8
2026-04-19,0.000816980243216952,8
2026-04-20,0.000773227456290133,8
2026-04-21,0.000625938350014752,8
2026-04-22,0.000715631529165218,8
2026-04-23,0.00107180919080465,8
2026-04-24,0.000589357807140775,8
2026-04-25,0.000688828512329491,8
2026-04-26,0.00167086883835865,8
2026-04-27,0.00125042160728627,8
2026-04-28,0.000901164800596721,8
2026-04-29,0.00102618845998091,8
2026-04-30,0.000980738179228208,8
2026-05-01,0.000663578216113095,8
2026-05-02,0.000692158537031219,8
2026-05-03,0.00105273780615087,8
2026-05-04,0.00110459129044431,8
2026-05-05,0.00102387547710364,8
2026-05-06,0.00136073492040742,8
2026-05-07,0.000785574910092845,8
2026-05-08,0.000565863732685787,8
2026-05-09,0.000727482109215344,8
2026-05-10,0.000706823891086636,8
2026-05-11,0.000553587266663191,8
2026-05-12,0.0010260571851454,8
2026-05-13,0.000797337453506737,8
2026-05-14,0.00110908061388393,8
2026-05-15,0.00153920898290977,8
2026-05-16,0.000877296433036803,8
2026-05-17,0.000343962726758977,8
2026-05-18,0.000560018412270814,8
2026-05-19,0.000659755428657881,8
2026-05-20,0.00139151906710133,8
2026-05-21,0.000338828094688798,8
2026-05-22,0.000404762646474486,8
2026-05-23,0.000785477174212086,8
2026-05-24,0.00121211243755643,8
2026-05-25,0.00142939869267905,8
2026-05-26,0.000729068636960664,8
2026-05-27,0.000581116005262939,8
2026-05-28,0.000265859468063919,8
2026-05-29,0.000266370770349429,8
2026-05-30,0.000274505071490998,8
2026-05-31,0.000836393768034621,8
